route_id,route_name,stop_order,stop_id,name,lat,lng,type,near,near_m,homes_nearby,state,photo_required,arrival_radius_m,notes,group_id,group_name,group_stop_order,score,pts_traffic,pts_big_homes,pts_anchor,pts_entrance,pts_signal,signal,why_picked,cluster,big_homes_800m,why,source_place_ids,signal_osm_node_ids,source_road_node
R01,McLean,1,R01-S01,Military Rd & 36th St North,38.917675,-77.119124,neighborhood entrance,,,943,VA,True,50,,R01-G1,North Glebe & North Dittmar,1,5.89,2.5,2.37,0,1.02,0,False,quarter-mile on Military Road,R01-G1,284,entrance to a neighborhood of about 409 homes with 4 entrances; on a busy road; 284 large homes and 943 houses within 800 m,,,ae8b703a-1b8c-4c45-a899-95bcb5377fee
R01,McLean,2,R01-S02,Military Rd & 37th St North,38.92073,-77.120596,park / playground,Glebe Road Park,238,867,VA,True,50,,R01-G1,North Glebe & North Dittmar,2,5.67,2.5,2.17,1.0,0,0,False,quarter-mile on Military Road,R01-G1,261,Glebe Road Park (park / playground) is 238 m away; on a busy road; 261 large homes and 867 houses within 800 m,619a8f10-5f06-4a85-bfb2-b4b07ef1f9c2,,2291a852-bb8f-41b8-bbdf-c23459d8baa1
R01,McLean,3,R01-S03,North Old Glebe Rd & North Randolph St,38.926173,-77.121289,busy intersection,,,545,VA,True,50,,R01-G1,North Glebe & North Dittmar,3,5.3,3,1.92,0,0.38,0,False,quarter-mile on North Old Glebe Road,R01-G1,230,entrance to a neighborhood of about 77 homes with 2 entrances; on a main road; 230 large homes and 545 houses within 800 m,,,eb811187-3387-42cf-acda-5f9466351afd
R01,McLean,4,R01-S04,North Glebe Rd & North Tazewell St,38.922959,-77.128166,church,St. Peter's Episcopal Church,115,1021,VA,True,50,,R01-G1,North Glebe & North Dittmar,4,7.1,3,2.44,1.5,0.16,0,False,quarter-mile on North Glebe Road,R01-G1,293,St. Peter's Episcopal Church (church) is 115 m away; entrance to a neighborhood of about 31 homes with 2 entrances; on a main road; 293 large homes and 1021 houses within 800 m,b57fb9ab-ebf7-44b0-b6df-656ffa38c90f,,dc2d1350-d770-4238-8664-6301ff888c3c
R01,McLean,5,R01-S05,North Glebe Rd & North Chesterbrook Rd,38.920641,-77.130597,stoplight,,,1087,VA,True,50,Set back from the corner so drivers stopped at the light can read it.,R01-G1,North Glebe & North Dittmar,5,8.47,3,2.48,0,0,3.0,True,stoplight,R01-G1,297,traffic light here (OpenStreetMap); on a main road; 297 large homes and 1087 houses within 800 m,,63333154;2838744814,992ee260-773e-4f18-a598-607a1ce5dd55
R01,McLean,6,R01-S06,North Glebe Rd & North Woodstock St,38.91862,-77.134313,neighborhood entrance,,,1103,VA,True,50,,R01-G1,North Glebe & North Dittmar,6,6.24,3,2.46,0,0.78,0,False,quarter-mile on North Glebe Road,R01-G1,295,entrance to a neighborhood of about 853 homes with 11 entrances; on a main road; 295 large homes and 1103 houses within 800 m,,,09006f64-d32d-4985-9367-6b5f8f997693
R01,McLean,7,R01-S07,North Glebe Rd & Williamsburg Blvd,38.916049,-77.136576,stoplight,,,1081,VA,True,50,Set back from the corner so drivers stopped at the light can read it.,R01-G1,North Glebe & North Dittmar,7,8.32,3,2.32,0,0,3.0,True,stoplight,R01-G1,278,traffic light here (OpenStreetMap); on a main road; 278 large homes and 1081 houses within 800 m,,63333130;2838744595;6987980352,852dcc63-0fa6-4327-bf7f-4c7b1a9ab570
R01,McLean,8,R01-S08,North Glebe Rd & North Dittmar Rd,38.91324,-77.135283,private school,Chesterbrook Montessori School,69,1104,VA,True,50,"Use the public corner near the school, not school grounds.",R01-G1,North Glebe & North Dittmar,8,10.06,3,2.56,4.5,0,0,False,school,R01-G1,307,Chesterbrook Montessori School (private school) is 69 m away; Memorial Baptist Church (church) is 33 m away; on a main road; 307 large homes and 1104 houses within 800 m,ce9779b5-5b0f-4f5f-ba48-f7a9ff1cf237;75df0704-0bd0-476b-9d5b-354a8732880d;9a6e1f1f-be63-4de3-a9a7-dfbeaffda137,,2d795501-495a-43d0-8cf3-459c4e28d7f7
R01,McLean,9,R01-S09,North Glebe Rd & 33rd Rd North,38.91068,-77.133035,busy intersection,,,978,VA,True,50,,R01-G1,North Glebe & North Dittmar,9,5.65,3,2.53,0,0.12,0,False,quarter-mile on North Glebe Road,R01-G1,304,entrance to a neighborhood of about 60 homes with 5 entrances; on a main road; 304 large homes and 978 houses within 800 m,,,0ce16733-0d08-4008-956d-1dc014ff036b
R01,McLean,10,R01-S10,Old Dominion Dr & Williamsburg Blvd,38.910217,-77.139103,stoplight,,,1005,VA,True,50,Set back from the corner so drivers stopped at the light can read it.,R01-G1,North Glebe & North Dittmar,10,8.32,3,2.33,0,0,3.0,True,stoplight,R01-G1,279,traffic light here (OpenStreetMap); on a main road; 279 large homes and 1005 houses within 800 m,,6987980342;63337920,e1a02abe-6e4f-4ff2-835e-1d73550768be
R01,McLean,11,R01-S11,Old Dominion Dr & 38th St North,38.913272,-77.14418,busy intersection,,,864,VA,True,50,,R01-G1,North Glebe & North Dittmar,11,5.68,3,2.4,0,0.28,0,False,quarter-mile on Old Dominion Drive,R01-G1,288,entrance to a neighborhood of about 55 homes with 2 entrances; on a main road; 288 large homes and 864 houses within 800 m,,,abacb5d3-55f7-412a-8567-43753c022d51
R01,McLean,12,R01-S12,Franklin Park Rd & 38th St North,38.917912,-77.140654,school,Jamestown Elementary School,158,913,VA,True,50,"Use the public corner near the school, not school grounds.",R01-G1,North Glebe & North Dittmar,12,7.52,2,2.52,3.0,0,0,False,school,R01-G1,302,Jamestown Elementary School (school) is 158 m away; on a collector road; 302 large homes and 913 houses within 800 m,585c3e94-29e5-4a7d-9859-73e8ad7b7bcf,,166ca538-5624-4b98-8587-737c275f155a
R01,McLean,13,R01-S13,Old Dominion Dr & Franklin Park Rd,38.915364,-77.148357,busy intersection,,,679,VA,True,50,,R01-G2,Old Dominion & Dominion Crest Ln,1,5.83,3,2.63,0,0.2,0,False,quarter-mile on Franklin Park Road,R01-G2,316,entrance to a neighborhood of about 4881 homes with 245 entrances; on a main road; 316 large homes and 679 houses within 800 m,,,1a5797f7-4a76-4cff-83e4-2890538a6912
R01,McLean,14,R01-S14,Old Dominion Dr & Dominion Crest Ln,38.918547,-77.149997,shopping center,Chesterbrook Shopping Center,159,662,VA,True,50,"Use the corner at the entrance, not the private lot.",R01-G2,Old Dominion & Dominion Crest Ln,2,10.57,3,2.58,4.5,0.49,0,False,quarter-mile on Old Dominion Drive,R01-G2,310,Chesterbrook Shopping Center (shopping center) is 159 m away; Safeway (grocery / big-box anchor) is 243 m away; entrance to a neighborhood of about 49 homes with 1 entrances; on a main road; 310 large homes and 662 houses within 800 m,cc3174fd-ce2e-4f5d-ad91-7a3469c40f9a;69c60d41-df7e-4ddb-b081-73b0d0d9460b,,6aa95f31-c0ae-423f-8590-00a938c02cf9
R01,McLean,15,R01-S15,Kirby Rd & Park Rd,38.919962,-77.154993,church,First Baptist Church,24,740,VA,True,50,,R01-G2,Old Dominion & Dominion Crest Ln,3,6.73,2.5,2.53,1.5,0.2,0,False,quarter-mile on Kirby Road,R01-G2,304,First Baptist Church (church) is 24 m away; entrance to a neighborhood of about 4881 homes with 245 entrances; on a busy road; 304 large homes and 740 houses within 800 m,a2937cff-a042-4389-96a9-2fc20cdb36c2,,6536825b-9219-4968-ae56-404c4717a271
R01,McLean,16,R01-S16,Kirby Rd & Halsey Rd,38.917391,-77.157443,swim club / pool,Chesterbrook Swim & Tennis Club,83,817,VA,True,50,,R01-G2,Old Dominion & Dominion Crest Ln,4,8.28,2.5,2.95,2.5,0.33,0,False,quarter-mile on Kirby Road,R01-G2,354,Chesterbrook Swim & Tennis Club (swim club / pool) is 83 m away; entrance to a neighborhood of about 33 homes with 1 entrances; on a busy road; 354 large homes and 817 houses within 800 m,654adee4-96a3-49a4-a949-60267cba1c68,,2dce8c63-6a80-4c03-8210-c2f81e229715
R01,McLean,17,R01-S17,Kirby Rd & Noble Dr,38.915558,-77.160686,neighborhood entrance,Brooksfield School,173,944,VA,True,50,,R01-G2,Old Dominion & Dominion Crest Ln,5,8.57,2.5,3.26,2.25,0.56,0,False,quarter-mile on Kirby Road,R01-G2,391,Brooksfield School (preschool) is 173 m away; St Dunstan's Episcopal Church (church) is 167 m away; entrance to a neighborhood of about 731 homes with 13 entrances; on a busy road; 391 large homes and 944 houses within 800 m,edcf4aa7-0914-42a0-b1b7-d82ac1fc2368;c0c2c43f-a6ce-431e-9e77-801efd765c83,,915832f7-19cd-4a37-a9d1-84a51dc43c80
R01,McLean,18,R01-S18,Kirby Rd & Chesterfield Ave,38.914091,-77.164154,neighborhood entrance,,,997,VA,True,50,,R01-G2,Old Dominion & Dominion Crest Ln,6,6.24,2.5,3.18,0,0.56,0,False,quarter-mile on Kirby Road,R01-G2,382,entrance to a neighborhood of about 731 homes with 13 entrances; on a busy road; 382 large homes and 997 houses within 800 m,,,53501d2e-776b-4ba1-bd90-3367def74fe1
R01,McLean,19,R01-S19,Kirby Rd & Freedom Ln,38.912012,-77.16712,neighborhood entrance,,,1005,VA,True,50,,R01-G2,Old Dominion & Dominion Crest Ln,7,6.07,2.5,2.9,0,0.67,0,False,quarter-mile on Kirby Road,R01-G2,348,entrance to a neighborhood of about 200 homes with 3 entrances; on a busy road; 348 large homes and 1005 houses within 800 m,,,224797ee-9467-4fb1-bbac-2a6b70176933
R01,McLean,20,R01-S20,Old Dominion Dr & Linway Ter,38.927488,-77.166444,busy intersection,,,939,VA,True,50,,R01-G2,Old Dominion & Dominion Crest Ln,8,5.71,3,2.39,0,0.32,0,False,quarter-mile on Old Dominion Drive,R01-G2,287,entrance to a neighborhood of about 348 homes with 11 entrances; on a main road; 287 large homes and 939 houses within 800 m,,,1ebfd5a6-f851-4653-93e9-c3525a74f05f
R01,McLean,21,R01-S21,Old Dominion Dr & Birch Rd,38.924049,-77.161547,stoplight,,,940,VA,True,50,Set back from the corner so drivers stopped at the light can read it.,R01-G2,Old Dominion & Dominion Crest Ln,9,8.38,3,2.38,0,0,3.0,True,stoplight,R01-G2,286,traffic light here (OpenStreetMap); on a main road; 286 large homes and 940 houses within 800 m,,63653443;64003408,afa5ca20-5972-47f3-8a26-fc860f6abe3c
R01,McLean,22,R01-S22,Old Dominion Dr & Valley Ave,38.92364,-77.157413,busy intersection,,,807,VA,True,50,,R01-G2,Old Dominion & Dominion Crest Ln,10,5.47,3,2.26,0,0.21,0,False,quarter-mile on Old Dominion Drive,R01-G2,271,entrance to a neighborhood of about 85 homes with 4 entrances; on a main road; 271 large homes and 807 houses within 800 m,,,28ee720c-2d3c-46cb-9bc2-7f6c310a7a99
R01,McLean,23,R01-S23,Kirby Rd & Linway Ter,38.923832,-77.152089,private school,Montessori School of McLean,231,800,VA,True,50,"Use the public corner near the school, not school grounds.",R01-G2,Old Dominion & Dominion Crest Ln,11,7.79,2.5,2.29,3.0,0,0,False,school,R01-G2,275,Montessori School of McLean (private school) is 231 m away; on a busy road; 275 large homes and 800 houses within 800 m,21483fbb-36b5-46e0-94d0-2ec9c0108c9e,,0fbf1a41-8383-45be-b122-681d3560f0ee
R01,McLean,24,R01-S24,Kirby Rd & Mori St,38.926818,-77.148232,neighborhood entrance,,,842,VA,True,50,,R01-G2,Old Dominion & Dominion Crest Ln,12,6.47,2.5,2.62,0,1.35,0,False,quarter-mile on Kirby Road,R01-G2,314,entrance to a neighborhood of about 405 homes with 3 entrances; on a busy road; 314 large homes and 842 houses within 800 m,,,1a944e98-a02e-4a1b-b5d7-3f9f82561c6a
R01,McLean,25,R01-S25,Kirby Rd & Lady Bird Dr,38.930063,-77.146175,busy intersection,,,762,VA,True,50,,R01-G3,Dolley Madison Blvd & Merchant Ln,1,5.17,2.5,2.67,0,0,0,False,quarter-mile on Kirby Road,R01-G3,321,on a busy road; 321 large homes and 762 houses within 800 m,,,aabc59eb-7d74-43b6-a105-149a61503904
R01,McLean,26,R01-S26,Kirby Rd & Sugarstone Ct,38.932112,-77.14274,busy intersection,,,639,VA,True,50,,R01-G3,Dolley Madison Blvd & Merchant Ln,2,5.32,2.5,2.82,0,0,0,False,quarter-mile on Kirby Road,R01-G3,338,on a busy road; 338 large homes and 639 houses within 800 m,,,da2e5a1b-9438-4a0e-b31a-02221a7c3e28
R01,McLean,27,R01-S27,Kirby Rd & Claiborne Dr,38.935422,-77.13995,busy intersection,,,462,VA,True,50,,R01-G3,Dolley Madison Blvd & Merchant Ln,3,4.91,2.5,2.41,0,0,0,False,quarter-mile on Kirby Road,R01-G3,289,on a busy road; 289 large homes and 462 houses within 800 m,,,95f3643b-6dac-4e89-9eac-b2fbcf4b60d4
R01,McLean,28,R01-S28,Chain Bridge Rd & Merrywood on Potomac,38.936732,-77.12858,neighborhood entrance,,,269,VA,True,50,,R01-G3,Dolley Madison Blvd & Merchant Ln,4,4.67,3,1.23,0,0.44,0,False,quarter-mile on Chain Bridge Road,R01-G3,147,entrance to a neighborhood of about 88 homes with 2 entrances; on a main road; 147 large homes and 269 houses within 800 m,,,b56228cf-ac60-42f2-9c34-6ea7d1c45090
R01,McLean,29,R01-S29,Chain Bridge Rd & Crest Ln,38.938264,-77.131871,busy intersection,,,287,VA,True,50,,R01-G3,Dolley Madison Blvd & Merchant Ln,5,4.67,3,1.32,0,0.35,0,False,quarter-mile on Chain Bridge Road,R01-G3,159,entrance to a neighborhood of about 35 homes with 1 entrances; on a main road; 159 large homes and 287 houses within 800 m,,,54a065ba-21c8-44ae-9aa7-5f06bed71693
R01,McLean,30,R01-S30,Dolley Madison Blvd & Kirby Rd,38.940139,-77.135691,stoplight,,,305,VA,True,50,Set back from the corner so drivers stopped at the light can read it.,R01-G3,Dolley Madison Blvd & Merchant Ln,6,7.53,3,1.52,0,0,3.0,True,stoplight,R01-G3,183,traffic light here (OpenStreetMap); on a main road; 183 large homes and 305 houses within 800 m,,63400584;63400583,7e797346-1ba0-4b94-a195-995668ae6e26
R01,McLean,31,R01-S31,Dolley Madison Blvd & Ranleigh Rd,38.941591,-77.139355,busy intersection,,,295,VA,True,50,,R01-G3,Dolley Madison Blvd & Merchant Ln,7,4.77,3,1.77,0,0,0,False,quarter-mile on Dolley Madison Boulevard,R01-G3,212,on a main road; 212 large homes and 295 houses within 800 m,,,66ddab3b-42dc-4700-b8ca-ddeb1353a3a9
R01,McLean,32,R01-S32,Dolley Madison Blvd & Merchant Ln,38.943265,-77.144294,stoplight,,,325,VA,True,50,Set back from the corner so drivers stopped at the light can read it.,R01-G3,Dolley Madison Blvd & Merchant Ln,8,8.71,3,1.99,0,0.72,3.0,True,stoplight,R01-G3,239,traffic light here (OpenStreetMap); entrance to a neighborhood of about 289 homes with 4 entrances; on a main road; 239 large homes and 325 houses within 800 m,,63592709;63592703,3e4d07a2-5bda-4644-a85e-4209edd39af5
R01,McLean,33,R01-S33,Georgetown Pike & Dolley Madison Blvd,38.943553,-77.151571,stoplight,,,366,VA,True,50,Set back from the corner so drivers stopped at the light can read it.,R01-G3,Dolley Madison Blvd & Merchant Ln,9,8.27,3,2.27,0,0,3.0,True,stoplight,R01-G3,272,traffic light here (OpenStreetMap); on a main road; 272 large homes and 366 houses within 800 m,,63438627;63808260;63808258,1db34cfc-d668-4106-8f4d-8934083d18aa
R01,McLean,34,R01-S34,Georgetown Pike & Langley Fork Ln,38.946418,-77.158329,private school,The Country Day School,203,287,VA,True,50,"Use the public corner near the school, not school grounds.",R01-G3,Dolley Madison Blvd & Merchant Ln,10,8.45,3,1.95,3.5,0,0,False,school,R01-G3,234,The Country Day School (private school) is 203 m away; Clemyjontri Park (park / playground) is 232 m away; on a main road; 234 large homes and 287 houses within 800 m,7f8e7fde-06f9-48d8-bd1b-937d8e27f4ca;0a38e105-744f-4985-97fe-a4c4d3f9d9b8,,469668d7-8238-4a3c-a34b-9651e37bd994
R01,McLean,35,R01-S35,Dolley Madison Blvd & Ballantrae Ln,38.94206,-77.160354,neighborhood entrance,,,379,VA,True,50,,R01-G3,Dolley Madison Blvd & Merchant Ln,11,6.0,3,2.52,0,0.48,0,False,quarter-mile on Dolley Madison Boulevard,R01-G3,302,entrance to a neighborhood of about 575 homes with 12 entrances; on a main road; 302 large homes and 379 houses within 800 m,,,b45ad285-9cbf-4dd5-98a7-fa549d11cc31
R01,McLean,36,R01-S36,Dolley Madison Blvd & Marion Ave,38.942158,-77.168798,neighborhood entrance,Trinity United Methodist Church,55,414,VA,True,50,,R01-G4,Chain Bridge & Brawner St,1,7.57,3,1.84,2.25,0.48,0,False,quarter-mile on Dolley Madison Boulevard,R01-G4,221,Trinity United Methodist Church (church) is 55 m away; Trinity Preschool of McLean (preschool) is 53 m away; entrance to a neighborhood of about 575 homes with 12 entrances; on a main road; 221 large homes and 414 houses within 800 m,74883ca0-f452-4e76-a664-8ee2c3618fc7;b2016031-c877-4991-b782-e9f2ed37a5fc,,8d3f0256-4a00-4ac6-8979-92c646121962
R01,McLean,37,R01-S37,Dolley Madison Blvd & Chain Bridge Rd,38.940739,-77.174716,stoplight,,,520,VA,True,50,Set back from the corner so drivers stopped at the light can read it.,R01-G4,Chain Bridge & Brawner St,2,9.7,3,1.7,2.0,0,3.0,True,stoplight,R01-G4,204,traffic light here (OpenStreetMap); 19 storefronts within 150 m (strip center); on a main road; 204 large homes and 520 houses within 800 m,,1832702313;63482977,bcb415d1-74ce-42ad-8be8-172fa0dac141
R01,McLean,38,R01-S38,Chain Bridge Rd & Brawner St,38.936295,-77.175844,school,Sherman 001Elementary 003,151,623,VA,True,50,"Use the public corner near the school, not school grounds.",R01-G4,Chain Bridge & Brawner St,3,13.66,2.5,1.68,6.0,0.48,3.0,True,stoplight,R01-G4,201,traffic light here (OpenStreetMap); Sherman 001Elementary 003 (school) is 151 m away; Franklin Sherman Elementary School (school) is 147 m away; entrance to a neighborhood of about 190 homes with 4 entrances; on a busy road; 201 large homes and 623 houses within 800 m,f8449aae-5568-48a3-98a8-1faf8b26e970;0c2332cf-3503-4135-a48f-cd5368ee6e3d;d728b7ea-59d8-4a42-89a8-c85f7cc5b63b,63541149,071a35cf-fa9f-444d-951f-70af073de002
R01,McLean,39,R01-S39,Old Dominion Dr & Chain Bridge Rd,38.934035,-77.177356,stoplight,,,709,VA,True,50,Set back from the corner so drivers stopped at the light can read it.,R01-G4,Chain Bridge & Brawner St,4,10.06,3,2.06,2.0,0,3.0,True,quarter-mile on Elm Street,R01-G4,247,traffic light here (OpenStreetMap); 46 storefronts within 150 m (strip center); on a main road; 247 large homes and 709 houses within 800 m,,1832618189,eb033a73-eb98-4515-b373-fc6d89cc4a78
R01,McLean,40,R01-S40,Old Dominion Dr & Beverly Rd,38.934691,-77.180178,stoplight,,,731,VA,True,50,Set back from the corner so drivers stopped at the light can read it.,R01-G4,Chain Bridge & Brawner St,5,10.04,3,1.77,2.0,0.27,3.0,True,stoplight,R01-G4,213,traffic light here (OpenStreetMap); 42 storefronts within 150 m (strip center); entrance to a neighborhood of about 718 homes with 27 entrances; on a main road; 213 large homes and 731 houses within 800 m,,63653674;1832618180,7738257f-4e72-46bb-ad29-08def135a44f
R01,McLean,41,R01-S41,Chain Bridge Rd & Tennyson Dr,38.931553,-77.180557,stoplight,,,814,VA,True,50,Set back from the corner so drivers stopped at the light can read it.,R01-G4,Chain Bridge & Brawner St,6,9.47,2.5,1.7,2.0,0.27,3.0,True,stoplight,R01-G4,204,traffic light here (OpenStreetMap); 12 storefronts within 150 m (strip center); entrance to a neighborhood of about 718 homes with 27 entrances; on a busy road; 204 large homes and 814 houses within 800 m,,63482879,c13541a7-11c0-4b5c-bef4-24ccf4974ff1
R01,McLean,42,R01-S42,Westmoreland St & Chain Bridge Rd,38.929836,-77.184699,stoplight,,,824,VA,True,50,Set back from the corner so drivers stopped at the light can read it.,R01-G4,Chain Bridge & Brawner St,7,7.08,2.5,1.58,0,0,3.0,True,stoplight,R01-G4,190,traffic light here (OpenStreetMap); on a busy road; 190 large homes and 824 houses within 800 m,,63894213,be1df35f-86b9-478b-8ec8-1130802d5dfa
R01,McLean,43,R01-S43,Chain Bridge Rd & Audmar Dr,38.929669,-77.18865,park / playground,Lewinsville Park,216,929,VA,True,50,,R01-G4,Chain Bridge & Brawner St,8,5.99,2.5,2.23,1.0,0.27,0,False,quarter-mile on Chain Bridge Road,R01-G4,267,Lewinsville Park (park / playground) is 216 m away; entrance to a neighborhood of about 718 homes with 27 entrances; on a busy road; 267 large homes and 929 houses within 800 m,3cb0f15b-b73c-4db6-8c9f-d30a4cc25903,,ea58cfc3-728f-4bfa-9ad4-99bbc2b0d700
R01,McLean,44,R01-S44,Westbury Rd & Davidson Rd,38.92482,-77.187047,school,McLean High School,164,893,VA,True,50,"Use the public corner near the school, not school grounds.",R01-G4,Chain Bridge & Brawner St,9,4.05,0.5,1.55,2.0,0,0,False,school,R01-G4,186,McLean High School (school) is 164 m away; on a neighborhood street; 186 large homes and 893 houses within 800 m,2ffc976c-9768-415d-9297-f7091c95cab7,,60d137db-d953-40d7-a37c-ce01990378d5
R01,McLean,45,R01-S45,Westmoreland St & Old Chesterbrook Rd,38.926406,-77.182638,park / playground,McLean High School Community Park,295,873,VA,True,50,,R01-G4,Chain Bridge & Brawner St,10,5.08,2.5,1.57,1.0,0,0,False,quarter-mile on Old Chesterbrook Road,R01-G4,189,McLean High School Community Park (park / playground) is 295 m away; on a busy road; 189 large homes and 873 houses within 800 m,3778f25f-d44c-40b9-983b-b7ea21ded071,,5ae82cee-682f-421d-8bc0-e74d6acebcae
R01,McLean,46,R01-S46,Old Dominion Dr & Whittier Ave,38.932117,-77.174365,stoplight,Dolley Madison Library,79,715,VA,True,50,Set back from the corner so drivers stopped at the light can read it.,R01-G4,Chain Bridge & Brawner St,11,12.16,3,1.89,4.0,0.27,3.0,True,stoplight,R01-G4,227,traffic light here (OpenStreetMap); Dolley Madison Library (library / rec center) is 79 m away; 28 storefronts within 150 m (strip center); entrance to a neighborhood of about 718 homes with 27 entrances; on a main road; 227 large homes and 715 houses within 800 m,78c5b2db-0aff-4802-b4cb-1640da4a2bf1,63653600,b4d87f82-79c5-417b-a26c-c910b639218a
R01,McLean,47,R01-S47,Melbourne Dr & Lumsden St,38.920127,-77.17616,school,Kent Gardens Elementary School,102,1097,VA,True,50,"Use the public corner near the school, not school grounds.",R01-G5,Kirby & Idylwood,1,5.42,0.5,1.93,3.0,0,0,False,school,R01-G5,231,Kent Gardens Elementary School (school) is 102 m away; on a neighborhood street; 231 large homes and 1097 houses within 800 m,123e112b-f18c-4314-8231-5745ba4d443c,,904fbeea-54af-4074-aa7f-10f7249b986d
R01,McLean,48,R01-S48,Westmoreland St & Van Fleet Dr,38.917982,-77.17947,neighborhood entrance,Chesterbrook United Methodist Church,118,1074,VA,True,50,,R01-G5,Kirby & Idylwood,2,6.36,2.5,1.83,1.5,0.53,0,False,quarter-mile on Westmoreland Street,R01-G5,220,Chesterbrook United Methodist Church (church) is 118 m away; entrance to a neighborhood of about 480 homes with 9 entrances; on a busy road; 220 large homes and 1074 houses within 800 m,40ab2a29-dabf-46dd-aec9-be01b12f6298,,874498b6-1fde-42b9-86fd-42fa84fbb85b
R01,McLean,49,R01-S49,Westmoreland St & Somerville Dr,38.915116,-77.177307,neighborhood entrance,,,997,VA,True,50,,R01-G5,Kirby & Idylwood,3,4.97,2.5,2.02,0,0.44,0,False,quarter-mile on Westmoreland Street,R01-G5,243,entrance to a neighborhood of about 88 homes with 2 entrances; on a busy road; 243 large homes and 997 houses within 800 m,,,e0d7156f-64c6-4cee-9b51-5db70e73b011
R01,McLean,50,R01-S50,Kirby Rd & Brook Run Dr,38.911267,-77.178189,park / playground,Kent Gardens Park,32,782,VA,True,50,,R01-G5,Kirby & Idylwood,4,5.48,2.5,1.98,1.0,0,0,False,quarter-mile on Kirby Road,R01-G5,238,Kent Gardens Park (park / playground) is 32 m away; on a busy road; 238 large homes and 782 houses within 800 m,fe45c844-e549-4534-8743-cafbee1c83b6,,d77220e5-2ea8-4a99-8be1-1724a71ef0ba
R01,McLean,51,R01-S51,Westmoreland St & Kirby Rd,38.9118,-77.173085,stoplight,,,887,VA,True,50,Set back from the corner so drivers stopped at the light can read it.,R01-G5,Kirby & Idylwood,5,7.79,2.5,2.29,0,0,3.0,True,stoplight,R01-G5,275,traffic light here (OpenStreetMap); on a busy road; 275 large homes and 887 houses within 800 m,,63757229,be4d868b-f3d8-404d-bae5-8ef6fa2cd05c
R01,McLean,52,R01-S52,Westmoreland St & Hopewood Dr,38.9086,-77.172631,church,Chesterbrook Taiwanese Presbyterian Church,84,853,VA,True,50,,R01-G5,Kirby & Idylwood,6,6.32,2.5,2.32,1.5,0,0,False,quarter-mile on Westmoreland Street,R01-G5,278,Chesterbrook Taiwanese Presbyterian Church (church) is 84 m away; on a busy road; 278 large homes and 853 houses within 800 m,4da4a1eb-aee9-49f2-a685-5ef91a0d60bc,,f309d82c-1244-4aa7-ba50-17fd4152a269
R01,McLean,53,R01-S53,Great Falls St & Hutchison St,38.905926,-77.181854,neighborhood entrance,,,620,VA,True,50,,R01-G5,Kirby & Idylwood,7,4.87,2.5,1.83,0,0.54,0,False,quarter-mile on Great Falls Street,R01-G5,220,entrance to a neighborhood of about 270 homes with 5 entrances; on a busy road; 220 large homes and 620 houses within 800 m,,,cc550254-48dc-4165-988c-e5e316d8b93d
R01,McLean,54,R01-S54,Kirby Rd & Idylwood Rd,38.909096,-77.18338,stoplight,The Church of Jesus Christ of Latter-day Saints,99,747,VA,True,50,Set back from the corner so drivers stopped at the light can read it.,R01-G5,Kirby & Idylwood,8,9.14,2.5,2.14,1.5,0,3.0,True,stoplight,R01-G5,257,traffic light here (OpenStreetMap); The Church of Jesus Christ of Latter-day Saints (church) is 99 m away; on a busy road; 257 large homes and 747 houses within 800 m,b7b038c0-fa37-4537-b928-d0c9b52b9f5c,63757380,66a2c561-308a-4cef-99ef-78eb29422edb
R01,McLean,55,R01-S55,Great Falls St & Lemon Rd,38.912351,-77.184904,neighborhood entrance,Rose's Garden Childcare,230,857,VA,True,50,,R01-G5,Kirby & Idylwood,9,7.05,2.5,1.87,2.0,0.68,0,False,quarter-mile on Great Falls Street,R01-G5,224,Rose's Garden Childcare (preschool) is 230 m away; Pimmit Run Stream Valley Park (park / playground) is 130 m away; entrance to a neighborhood of about 812 homes with 12 entrances; on a busy road; 224 large homes and 857 houses within 800 m,cfa87e45-ee84-43e3-84ea-ce2cd29e3884;26ad641c-2666-44cb-a655-658ced82e4fc,,c15b3cda-7856-4dfa-b1f4-26166ec4ba4b
R01,McLean,56,R01-S56,Great Falls St & Poppy Dr,38.916545,-77.186918,neighborhood entrance,,,981,VA,True,50,,R01-G5,Kirby & Idylwood,10,4.7,2.5,1.52,0,0.68,0,False,quarter-mile on Great Falls Street,R01-G5,182,entrance to a neighborhood of about 812 homes with 12 entrances; on a busy road; 182 large homes and 981 houses within 800 m,,,798a8a6d-d0d2-47c2-af29-98d964abb040
R01,McLean,57,R01-S57,Great Falls St & Sea Cliff Rd,38.920899,-77.190987,swim club / pool,McLean Swim & Tennis Association,260,846,VA,True,50,,R01-G5,Kirby & Idylwood,11,7.88,2.5,1.45,3.25,0.68,0,False,quarter-mile on Great Falls Street,R01-G5,174,McLean Swim & Tennis Association (swim club / pool) is 260 m away; Our Small World Children's Center (preschool) is 334 m away; entrance to a neighborhood of about 812 homes with 12 entrances; on a busy road; 174 large homes and 846 houses within 800 m,e556aa18-5a72-45a6-a8f6-a4c9517f7971;331d8bb3-554f-45db-a209-89ffdc621794,,6031e809-2182-4a14-89c0-86ae592d9f10
R01,McLean,58,R01-S58,Idylwood Rd & Hillside Dr,38.906652,-77.190865,park / playground,Mt Royal Park,303,620,VA,True,50,,R01-G5,Kirby & Idylwood,12,5.51,2.5,1.66,1.0,0.35,0,False,quarter-mile on Idylwood Road,R01-G5,199,Mt Royal Park (park / playground) is 303 m away; entrance to a neighborhood of about 70 homes with 2 entrances; on a busy road; 199 large homes and 620 houses within 800 m,0751d322-b671-419c-b86f-e3d1a59ec5b2,,65645352-beac-46be-aca5-eef9bad5827e
R01,McLean,59,R01-S59,Haycock Rd & Great Falls St,38.901713,-77.179579,stoplight,,,729,VA,True,50,Set back from the corner so drivers stopped at the light can read it.,R01-G6,Westmoreland St & Haycock,1,7.49,2.5,1.99,0,0,3.0,True,stoplight,R01-G6,239,traffic light here (OpenStreetMap); on a busy road; 239 large homes and 729 houses within 800 m,,63532266,5cc0a5fa-6686-4b04-a1ad-9d4cd57fa857
R01,McLean,60,R01-S60,Great Falls St & Woodland Dr,38.897294,-77.177837,school,Mount Daniel School,237,1001,VA,True,50,"Use the public corner near the school, not school grounds.",R01-G6,Westmoreland St & Haycock,2,7.28,2.5,1.78,3.0,0,0,False,school,R01-G6,214,Mount Daniel School (school) is 237 m away; on a busy road; 214 large homes and 1001 houses within 800 m,eaa97463-1992-49a4-afc9-b71652bbdd8d,,f6d7fc4e-ca51-4482-974b-336b59c408fb
R01,McLean,61,R01-S61,North West St & Great Falls St,38.893753,-77.17567,stoplight,,,1010,VA,True,50,Set back from the corner so drivers stopped at the light can read it.,R01-G6,Westmoreland St & Haycock,3,7.01,2.5,1.51,0,0,3.0,True,stoplight,R01-G6,181,traffic light here (OpenStreetMap); on a busy road; 181 large homes and 1010 houses within 800 m,,210381558,5d5f05d5-8f33-4729-a7f5-dfc7616d7b4c
R01,McLean,62,R01-S62,Great Falls St & Lincoln Ave,38.890766,-77.173823,stoplight,,,869,VA,True,50,Set back from the corner so drivers stopped at the light can read it.,R01-G6,Westmoreland St & Haycock,4,6.87,2.5,1.37,0,0,3.0,True,stoplight,R01-G6,164,traffic light here (OpenStreetMap); on a busy road; 164 large homes and 869 houses within 800 m,,210382722,5537f7e4-669a-40a4-9037-ced1e2e1fec8
R01,McLean,63,R01-S63,Williamsburg Blvd & North Westmoreland St,38.894781,-77.167232,stoplight,,,1046,VA,True,50,Set back from the corner so drivers stopped at the light can read it.,R01-G6,Westmoreland St & Haycock,5,7.06,2.5,1.56,0,0,3.0,True,stoplight,R01-G6,187,traffic light here (OpenStreetMap); on a busy road; 187 large homes and 1046 houses within 800 m,,6907176666;63358953,4e6b6a59-44d8-4323-ae01-3e2b0e70b53d
R01,McLean,64,R01-S64,Westmoreland St & Fisher Ave,38.900315,-77.169712,busy intersection,,,1131,VA,True,50,,R01-G6,Westmoreland St & Haycock,6,5.21,2.5,2.35,0,0.36,0,False,quarter-mile on Westmoreland Street,R01-G6,282,entrance to a neighborhood of about 251 homes with 7 entrances; on a busy road; 282 large homes and 1131 houses within 800 m,,,61ee9735-ce62-4157-87a7-fd7bc4d42f64
R01,McLean,65,R01-S65,Westmoreland St & Haycock Rd,38.903482,-77.171902,school,Haycock Elementary School,135,931,VA,True,50,"Use the public corner near the school, not school grounds.",R01-G6,Westmoreland St & Haycock,7,7.88,2.5,2.38,3.0,0,0,False,school,R01-G6,285,Haycock Elementary School (school) is 135 m away; on a busy road; 285 large homes and 931 houses within 800 m,18e5a007-ad4c-4596-83ad-edc18f39430e,,6f551060-b4ff-4a2b-9772-b18ed0c993a7
R01,McLean,66,R01-S66,Williamsburg Blvd & North Sycamore St,38.900026,-77.156792,stoplight,,,1138,VA,True,50,Set back from the corner so drivers stopped at the light can read it.,R01-G7,Williamsburg Blvd & North Sycamore St,1,9.61,2.5,2.11,2.0,0,3.0,True,stoplight,R01-G7,253,traffic light here (OpenStreetMap); 20 storefronts within 150 m (strip center); on a busy road; 253 large homes and 1138 houses within 800 m,,5018671327;63329887;5018671328,bb8c6ff6-9201-4a78-bb26-f2f6bdd2249b
R01,McLean,67,R01-S67,Williamsburg Blvd & North Ohio St,38.903767,-77.152975,busy intersection,,,1093,VA,True,50,,R01-G7,Williamsburg Blvd & North Sycamore St,2,5.57,2.5,2.87,0,0.2,0,False,quarter-mile on Williamsburg Boulevard,R01-G7,344,entrance to a neighborhood of about 4881 homes with 245 entrances; on a busy road; 344 large homes and 1093 houses within 800 m,,,d1210c50-b078-452c-999e-623fd405e749
R01,McLean,68,R01-S68,Williamsburg Blvd & North Kensington St,38.906084,-77.150179,busy intersection,,,1087,VA,True,50,,R01-G7,Williamsburg Blvd & North Sycamore St,3,5.82,2.5,3.12,0,0.2,0,False,quarter-mile on Williamsburg Boulevard,R01-G7,374,entrance to a neighborhood of about 4881 homes with 245 entrances; on a busy road; 374 large homes and 1087 houses within 800 m,,,e73a6d23-f125-446f-8c3c-551169f36e2d
R01,McLean,69,R01-S69,Little Falls Rd & North Nottingham St,38.901329,-77.150638,school,Nottingham Elementary School,79,1211,VA,True,50,"Use the public corner near the school, not school grounds.",R01-G7,Williamsburg Blvd & North Sycamore St,4,7.25,2,2.25,3.0,0,0,False,school,R01-G7,270,Nottingham Elementary School (school) is 79 m away; on a collector road; 270 large homes and 1211 houses within 800 m,c0d56abb-707e-433d-8c7b-87e707e8b78f,,bf4c3c14-4b7b-4ecf-a40c-0d3020b28b13
R01,McLean,70,R01-S70,Langston Blvd & North Lexington St,38.894732,-77.14399,stoplight,,,1178,VA,True,50,Set back from the corner so drivers stopped at the light can read it.,R01-G7,Williamsburg Blvd & North Sycamore St,5,8.99,3,0.99,2.0,0,3.0,True,stoplight,R01-G7,119,traffic light here (OpenStreetMap); 8 storefronts within 150 m (strip center); on a main road; 119 large homes and 1178 houses within 800 m,,3413388002;3413388001,e832860c-a505-4feb-9cd1-d7d399ba9f23
R01,McLean,71,R01-S71,Washington Blvd & North Potomac St,38.887367,-77.149736,private school,The Village School,48,885,VA,True,50,"Use the public corner near the school, not school grounds.",R01-G7,Williamsburg Blvd & North Sycamore St,6,7.67,2.5,0.47,4.5,0.2,0,False,school,R01-G7,56,The Village School (private school) is 48 m away; Resurrection Lutheran Weekday Preschool (preschool) is 58 m away; entrance to a neighborhood of about 4881 homes with 245 entrances; on a busy road; 56 large homes and 885 houses within 800 m,6600059e-4303-4326-aa45-c1648f7d1396;33e0bcb8-2724-4c69-9538-1bb109158b9f;8a94e49a-91ca-4b60-9f99-8774eb272f69,,fe04cf4d-75b1-4d46-b3b3-b251216df97a
R01,McLean,72,R01-S72,Washington Blvd & North Sycamore St,38.887511,-77.156253,stoplight,,,824,VA,True,50,Set back from the corner so drivers stopped at the light can read it.,R01-G7,Williamsburg Blvd & North Sycamore St,7,6.8,3,0.8,0,0,3.0,True,stoplight,R01-G7,96,traffic light here (OpenStreetMap); on a main road; 96 large homes and 824 houses within 800 m,,2213963932;63336281,f2051ca3-c1e5-489f-a737-79f6ceca7916
R01,McLean,73,R01-S73,Langston Blvd & North Sycamore St,38.890468,-77.156351,stoplight,,,903,VA,True,50,Set back from the corner so drivers stopped at the light can read it.,R01-G7,Williamsburg Blvd & North Sycamore St,8,6.59,3,0.59,0,0,3.0,True,stoplight,R01-G7,71,traffic light here (OpenStreetMap); on a main road; 71 large homes and 903 houses within 800 m,,3413383252;3413383253,659263b7-5ffe-45bf-9b2e-993286c67fc4
R01,McLean,74,R01-S74,North Sycamore St & 26th St North,38.894538,-77.157524,stoplight,,,1092,VA,True,50,Set back from the corner so drivers stopped at the light can read it.,R01-G7,Williamsburg Blvd & North Sycamore St,9,6.55,2.5,0.85,0,0.2,3.0,True,stoplight,R01-G7,102,traffic light here (OpenStreetMap); entrance to a neighborhood of about 4881 homes with 245 entrances; on a busy road; 102 large homes and 1092 houses within 800 m,,2213963943;63339744,df40ead7-ae63-4af0-803c-d5acc4856f9c
R01,McLean,75,R01-S75,26th St North & North Underwood St,38.892552,-77.16147,school,Tuckahoe Elementary School,186,923,VA,True,50,"Use the public corner near the school, not school grounds.",R01-G7,Williamsburg Blvd & North Sycamore St,10,7.06,2,0.86,4.0,0.2,0,False,school,R01-G7,103,Tuckahoe Elementary School (school) is 186 m away; Bishop O'Connell High School (school) is 223 m away; entrance to a neighborhood of about 447 homes with 22 entrances; on a collector road; 103 large homes and 923 houses within 800 m,175bc54a-b63f-4cd0-98ee-7c5895d06b69;0f949635-abcb-459c-a40f-4eb24ff35dd9,,9dcd062f-7c10-4401-bb8b-eaa0cbdf31aa
R01,McLean,76,R01-S76,Langston Blvd & Fairfax Dr,38.887518,-77.162142,stoplight,,,726,VA,True,50,Set back from the corner so drivers stopped at the light can read it.,R01-G7,Williamsburg Blvd & North Sycamore St,11,9.31,3,1.31,2.0,0,3.0,True,stoplight,R01-G7,157,traffic light here (OpenStreetMap); 10 storefronts within 150 m (strip center); on a main road; 157 large homes and 726 houses within 800 m,,5985192046;63328022,d008faaf-655c-41e4-98f1-78774b380314
R01,McLean,77,R01-S77,North Lexington St & 20th St North,38.889445,-77.140832,school,Cardinal Elementary School,332,999,VA,True,50,"Use the public corner near the school, not school grounds.",R01-G8,Williamsburg Blvd & North Harrison St,1,6.38,2,0.68,3.5,0.2,0,False,school,R01-G8,81,Cardinal Elementary School (school) is 332 m away; Parkhurst Park (park / playground) is 78 m away; entrance to a neighborhood of about 4881 homes with 245 entrances; on a collector road; 81 large homes and 999 houses within 800 m,bc76a295-112b-4a30-95e5-cf8ac724b7ae;298df055-1ac5-4554-b4c7-9b1b38bbb633,,fe8dff80-bd7b-4880-a1d4-1533880236c2
R01,McLean,78,R01-S78,Langston Blvd & North Harrison St,38.896339,-77.13776,stoplight,Harris Teeter,81,1031,VA,True,50,Set back from the corner so drivers stopped at the light can read it.,R01-G8,Williamsburg Blvd & North Harrison St,2,9.83,3,0.83,3.0,0,3.0,True,stoplight,R01-G8,100,traffic light here (OpenStreetMap); Harris Teeter (grocery / big-box anchor) is 81 m away; on a main road; 100 large homes and 1031 houses within 800 m,7617dfed-cf78-4ae7-a399-aef8b84e68ab,3413355749;3413355727,126828dc-757a-489e-ac1f-fab16a0842c5
R01,McLean,79,R01-S79,Langston Blvd & North George Mason Dr,38.896419,-77.133675,stoplight,,,1032,VA,True,50,Set back from the corner so drivers stopped at the light can read it.,R01-G8,Williamsburg Blvd & North Harrison St,3,8.93,3,0.93,2.0,0,3.0,True,stoplight,R01-G8,112,traffic light here (OpenStreetMap); 30 storefronts within 150 m (strip center); on a main road; 112 large homes and 1032 houses within 800 m,,3413355760;3413355731;63337697;3413355733,e7da3d4a-009a-4161-ae13-bab866fe3532
R01,McLean,80,R01-S80,Langston Blvd & North Cameron St,38.896433,-77.128184,school,Langston High School,116,910,VA,True,50,"Use the public corner near the school, not school grounds.",R01-G8,Williamsburg Blvd & North Harrison St,4,9.62,3,0.68,2.75,0.2,3.0,True,stoplight,R01-G8,81,traffic light here (OpenStreetMap); Langston High School (school) is 116 m away; The Children’s School (preschool) is 320 m away; entrance to a neighborhood of about 4881 homes with 245 entrances; on a main road; 81 large homes and 910 houses within 800 m,a6b5e70e-c579-469b-986a-9d38ce03eb8b;6956088a-eaac-4691-95fb-30f317978c42,3413355773;3413355753,5c843d82-2f23-4a88-b798-f620ad29abb3
R01,McLean,81,R01-S81,North Glebe Rd & 26th St North,38.902573,-77.1277,school,Discovery Elementary,167,764,VA,True,50,"Use the public corner near the school, not school grounds.",R01-G8,Williamsburg Blvd & North Harrison St,5,12.25,3,1.05,5.0,0.2,3.0,True,stoplight,R01-G8,126,traffic light here (OpenStreetMap); Discovery Elementary (school) is 167 m away; 7 storefronts within 150 m (strip center); entrance to a neighborhood of about 4881 homes with 245 entrances; on a main road; 126 large homes and 764 houses within 800 m,1fddadfb-23c2-41e6-8722-a9d9930ba87c,2503303987,34e19259-8962-4f7b-b338-63f7fff031c5
R01,McLean,82,R01-S82,Old Dominion Dr & 29th St North,38.905667,-77.131228,busy intersection,,,861,VA,True,50,,R01-G8,Williamsburg Blvd & North Harrison St,6,4.88,3,1.68,0,0.2,0,False,quarter-mile on Old Dominion Drive,R01-G8,202,entrance to a neighborhood of about 4881 homes with 245 entrances; on a main road; 202 large homes and 861 houses within 800 m,,,3dfd0288-a137-4b5f-8651-e7dc06bd6692
R01,McLean,83,R01-S83,North Glebe Rd & Rock Spring Rd,38.908053,-77.131129,stoplight,,,880,VA,True,50,Set back from the corner so drivers stopped at the light can read it.,R01-G8,Williamsburg Blvd & North Harrison St,7,8.18,3,2.18,0,0,3.0,True,stoplight,R01-G8,262,traffic light here (OpenStreetMap); on a main road; 262 large homes and 880 houses within 800 m,,63333073;2838744570,45262593-73ae-4239-bfcb-68a460de875d
R01,McLean,84,R01-S84,Yorktown Blvd & North Harrison St,38.903977,-77.144408,stoplight,,,1101,VA,True,50,Set back from the corner so drivers stopped at the light can read it.,R01-G8,Williamsburg Blvd & North Harrison St,8,7.25,2,2.25,0,0,3.0,True,stoplight,R01-G8,270,traffic light here (OpenStreetMap); on a collector road; 270 large homes and 1101 houses within 800 m,,63327807;6154223870,dd910359-d62d-41a1-93fa-eb4f00d9d66b
R01,McLean,85,R01-S85,Williamsburg Blvd & North Harrison St,38.907286,-77.145898,school,Discovery Elementary School,174,1044,VA,True,50,"Use the public corner near the school, not school grounds.",R01-G8,Williamsburg Blvd & North Harrison St,9,12.91,2.5,2.71,4.5,0.2,3.0,True,stoplight,R01-G8,325,traffic light here (OpenStreetMap); Discovery Elementary School (school) is 174 m away; Williamsburg Middle School (school) is 329 m away; entrance to a neighborhood of about 4881 homes with 245 entrances; on a busy road; 325 large homes and 1044 houses within 800 m,d9bfea64-909b-4c43-b31a-1b5131f427d3;e67803fa-3072-438d-915c-b25bd22af294,63354357;6488395730,77010d77-1281-4a52-96af-c219799baac0
R02,Bethesda & Wood Acres,1,R02-S01,River Rd & Willard Ave,38.960296,-77.096855,stoplight,,,680,MD/DC,True,50,Set back from the corner so drivers stopped at the light can read it.,R02-G1,River & Landy Ln,1,7.47,3,1.18,0,0.3,3.0,True,stoplight,R02-G1,141,traffic light here (OpenStreetMap); entrance to a neighborhood of about 60 homes with 2 entrances; on a main road; 141 large homes and 680 houses within 800 m,,49174180,27c6cb98-bf5d-4f6c-8351-0822b96915ce
R02,Bethesda & Wood Acres,2,R02-S02,River Rd & Little Falls Pkwy,38.962994,-77.101003,stoplight,,,734,MD/DC,True,50,Set back from the corner so drivers stopped at the light can read it.,R02-G1,River & Landy Ln,2,9.67,3,1.67,2.0,0,3.0,True,stoplight,R02-G1,200,traffic light here (OpenStreetMap); 6 storefronts within 150 m (strip center); on a main road; 200 large homes and 734 houses within 800 m,,49174171;3667873178,e0fc02bd-f16e-47f5-9398-357c950057f0
R02,Bethesda & Wood Acres,3,R02-S03,River Rd & Landy Ln,38.964587,-77.10342,private school,Washington Episcopal School,298,712,MD/DC,True,50,"Use the public corner near the school, not school grounds.",R02-G1,River & Landy Ln,3,10.43,3,1.93,5.5,0,0,False,school,R02-G1,231,Washington Episcopal School (private school) is 298 m away; Neal Potter Plaza (river Road Park) (park / playground) is 89 m away; 14 storefronts within 150 m (strip center); on a main road; 231 large homes and 712 houses within 800 m,da765806-0736-4dad-96ce-3c0d64034f97;d850c0dd-344f-4fa5-8721-6fa94676fe38,,c54ee937-d739-4851-945e-e27818ed8e68
R02,Bethesda & Wood Acres,4,R02-S04,River Rd & Brookside Dr,38.966481,-77.105933,stoplight,,,751,MD/DC,True,50,Set back from the corner so drivers stopped at the light can read it.,R02-G1,River & Landy Ln,4,10.19,3,2.19,2.0,0,3.0,True,stoplight,R02-G1,263,traffic light here (OpenStreetMap); 12 storefronts within 150 m (strip center); on a main road; 263 large homes and 751 houses within 800 m,,11166107717;293561646;11181647071;49156339,f23ca7c6-1414-48ac-8ba8-a18b38c615d2
R02,Bethesda & Wood Acres,5,R02-S05,River Rd & Springfield Dr,38.969776,-77.112101,stoplight,,,829,MD/DC,True,50,Set back from the corner so drivers stopped at the light can read it.,R02-G1,River & Landy Ln,5,8.81,3,2.05,0,0.76,3.0,True,stoplight,R02-G1,246,traffic light here (OpenStreetMap); entrance to a neighborhood of about 2360 homes with 31 entrances; on a main road; 246 large homes and 829 houses within 800 m,,49168863;293561382,0e323e1a-38e1-45ec-9b2a-62bc331f5dab
R02,Bethesda & Wood Acres,6,R02-S06,River Rd & Ogden Rd,38.970613,-77.116243,neighborhood entrance,,,853,MD/DC,True,50,,R02-G1,River & Landy Ln,6,5.63,3,1.88,0,0.76,0,False,quarter-mile on River Road,R02-G1,225,entrance to a neighborhood of about 2360 homes with 31 entrances; on a main road; 225 large homes and 853 houses within 800 m,,,3b34d89e-b883-46e8-8163-15dea4c2075b
R02,Bethesda & Wood Acres,7,R02-S07,Newington Rd & Cromwell Dr,38.967517,-77.117744,school,Montgomery County School District,63,1001,MD/DC,True,50,"Use the public corner near the school, not school grounds.",R02-G1,River & Landy Ln,7,7.75,0.5,1.25,6.0,0,0,False,school,R02-G1,150,Montgomery County School District (school) is 63 m away; Wood Acres Elementary School (school) is 56 m away; on a neighborhood street; 150 large homes and 1001 houses within 800 m,a0eb06b1-44be-4810-addf-817261817b9f;b133178d-2c1d-4441-b3fe-20f0300d2f8d;fcefd770-6895-4e4d-8694-1f28b176878e,,2f6741f7-9e5a-4ef0-ac9f-b96905ea3aac
R02,Bethesda & Wood Acres,8,R02-S08,Jordan Rd & Brookeway Dr,38.962261,-77.114944,private school,Little Flower School,370,1137,MD/DC,True,50,"Use the public corner near the school, not school grounds.",R02-G1,River & Landy Ln,8,4.83,0.5,1.32,3.0,0,0,False,school,R02-G1,159,Little Flower School (private school) is 370 m away; on a neighborhood street; 159 large homes and 1137 houses within 800 m,6e120c2c-76e0-4fae-ad87-5ba189d991a6,,9f0d0fb3-cefa-4b6d-8a7e-9911099fc52e
R02,Bethesda & Wood Acres,9,R02-S09,Sangamore Rd & Walhonding Rd,38.962703,-77.121318,stoplight,,,1304,MD/DC,True,50,Set back from the corner so drivers stopped at the light can read it.,R02-G1,River & Landy Ln,9,7.68,2,1.92,0,0.76,3.0,True,stoplight,R02-G1,230,traffic light here (OpenStreetMap); entrance to a neighborhood of about 2360 homes with 31 entrances; on a collector road; 230 large homes and 1304 houses within 800 m,,393454817,440ea92c-de98-426f-935a-80f66820149e
R02,Bethesda & Wood Acres,10,R02-S10,Massachusetts Ave & Ramsgate Rd,38.967346,-77.126464,neighborhood entrance,,,1055,MD/DC,True,50,,R02-G1,River & Landy Ln,10,5.57,2.5,2.31,0,0.76,0,False,quarter-mile on Massachusetts Avenue,R02-G1,277,entrance to a neighborhood of about 2360 homes with 31 entrances; on a busy road; 277 large homes and 1055 houses within 800 m,,,955c08a2-478d-42a1-b85c-b17013deeca2
R02,Bethesda & Wood Acres,11,R02-S11,MacArthur Blvd & Oberlin Ave,38.964681,-77.136056,stoplight,,,508,MD/DC,True,50,Set back from the corner so drivers stopped at the light can read it.,R02-G1,River & Landy Ln,11,7.18,2.5,1.68,0,0,3.0,True,stoplight,R02-G1,202,traffic light here (OpenStreetMap); on a busy road; 202 large homes and 508 houses within 800 m,,49149371,c4f6a9fb-3e15-44cb-a812-121620b05311
R02,Bethesda & Wood Acres,12,R02-S12,MacArthur Blvd & Mohican Rd,38.960998,-77.133003,swim club / pool,Mohican Swim Club,146,553,MD/DC,True,50,,R02-G1,River & Landy Ln,12,7.38,2.5,1.62,2.5,0.76,0,False,quarter-mile on MacArthur Boulevard,R02-G1,195,Mohican Swim Club (swim club / pool) is 146 m away; entrance to a neighborhood of about 2360 homes with 31 entrances; on a busy road; 195 large homes and 553 houses within 800 m,e28198fd-4f24-45d8-92b8-a5014542fc68,,3c0e5ef9-b2d5-4af9-97c4-9514e5705282
R02,Bethesda & Wood Acres,13,R02-S13,MacArthur Blvd & Goldsboro Rd,38.968815,-77.13906,garden center / hardware,Glen Echo Hardware,45,636,MD/DC,True,50,,R02-G2,River & Royal Dominion,1,10.14,2.5,1.64,6.0,0,0,False,quarter-mile on Goldsboro Road,R02-G2,197,Glen Echo Hardware (garden center / hardware) is 45 m away; Christophers Glen Echo Hardware (garden center / hardware) is 62 m away; 9 storefronts within 150 m (strip center); on a busy road; 197 large homes and 636 houses within 800 m,9851d447-283d-4bea-b946-e2e1e6239e23;abe2d616-258b-45f5-9a0a-ee3513b78584;f318aa44-e932-4ca0-92fd-913237b78102,,da71fdcf-7c26-4770-ac0f-5a339b2931b6
R02,Bethesda & Wood Acres,14,R02-S14,MacArthur Blvd & Bannockburn Dr,38.971621,-77.143018,library / rec center,Bannockburn Community Club,252,569,MD/DC,True,50,,R02-G2,River & Royal Dominion,2,8.0,2.5,1.3,3.75,0.45,0,False,quarter-mile on MacArthur Boulevard,R02-G2,156,Bannockburn Community Club (library / rec center) is 252 m away; Bannockburn Community House (library / rec center) is 255 m away; entrance to a neighborhood of about 6812 homes with 150 entrances; on a busy road; 156 large homes and 569 houses within 800 m,fcb06816-d819-43a7-b28f-e7a9abfde768;eb89d7be-b9b1-4695-bf1d-037fa191aaf1;b6319f5c-45cf-49f3-999a-4ffb88481edb,,416efd61-ef90-413f-9e47-2e1ff847015e
R02,Bethesda & Wood Acres,15,R02-S15,Dalroy Ln & Bannockburn Dr,38.975265,-77.137237,school,Bannockburn Elementary School,117,924,MD/DC,True,50,"Use the public corner near the school, not school grounds.",R02-G2,River & Royal Dominion,3,6.07,0.5,2.57,3.0,0,0,False,school,R02-G2,308,Bannockburn Elementary School (school) is 117 m away; on a neighborhood street; 308 large homes and 924 houses within 800 m,76bc015f-7a5b-4151-ab2d-a5992564e4a8,,3b059723-1a8d-4169-be3e-21d0f1a0bc2c
R02,Bethesda & Wood Acres,16,R02-S16,Wilson Ln & Laverock Ln,38.97657,-77.143142,swim club / pool,Bannockburn Swimming Club,152,672,MD/DC,True,50,,R02-G2,River & Royal Dominion,4,8.23,2.5,2.48,3.25,0,0,False,quarter-mile on Wilson Lane,R02-G2,298,Bannockburn Swimming Club (swim club / pool) is 152 m away; The Yellow House School (preschool) is 75 m away; on a busy road; 298 large homes and 672 houses within 800 m,bc7714ea-1040-4704-bd91-96a35a270dfb;b530b5d9-6e19-4c13-a056-f85d1c0a5669,,1e7f6ba7-e47c-4ea8-80db-81228ce5743b
R02,Bethesda & Wood Acres,17,R02-S17,Wilson Ln & Selkirk Dr,38.981254,-77.140747,neighborhood entrance,,,802,MD/DC,True,50,,R02-G2,River & Royal Dominion,5,6.13,2.5,3.18,0,0.45,0,False,quarter-mile on Wilson Lane,R02-G2,382,entrance to a neighborhood of about 6812 homes with 150 entrances; on a busy road; 382 large homes and 802 houses within 800 m,,,65c32eaa-3bcd-45d0-868d-2f6b51034b7d
R02,Bethesda & Wood Acres,18,R02-S18,River Rd & Wilson Ln,38.983494,-77.137674,stoplight,,,886,MD/DC,True,50,Set back from the corner so drivers stopped at the light can read it.,R02-G2,River & Royal Dominion,6,8.82,3,2.83,0,0,3.0,True,stoplight,R02-G2,339,traffic light here (OpenStreetMap); on a main road; 339 large homes and 886 houses within 800 m,,292436772;3709879840,45bad76c-d28d-4950-8be0-ad94ade8d21e
R02,Bethesda & Wood Acres,19,R02-S19,River Rd & Beech Tree Rd,38.986228,-77.143325,stoplight,,,756,MD/DC,True,50,Set back from the corner so drivers stopped at the light can read it.,R02-G2,River & Royal Dominion,7,9.02,3,2.57,0,0.45,3.0,True,stoplight,R02-G2,308,traffic light here (OpenStreetMap); entrance to a neighborhood of about 6812 homes with 150 entrances; on a main road; 308 large homes and 756 houses within 800 m,,49174077;1279995983,7f20c5e3-2ff4-42e4-b59f-adc6d7d0f07f
R02,Bethesda & Wood Acres,20,R02-S20,River Rd & Royal Dominion Dr,38.989068,-77.149528,private school,The Primary Day School,78,490,MD/DC,True,50,"Use the public corner near the school, not school grounds.",R02-G2,River & Royal Dominion,8,11.72,3,2.24,3.0,0.48,3.0,True,stoplight,R02-G2,269,traffic light here (OpenStreetMap); The Primary Day School (private school) is 78 m away; entrance to a neighborhood of about 144 homes with 3 entrances; on a main road; 269 large homes and 490 houses within 800 m,d7070dbf-a673-4062-a717-1b1ddf890bab,2368020056;292436758,4f4ac9da-f779-40c9-9e50-0bb6ed482a8a
R02,Bethesda & Wood Acres,21,R02-S21,River Rd & Burdette Rd,38.99023,-77.152618,stoplight,American Plant,88,356,MD/DC,True,50,Set back from the corner so drivers stopped at the light can read it.,R02-G2,River & Royal Dominion,9,9.8,3,1.8,2.0,0,3.0,True,quarter-mile on Burdette Road,R02-G2,216,traffic light here (OpenStreetMap); American Plant (garden center / hardware) is 88 m away; on a main road; 216 large homes and 356 houses within 800 m,782bd2d3-81ae-4c0d-93f6-1159016e88c9,3496250024;49174062,f14cc8ad-b221-4c96-b4a1-44749e076c59
R02,Bethesda & Wood Acres,22,R02-S22,Seven Locks Rd & Thornley Ct,38.985282,-77.15995,church,First Agape at Gibson Grove AME Zion Church,101,474,MD/DC,True,50,,R02-G2,River & Royal Dominion,10,6.01,2.5,1.71,1.5,0.3,0,False,quarter-mile on Seven Locks Road,R02-G2,205,First Agape at Gibson Grove AME Zion Church (church) is 101 m away; entrance to a neighborhood of about 30 homes with 1 entrances; on a busy road; 205 large homes and 474 houses within 800 m,1d0615e7-ad7d-48ca-83fc-2e7f562c5375,,61c76b9f-5686-4fd9-b2eb-9f8d727d4766
R02,Bethesda & Wood Acres,23,R02-S23,Seven Locks Rd & Longridge Ct,38.97816,-77.161132,park / playground,Seven Locks Park,269,638,MD/DC,True,50,,R02-G2,River & Royal Dominion,11,5.62,2.5,2.12,1.0,0,0,False,quarter-mile on Seven Locks Road,R02-G2,255,Seven Locks Park (park / playground) is 269 m away; on a busy road; 255 large homes and 638 houses within 800 m,c6fdaf93-ce9f-424c-a777-d64f512fc68c,,f9536306-c6b4-4bfe-897c-d3a97de3ca20
R02,Bethesda & Wood Acres,24,R02-S24,Seven Locks Rd & MacArthur Blvd,38.974442,-77.161582,stoplight,,,544,MD/DC,True,50,Set back from the corner so drivers stopped at the light can read it.,R02-G2,River & Royal Dominion,12,9.08,2.5,1.58,2.0,0,3.0,True,stoplight,R02-G2,190,traffic light here (OpenStreetMap); 8 storefronts within 150 m (strip center); on a busy road; 190 large homes and 544 houses within 800 m,,49158498,86ad464d-3a47-400d-9eeb-86307427cb94
R02,Bethesda & Wood Acres,25,R02-S25,Stone Trl Dr & Comanche Ct,38.985012,-77.170066,school,Carderock Springs Elementary School,283,542,MD/DC,True,50,"Use the public corner near the school, not school grounds.",R02-G3,Rosehill & Barnum,1,5.03,0.5,1.52,3.0,0,0,False,school,R02-G3,183,Carderock Springs Elementary School (school) is 283 m away; on a neighborhood street; 183 large homes and 542 houses within 800 m,9ddb8d51-8919-4902-a99b-9577e8c260fa,,7577c282-bb49-470f-98d5-2391a2d4c905
R02,Bethesda & Wood Acres,26,R02-S26,River Rd & Seven Locks Rd,38.992669,-77.161746,stoplight,,,418,MD/DC,True,50,Set back from the corner so drivers stopped at the light can read it.,R02-G3,Rosehill & Barnum,2,7.31,3,1.31,0,0,3.0,True,stoplight,R02-G3,157,traffic light here (OpenStreetMap); on a main road; 157 large homes and 418 houses within 800 m,,292439175;292439239;292436938;292439237,dc575889-5ea6-4550-b9c6-8260b05f0efa
R02,Bethesda & Wood Acres,27,R02-S27,Seven Locks Rd & Cindy Ln,38.999306,-77.160098,neighborhood entrance,,,475,MD/DC,True,50,,R02-G3,Rosehill & Barnum,3,5.43,2.5,2.38,0,0.55,0,False,quarter-mile on Seven Locks Road,R02-G3,286,entrance to a neighborhood of about 493 homes with 9 entrances; on a busy road; 286 large homes and 475 houses within 800 m,,,d593666e-b0a5-4385-a365-84d7396db2c1
R02,Bethesda & Wood Acres,28,R02-S28,Seven Locks Rd & Dwight Dr,39.003925,-77.159652,neighborhood entrance,,,579,MD/DC,True,50,,R02-G3,Rosehill & Barnum,4,6.22,2.5,3.17,0,0.55,0,False,quarter-mile on Seven Locks Road,R02-G3,380,entrance to a neighborhood of about 493 homes with 9 entrances; on a busy road; 380 large homes and 579 houses within 800 m,,,e51f3452-21cf-4b14-a0a2-de5fa531a584
R02,Bethesda & Wood Acres,29,R02-S29,Rosehill Dr & Barnum Rd,39.010311,-77.158218,school,Seven Locks Elementary School,375,496,MD/DC,True,50,"Use the public corner near the school, not school grounds.",R02-G3,Rosehill & Barnum,5,9.27,0.5,2.77,6.0,0,0,False,school,R02-G3,332,Seven Locks Elementary School (school) is 375 m away; Walden Montessori Academy (private school) is 210 m away; on a neighborhood street; 332 large homes and 496 houses within 800 m,c82fcbf8-a3e2-4d6b-bdd0-8848d06ec305;e687068f-feb7-427d-b699-e64a5d37263f;34ae5cc4-d030-43f0-b4a0-7b4800f85730,,0ab4b6f2-c70b-4dab-ac3d-7ce13a77f526
R02,Bethesda & Wood Acres,30,R02-S30,Seven Locks Rd & Glennon Dr,39.008201,-77.159744,neighborhood entrance,,,500,MD/DC,True,50,,R02-G3,Rosehill & Barnum,6,5.95,2.5,2.9,0,0.55,0,False,quarter-mile on Seven Locks Road,R02-G3,348,entrance to a neighborhood of about 493 homes with 9 entrances; on a busy road; 348 large homes and 500 houses within 800 m,,,0e4dca4b-5e32-46f1-a72e-feb53d7e84cf
R02,Bethesda & Wood Acres,31,R02-S31,River Rd & Carderock Springs Dr,38.996967,-77.16941,neighborhood entrance,,,333,MD/DC,True,50,,R02-G3,Rosehill & Barnum,7,5.11,3,1.26,0,0.85,0,False,quarter-mile on River Road,R02-G3,151,entrance to a neighborhood of about 508 homes with 6 entrances; on a main road; 151 large homes and 333 houses within 800 m,,,2d9036ff-6152-4b5b-b437-180b428a40c7
R02,Bethesda & Wood Acres,32,R02-S32,River Rd & Clewerwall Dr,38.999226,-77.174154,neighborhood entrance,,,164,MD/DC,True,50,,R02-G3,Rosehill & Barnum,8,4.75,3,0.9,0,0.85,0,False,quarter-mile on River Road,R02-G3,108,entrance to a neighborhood of about 508 homes with 6 entrances; on a main road; 108 large homes and 164 houses within 800 m,,,94837ecf-dfc7-4078-be16-7ff7317ff963
R02,Bethesda & Wood Acres,33,R02-S33,River Rd & Bradley Blvd,39.002038,-77.180826,stoplight,,,111,MD/DC,True,50,Set back from the corner so drivers stopped at the light can read it.,R02-G3,Rosehill & Barnum,9,6.68,3,0.68,0,0,3.0,True,stoplight,R02-G3,82,traffic light here (OpenStreetMap); on a main road; 82 large homes and 111 houses within 800 m,,655276630,9da20a71-45fe-46e3-93ea-fcce64043f8e
R02,Bethesda & Wood Acres,34,R02-S34,River Rd & Harrington Dr,39.003543,-77.184371,busy intersection,,,110,MD/DC,True,50,,R02-G3,Rosehill & Barnum,10,3.96,3,0.62,0,0.33,0,False,quarter-mile on River Road,R02-G3,75,entrance to a neighborhood of about 33 homes with 1 entrances; on a main road; 75 large homes and 110 houses within 800 m,,,85259297-25b9-494e-8e45-133a1e0e8f24
R02,Bethesda & Wood Acres,35,R02-S35,River Rd & Durham Dr,39.005084,-77.187988,church,Saint Andrew Romanian Orthodox Church,121,126,MD/DC,True,50,,R02-G3,Rosehill & Barnum,11,5.43,3,0.78,1.5,0.15,0,False,quarter-mile on River Road,R02-G3,93,Saint Andrew Romanian Orthodox Church (church) is 121 m away; entrance to a neighborhood of about 46 homes with 3 entrances; on a main road; 93 large homes and 126 houses within 800 m,40216fcc-bf52-4321-8073-aa6ff0aad536,,4be6a771-3970-4cdb-a45a-ea87c3b13ad0
R02,Bethesda & Wood Acres,36,R02-S36,Burdette Rd & Burdette Ct,38.993492,-77.150268,private school,Holton-Arms School,286,309,MD/DC,True,50,"Use the public corner near the school, not school grounds.",R02-G4,Bradley Blvd & Fernwood,1,6.9,2,1.64,3.0,0.26,0,False,school,R02-G4,197,Holton-Arms School (private school) is 286 m away; entrance to a neighborhood of about 26 homes with 1 entrances; on a collector road; 197 large homes and 309 houses within 800 m,7dcf4b54-9e21-4593-90c3-329e9c9ac435,,0742e051-6bf7-4715-9362-e502dbd664d3
R02,Bethesda & Wood Acres,37,R02-S37,Maryknoll Ave & Beech Tree Rd,38.989871,-77.141822,school,Burning Tree Elementary School,117,775,MD/DC,True,50,"Use the public corner near the school, not school grounds.",R02-G4,Bradley Blvd & Fernwood,2,6.23,0.5,2.73,3.0,0,0,False,school,R02-G4,328,Burning Tree Elementary School (school) is 117 m away; on a neighborhood street; 328 large homes and 775 houses within 800 m,bf435b2c-ffc5-400c-84a6-4556f5c1b3a3,,d20ac200-cf74-497d-8d6b-f32e9c5be8e1
R02,Bethesda & Wood Acres,38,R02-S38,Bradley Blvd & Valley Rd,38.995817,-77.126766,neighborhood entrance,Hillmead Neighborhood Park,187,902,MD/DC,True,50,,R02-G4,Bradley Blvd & Fernwood,3,5.97,2.5,2.02,1.0,0.44,0,False,quarter-mile on Bradley Boulevard,R02-G4,243,Hillmead Neighborhood Park (park / playground) is 187 m away; entrance to a neighborhood of about 175 homes with 4 entrances; on a busy road; 243 large homes and 902 houses within 800 m,a5389473-a4ff-452b-9018-10b6d7276368,,34a052ab-b260-4250-a53f-6c1cdb73ca91
R02,Bethesda & Wood Acres,39,R02-S39,Bradley Blvd & Howell Rd,38.998024,-77.130996,neighborhood entrance,,,824,MD/DC,True,50,,R02-G4,Bradley Blvd & Fernwood,4,5.66,2.5,2.71,0,0.45,0,False,quarter-mile on Bradley Boulevard,R02-G4,325,entrance to a neighborhood of about 6812 homes with 150 entrances; on a busy road; 325 large homes and 824 houses within 800 m,,,547efc9a-8862-40e8-b1e1-4b49d5e18dcd
R02,Bethesda & Wood Acres,40,R02-S40,Bradley Blvd & Fernwood Rd,39.003215,-77.134984,stoplight,,,674,MD/DC,True,50,Set back from the corner so drivers stopped at the light can read it.,R02-G4,Bradley Blvd & Fernwood,5,8.68,2.5,2.73,0,0.45,3.0,True,stoplight,R02-G4,327,traffic light here (OpenStreetMap); entrance to a neighborhood of about 6812 homes with 150 entrances; on a busy road; 327 large homes and 674 houses within 800 m,,12107212585,0db60a85-f92a-427c-8822-2b372ea4daf6
R02,Bethesda & Wood Acres,41,R02-S41,Burdette Rd & Greentree Rd,39.00786,-77.138313,private school,The Woods Academy,49,624,MD/DC,True,50,"Use the public corner near the school, not school grounds.",R02-G4,Bradley Blvd & Fernwood,6,8.44,2,2.33,3.5,0.61,0,False,school,R02-G4,279,The Woods Academy (private school) is 49 m away; Fernwood Park (park / playground) is 237 m away; entrance to a neighborhood of about 1158 homes with 19 entrances; on a collector road; 279 large homes and 624 houses within 800 m,a6529407-ce61-44f4-8103-6b77ba6208de;9d9db1f8-bd60-4810-9b62-291cff4981b7,,a0e104f2-4e3b-471b-8b09-636d7e36963d
R02,Bethesda & Wood Acres,42,R02-S42,Bradley Blvd & Burdette Rd,39.005418,-77.140451,stoplight,,,496,MD/DC,True,50,Set back from the corner so drivers stopped at the light can read it.,R02-G4,Bradley Blvd & Fernwood,7,8.37,2.5,2.87,0,0,3.0,True,stoplight,R02-G4,344,traffic light here (OpenStreetMap); on a busy road; 344 large homes and 496 houses within 800 m,,12107212561,fbddddee-2d31-41e3-a2ea-18ebf3265ae0
R02,Bethesda & Wood Acres,43,R02-S43,Bradley Blvd & Oak Forest Ln,39.005138,-77.145393,private school,Guidepost Montessori At Bradley Hills,103,367,MD/DC,True,50,"Use the public corner near the school, not school grounds.",R02-G4,Bradley Blvd & Fernwood,8,8.14,2.5,2.38,3.0,0.26,0,False,school,R02-G4,286,Guidepost Montessori At Bradley Hills (private school) is 103 m away; entrance to a neighborhood of about 26 homes with 1 entrances; on a busy road; 286 large homes and 367 houses within 800 m,dadbd291-4df4-42c8-a53a-7b1f29a7e31b,,6205bd61-6217-46c4-82fe-4b4cb09a3072
R02,Bethesda & Wood Acres,44,R02-S44,Fernwood Rd & Michaels Dr,39.010369,-77.133269,swim club / pool,Old Georgetown Swim Club,201,936,MD/DC,True,50,,R02-G5,Fernwood & Greyswood,1,7.91,2.5,1.8,3.0,0.61,0,False,quarter-mile on Fernwood Road,R02-G5,216,Old Georgetown Swim Club (swim club / pool) is 201 m away; Wyngate Woods Neighborhood Park (park / playground) is 268 m away; entrance to a neighborhood of about 1158 homes with 19 entrances; on a busy road; 216 large homes and 936 houses within 800 m,52ab58fa-008a-4485-86da-04aaef63ffb0;72a27ff8-1aa4-482d-af2d-c97cb2e72c7c,,33643c7f-895f-4978-b4b5-5f3174b61109
R02,Bethesda & Wood Acres,45,R02-S45,Wadsworth Dr & Adelaide Dr,39.00986,-77.127365,school,Wyngate Elementary School,77,1114,MD/DC,True,50,"Use the public corner near the school, not school grounds.",R02-G5,Fernwood & Greyswood,2,4.92,0.5,1.42,3.0,0,0,False,school,R02-G5,170,Wyngate Elementary School (school) is 77 m away; on a neighborhood street; 170 large homes and 1114 houses within 800 m,dac46a4a-abd0-4fe5-8512-2798e90dba3a,,bdaf8ca0-c4b4-4180-b379-b0208a333fb4
R02,Bethesda & Wood Acres,46,R02-S46,Johnson Ave & Ewing Dr,39.004653,-77.123352,school,North Bethesda Middle School,113,1155,MD/DC,True,50,"Use the public corner near the school, not school grounds.",R02-G5,Fernwood & Greyswood,3,5.1,0.5,1.6,3.0,0,0,False,school,R02-G5,192,North Bethesda Middle School (school) is 113 m away; on a neighborhood street; 192 large homes and 1155 houses within 800 m,024e6c73-246b-43ae-be72-a8c02e94cdb7,,58f99b1c-b563-4ad1-8d16-d2dc98aac7c7
R02,Bethesda & Wood Acres,47,R02-S47,Greentree Rd & Rolston Rd,39.001244,-77.118438,school,Montgomery County Public Schools,178,1214,MD/DC,True,50,"Use the public corner near the school, not school grounds.",R02-G5,Fernwood & Greyswood,4,8.73,2,1.78,4.5,0.45,0,False,school,R02-G5,214,Montgomery County Public Schools (school) is 178 m away; Bradley Hills Elementary School (school) is 207 m away; entrance to a neighborhood of about 6812 homes with 150 entrances; on a collector road; 214 large homes and 1214 houses within 800 m,f8078a80-32d7-4076-9f4d-ab98d13fa92b;7ed0eb73-610f-4da4-be50-8c45bb0f94a8,,fa28022f-0b1f-43ae-8b32-6296bb7ca96c
R02,Bethesda & Wood Acres,48,R02-S48,Old Georgetown Rd & Charles St,39.007437,-77.112326,strip center,,,1056,MD/DC,True,50,"Use the corner at the entrance, not the private lot.",R02-G5,Fernwood & Greyswood,5,6.85,3,1.59,2.0,0.26,0,False,quarter-mile on Old Georgetown Road,R02-G5,191,7 storefronts within 150 m (strip center); entrance to a neighborhood of about 26 homes with 1 entrances; on a main road; 191 large homes and 1056 houses within 800 m,,,283822cd-a5a4-4f69-ab69-ba7d9d761d15
R02,Bethesda & Wood Acres,49,R02-S49,Beech Ave & Montgomery Dr,39.011453,-77.112004,private school,Rochambeau French International School,293,974,MD/DC,True,50,"Use the public corner near the school, not school grounds.",R02-G5,Fernwood & Greyswood,6,7.38,2,1.42,3.75,0.21,0,False,school,R02-G5,170,Rochambeau French International School (private school) is 293 m away; Bethesda Country Day School (preschool) is 78 m away; entrance to a neighborhood of about 105 homes with 5 entrances; on a collector road; 170 large homes and 974 houses within 800 m,aafbfb32-d911-49a5-b62d-e910467558ad;2e11457c-39d6-43ba-b344-413a7885965a,,6e73cc83-4cae-4c71-937d-58cbab53e187
R02,Bethesda & Wood Acres,50,R02-S50,Old Georgetown Rd & Beech Ave,39.0101,-77.114754,stoplight,,,1047,MD/DC,True,50,Set back from the corner so drivers stopped at the light can read it.,R02-G5,Fernwood & Greyswood,7,7.4,3,1.4,0,0,3.0,True,stoplight,R02-G5,168,traffic light here (OpenStreetMap); on a main road; 168 large homes and 1047 houses within 800 m,,293562429;49228373,43cc7236-d52e-457e-9c78-88e09d116747
R02,Bethesda & Wood Acres,51,R02-S51,Old Georgetown Rd & Ryland Dr,39.013022,-77.117321,stoplight,,,1044,MD/DC,True,50,Set back from the corner so drivers stopped at the light can read it.,R02-G5,Fernwood & Greyswood,8,7.65,3,1.2,0,0.45,3.0,True,stoplight,R02-G5,144,traffic light here (OpenStreetMap); entrance to a neighborhood of about 6812 homes with 150 entrances; on a main road; 144 large homes and 1044 houses within 800 m,,292417078;49190517,8f5af10d-d205-4ce3-a3ca-b9c5863c4de2
R02,Bethesda & Wood Acres,52,R02-S52,Montauk Ave & Camrose Ter,39.017982,-77.129058,school,Ashburton Elementary School,192,1028,MD/DC,True,50,"Use the public corner near the school, not school grounds.",R02-G5,Fernwood & Greyswood,9,4.03,0.5,0.53,3.0,0,0,False,school,R02-G5,64,Ashburton Elementary School (school) is 192 m away; on a neighborhood street; 64 large homes and 1028 houses within 800 m,3b75242b-af4d-483d-9c4c-6404a4af8f30,,86f50af8-fd7e-4be3-a39b-597dcb5a7f32
R02,Bethesda & Wood Acres,53,R02-S53,Fernwood Rd & Greyswood Rd,39.018243,-77.133322,stoplight,Glenbrook Cooperative Nursery School,329,834,MD/DC,True,50,Set back from the corner so drivers stopped at the light can read it.,R02-G5,Fernwood & Greyswood,10,9.01,2.5,0.65,2.25,0.61,3.0,True,stoplight,R02-G5,78,traffic light here (OpenStreetMap); Glenbrook Cooperative Nursery School (preschool) is 329 m away; Bethesda United Church of Christ (church) is 345 m away; entrance to a neighborhood of about 1158 homes with 19 entrances; on a busy road; 78 large homes and 834 houses within 800 m,2fdd95b9-bbfe-4860-97e2-05ebd3a4eaf2;67093864-71e9-4875-84d1-e8ac21b14855,49159869,76693d10-d21a-49d9-a0f8-e4d4fcbe8d7b
R02,Bethesda & Wood Acres,54,R02-S54,Old Georgetown Rd & West Cedar Ln,39.004548,-77.110607,stoplight,Georgetown Doctors Park,193,926,MD/DC,True,50,Set back from the corner so drivers stopped at the light can read it.,R02-G6,Wisconsin Ave & Battery Ln,1,8.5,3,1.5,1.0,0,3.0,True,stoplight,R02-G6,180,traffic light here (OpenStreetMap); Georgetown Doctors Park (park / playground) is 193 m away; on a main road; 180 large homes and 926 houses within 800 m,11068567-2bb9-4c8b-a32b-286d74ac2326,3772707598;3772707597;49228360;293562479,a6186c66-4fa7-438a-b4e0-0fac83970197
R02,Bethesda & Wood Acres,55,R02-S55,Old Georgetown Rd & Greentree Rd,39.000146,-77.109476,stoplight,,,687,MD/DC,True,50,Set back from the corner so drivers stopped at the light can read it.,R02-G6,Wisconsin Ave & Battery Ln,2,7.44,3,1.18,0,0.26,3.0,True,stoplight,R02-G6,142,traffic light here (OpenStreetMap); entrance to a neighborhood of about 1070 homes with 41 entrances; on a main road; 142 large homes and 687 houses within 800 m,,293562602;49228350,b1b90cf1-4f3c-4cf0-b7d6-fc555b51af7a
R02,Bethesda & Wood Acres,56,R02-S56,Old Georgetown Rd & McKinley St,38.996573,-77.109087,stoplight,,,691,MD/DC,True,50,Set back from the corner so drivers stopped at the light can read it.,R02-G6,Wisconsin Ave & Battery Ln,3,7.52,3,1.07,0,0.45,3.0,True,stoplight,R02-G6,128,traffic light here (OpenStreetMap); entrance to a neighborhood of about 6812 homes with 150 entrances; on a main road; 128 large homes and 691 houses within 800 m,,293562740;49130366,e234a84a-8ea6-4f88-8167-06bf9502edff
R02,Bethesda & Wood Acres,57,R02-S57,Old Georgetown Rd & Huntington Pkwy,38.992989,-77.10763,stoplight,,,787,MD/DC,True,50,Set back from the corner so drivers stopped at the light can read it.,R02-G6,Wisconsin Ave & Battery Ln,4,7.56,3,1.56,0,0,3.0,True,stoplight,R02-G6,187,traffic light here (OpenStreetMap); on a main road; 187 large homes and 787 houses within 800 m,,2903553421,342c5636-bc3d-40fe-af50-e8e4c8345636
R02,Bethesda & Wood Acres,58,R02-S58,Wisconsin Ave & Battery Ln,38.992756,-77.09596,stoplight,,,596,MD/DC,True,50,Set back from the corner so drivers stopped at the light can read it.,R02-G6,Wisconsin Ave & Battery Ln,5,9.03,3,0.68,2.0,0.35,3.0,True,stoplight,R02-G6,82,traffic light here (OpenStreetMap); 43 storefronts within 150 m (strip center); entrance to a neighborhood of about 461 homes with 13 entrances; on a main road; 82 large homes and 596 houses within 800 m,,666946308;5472751045;297002493;49193103,0bb38cb9-f858-43cc-a6b1-5b6b83df6c7a
R02,Bethesda & Wood Acres,59,R02-S59,Wisconsin Ave & Rockville Pike,38.995159,-77.096519,stoplight,,,466,MD/DC,True,50,Set back from the corner so drivers stopped at the light can read it.,R02-G6,Wisconsin Ave & Battery Ln,6,6.58,3,0.57,0,0,3.0,True,quarter-mile on Rockville Pike,R02-G6,69,traffic light here (OpenStreetMap); on a main road; 69 large homes and 466 houses within 800 m,,49167669;297002214,38e820f7-16ef-440d-a228-0dcae48488b9
R02,Bethesda & Wood Acres,60,R02-S60,Rockville Pike & South Dr,38.999488,-77.096998,stoplight,,,204,MD/DC,True,50,Set back from the corner so drivers stopped at the light can read it.,R02-G6,Wisconsin Ave & Battery Ln,7,6.51,3,0.25,0,0.26,3.0,True,stoplight,R02-G6,30,traffic light here (OpenStreetMap); entrance to a neighborhood of about 1070 homes with 41 entrances; on a main road; 30 large homes and 204 houses within 800 m,,297000494;49188680,bb0dc946-c301-46cd-8519-eb5987b9e685
R02,Bethesda & Wood Acres,61,R02-S61,West Cedar Ln & West Dr,39.005371,-77.104552,stoplight,Rocky Mountain Laboratories Library,287,767,MD/DC,True,50,Set back from the corner so drivers stopped at the light can read it.,R02-G6,Wisconsin Ave & Battery Ln,8,8.83,2.5,1.07,2.0,0.26,3.0,True,stoplight,R02-G6,128,traffic light here (OpenStreetMap); Rocky Mountain Laboratories Library (library / rec center) is 287 m away; entrance to a neighborhood of about 1070 homes with 41 entrances; on a busy road; 128 large homes and 767 houses within 800 m,e876b9f2-781c-4a4d-9b8b-ebffcc1b3235,49183918,a95a9080-91de-403a-9e82-b4f6190335c1
R02,Bethesda & Wood Acres,62,R02-S62,Old Georgetown Rd & Auburn Ave,38.98884,-77.101026,stoplight,Christ Lutheran Church,148,765,MD/DC,True,50,Set back from the corner so drivers stopped at the light can read it.,R02-G7,Arlington & Montgomery Ln,1,11.72,3,1.77,3.5,0.45,3.0,True,stoplight,R02-G7,212,traffic light here (OpenStreetMap); Christ Lutheran Church (church) is 148 m away; 17 storefronts within 150 m (strip center); entrance to a neighborhood of about 6812 homes with 150 entrances; on a main road; 212 large homes and 765 houses within 800 m,679fc05e-0ba2-4c23-b727-20b04807c712,49228319,938bb384-2170-47e0-918e-3a05fa7cab66
R02,Bethesda & Wood Acres,63,R02-S63,Wilson Ln & Fairfax Rd,38.987192,-77.105461,neighborhood entrance,,,985,MD/DC,True,50,,R02-G7,Arlington & Montgomery Ln,2,5.74,2.5,2.79,0,0.45,0,False,quarter-mile on Wilson Lane,R02-G7,335,entrance to a neighborhood of about 6812 homes with 150 entrances; on a busy road; 335 large homes and 985 houses within 800 m,,,4e3ac3f3-93e7-421e-9740-47999a047c82
R02,Bethesda & Wood Acres,64,R02-S64,Wilson Ln & Moorland Ln,38.987087,-77.10987,neighborhood entrance,,,1171,MD/DC,True,50,,R02-G7,Arlington & Montgomery Ln,3,6.06,2.5,3.11,0,0.45,0,False,quarter-mile on Wilson Lane,R02-G7,373,entrance to a neighborhood of about 6812 homes with 150 entrances; on a busy road; 373 large homes and 1171 houses within 800 m,,,df4d76e8-fe51-4be3-abf8-44050bbab6d7
R02,Bethesda & Wood Acres,65,R02-S65,Bradley Blvd & Burling Rd,38.980041,-77.111099,neighborhood entrance,Cubbies Preschool,111,988,MD/DC,True,50,,R02-G7,Arlington & Montgomery Ln,4,8.17,2.5,3.72,1.5,0.45,0,False,quarter-mile on Bradley Boulevard,R02-G7,446,Cubbies Preschool (preschool) is 111 m away; entrance to a neighborhood of about 6812 homes with 150 entrances; on a busy road; 446 large homes and 988 houses within 800 m,db150c73-7751-4c06-a30a-e89be27248eb,,301afb48-ea5b-4de7-8ff4-7cf5eb8aef12
R02,Bethesda & Wood Acres,66,R02-S66,Goldsboro Rd & Radnor Rd,38.975558,-77.112262,neighborhood entrance,,,724,MD/DC,True,50,,R02-G7,Arlington & Montgomery Ln,5,6.54,3,3.09,0,0.45,0,False,quarter-mile on Goldsboro Road,R02-G7,371,entrance to a neighborhood of about 6812 homes with 150 entrances; on a main road; 371 large homes and 724 houses within 800 m,,,7b297a58-9113-49cf-bab7-2cc0f50e7104
R02,Bethesda & Wood Acres,67,R02-S67,Goldsboro Rd & Bradley Blvd,38.977219,-77.106712,stoplight,,,707,MD/DC,True,50,Set back from the corner so drivers stopped at the light can read it.,R02-G7,Arlington & Montgomery Ln,6,8.73,3,2.73,0,0,3.0,True,stoplight,R02-G7,328,traffic light here (OpenStreetMap); on a main road; 328 large homes and 707 houses within 800 m,,49166800;1324521355,77356dbc-fffc-4e80-9a87-d886027e960c
R02,Bethesda & Wood Acres,68,R02-S68,Little Falls Pkwy & Hillandale Rd,38.972752,-77.100429,stoplight,,,799,MD/DC,True,50,Set back from the corner so drivers stopped at the light can read it.,R02-G7,Arlington & Montgomery Ln,7,7.97,2.5,2.47,0,0,3.0,True,stoplight,R02-G7,296,traffic light here (OpenStreetMap); on a busy road; 296 large homes and 799 houses within 800 m,,49311251,aa5d4d31-5c48-4b0a-9cad-39dc0b3d3043
R02,Bethesda & Wood Acres,69,R02-S69,Bradley Blvd & Arlington Rd,38.977957,-77.098738,stoplight,Safeway,37,631,MD/DC,True,50,Set back from the corner so drivers stopped at the light can read it.,R02-G7,Arlington & Montgomery Ln,8,10.52,3,1.52,3.0,0,3.0,True,stoplight,R02-G7,182,traffic light here (OpenStreetMap); Safeway (grocery / big-box anchor) is 37 m away; on a main road; 182 large homes and 631 houses within 800 m,504b5de6-2800-460b-8379-2a01816687c2,1324521394;49299353,1affe343-3416-498b-a9fa-7e978008a1e2
R02,Bethesda & Wood Acres,70,R02-S70,Arlington Rd & Montgomery Ln,38.983341,-77.098548,private school,Sidwell Friends Lower School,170,629,MD/DC,True,50,"Use the public corner near the school, not school grounds.",R02-G7,Arlington & Montgomery Ln,9,14.32,2.5,1.82,7.0,0,3.0,True,stoplight,R02-G7,218,traffic light here (OpenStreetMap); Sidwell Friends Lower School (private school) is 170 m away; Connie Morella Library - Bethesda (library / rec center) is 34 m away; 20 storefronts within 150 m (strip center); on a busy road; 218 large homes and 629 houses within 800 m,c13a2db5-01d5-412a-b798-6724fb4a8b35;d58ba36d-608e-47cc-b1db-92080a756f2f;bcc61bc3-131f-4eaf-960e-1454cd00f4c8,49236096,cd5a656f-fd89-431f-8ea3-3413d6792cd2
R02,Bethesda & Wood Acres,71,R02-S71,Montgomery Ln & East Ln,38.983478,-77.094994,school,Georgetown Hill Early School,240,591,MD/DC,True,50,"Use the public corner near the school, not school grounds.",R02-G7,Arlington & Montgomery Ln,10,14.24,3,1.24,7.0,0,3.0,True,stoplight,R02-G7,149,traffic light here (OpenStreetMap); Georgetown Hill Early School (school) is 240 m away; Costabile Associates (library / rec center) is 41 m away; 63 storefronts within 150 m (strip center); on a main road; 149 large homes and 591 houses within 800 m,c6039466-5744-42e2-abf6-e4d2b2aa65f5;eb9287f9-cc64-47b7-860c-85c33dcfb71c;7c845181-bb02-45a5-8327-e50f296af35b,49236090,d17a2adf-c69a-446a-a202-50f0e92fd502
R02,Bethesda & Wood Acres,72,R02-S72,Wisconsin Ave & Commerce Ln,38.985986,-77.09447,library / rec center,"Westat, Inc",140,624,MD/DC,True,50,,R02-G7,Arlington & Montgomery Ln,11,9.67,3,1.17,5.5,0,0,False,quarter-mile on Wisconsin Avenue,R02-G7,140,"Westat, Inc (library / rec center) is 140 m away; McLean Bible Church (church) is 191 m away; 38 storefronts within 150 m (strip center); on a main road; 140 large homes and 624 houses within 800 m",2d5654d6-0538-4972-bf87-9fbe4ab03948;981ddadd-c95f-4fce-913b-981edb6f37d7;4c41ebdd-2529-4cde-a40f-a79e18f5a5a6,,d8c3caac-5032-4e7d-ae77-5385879abd7a
R02,Bethesda & Wood Acres,73,R02-S73,Woodmont Ave & Norfolk Ave,38.988239,-77.096069,stoplight,National Library of Medicine,39,631,MD/DC,True,50,Set back from the corner so drivers stopped at the light can read it.,R02-G7,Arlington & Montgomery Ln,12,10.58,2,1.13,4.0,0.45,3.0,True,stoplight,R02-G7,136,traffic light here (OpenStreetMap); National Library of Medicine (library / rec center) is 39 m away; 77 storefronts within 150 m (strip center); entrance to a neighborhood of about 6812 homes with 150 entrances; on a collector road; 136 large homes and 631 houses within 800 m,f2a164fa-b3ba-4be4-88c5-9eb06a701843,49163247,dc807986-8ea8-4841-9b15-9db5d339a46f
R02,Bethesda & Wood Acres,74,R02-S74,Bradley Blvd & Durbin Rd,38.98328,-77.114273,neighborhood entrance,,,1155,MD/DC,True,50,,R02-G8,River & Whittier Blvd,1,6.95,2.5,4,0,0.45,0,False,quarter-mile on Bradley Boulevard,R02-G8,486,entrance to a neighborhood of about 6812 homes with 150 entrances; on a busy road; 486 large homes and 1155 houses within 800 m,,,5deb59e9-d0dc-454f-90c6-e96af5d357da
R02,Bethesda & Wood Acres,75,R02-S75,Wilson Ln & Bradley Blvd,38.986187,-77.115328,stoplight,,,1253,MD/DC,True,50,Set back from the corner so drivers stopped at the light can read it.,R02-G8,River & Whittier Blvd,2,9.2,2.5,3.7,0,0,3.0,True,stoplight,R02-G8,444,traffic light here (OpenStreetMap); on a busy road; 444 large homes and 1253 houses within 800 m,,49299401,00fab760-bb42-4913-9cdb-eb1c405ef976
R02,Bethesda & Wood Acres,76,R02-S76,Wilson Ln & Oldchester Rd,38.988983,-77.119628,neighborhood entrance,,,1110,MD/DC,True,50,,R02-G8,River & Whittier Blvd,3,5.76,2.5,2.81,0,0.45,0,False,quarter-mile on Wilson Lane,R02-G8,337,entrance to a neighborhood of about 6812 homes with 150 entrances; on a busy road; 337 large homes and 1110 houses within 800 m,,,355a9b9e-0645-4215-8d08-6e663a739ab2
R02,Bethesda & Wood Acres,77,R02-S77,Bradley Blvd & Radnor Rd,38.990074,-77.116973,neighborhood entrance,,,1152,MD/DC,True,50,,R02-G8,River & Whittier Blvd,4,5.68,2.5,2.73,0,0.45,0,False,quarter-mile on Bradley Boulevard,R02-G8,328,entrance to a neighborhood of about 6812 homes with 150 entrances; on a busy road; 328 large homes and 1152 houses within 800 m,,,ea71a54b-2883-4973-b32e-719188a04307
R02,Bethesda & Wood Acres,78,R02-S78,Bradley Blvd & Huntington Pkwy,38.992815,-77.11857,stoplight,,,1084,MD/DC,True,50,Set back from the corner so drivers stopped at the light can read it.,R02-G8,River & Whittier Blvd,5,7.83,2.5,2.33,0,0,3.0,True,stoplight,R02-G8,280,traffic light here (OpenStreetMap); on a busy road; 280 large homes and 1084 houses within 800 m,,2903553418;12107244071,fe40ca11-f11e-48f9-b49d-d7a1ade5b565
R02,Bethesda & Wood Acres,79,R02-S79,Whittier Blvd & Bryant Dr,38.992462,-77.129142,private school,Landon School,297,945,MD/DC,True,50,"Use the public corner near the school, not school grounds.",R02-G8,River & Whittier Blvd,6,8.9,2,2.45,4.0,0.45,0,False,school,R02-G8,294,Landon School (private school) is 297 m away; Wildflower Native Plant Nursery (garden center / hardware) is 177 m away; entrance to a neighborhood of about 6812 homes with 150 entrances; on a collector road; 294 large homes and 945 houses within 800 m,1a5da9b9-e701-48e3-bd6c-f097925df3ad;fdd226c2-9ec1-44b3-9e7d-0e1443cff31b,,4db467b1-d216-4108-a8be-f34da28fb30e
R02,Bethesda & Wood Acres,80,R02-S80,Wilson Ln & Whittier Blvd,38.988304,-77.127555,stoplight,,,1058,MD/DC,True,50,Set back from the corner so drivers stopped at the light can read it.,R02-G8,River & Whittier Blvd,7,8.06,2.5,2.56,0,0,3.0,True,stoplight,R02-G8,307,traffic light here (OpenStreetMap); on a busy road; 307 large homes and 1058 houses within 800 m,,49158107,b254bff1-8173-451c-9135-ecf1db04cd15
R02,Bethesda & Wood Acres,81,R02-S81,Whittier Blvd & Robinwood Rd,38.981296,-77.125701,school,Walt Whitman High School,183,1172,MD/DC,True,50,"Use the public corner near the school, not school grounds.",R02-G8,River & Whittier Blvd,8,8.42,2,3.98,2.0,0.45,0,False,school,R02-G8,477,Walt Whitman High School (school) is 183 m away; entrance to a neighborhood of about 6812 homes with 150 entrances; on a collector road; 477 large homes and 1172 houses within 800 m,b18fda46-a3cd-4117-9272-b759f77bdcd5,,bbb76ce8-392f-4da4-b89e-de1698490fa0
R02,Bethesda & Wood Acres,82,R02-S82,River Rd & Whittier Blvd,38.97554,-77.126108,stoplight,,,936,MD/DC,True,50,Set back from the corner so drivers stopped at the light can read it.,R02-G8,River & Whittier Blvd,9,9.55,3,2.8,0,0.75,3.0,True,stoplight,R02-G8,336,traffic light here (OpenStreetMap); entrance to a neighborhood of about 225 homes with 3 entrances; on a main road; 336 large homes and 936 houses within 800 m,,293561047;49158020,084310ab-af6a-4959-bb1c-157c15466921
R02,Bethesda & Wood Acres,83,R02-S83,River Rd & Goldsboro Rd,38.973149,-77.121874,stoplight,,,855,MD/DC,True,50,Set back from the corner so drivers stopped at the light can read it.,R02-G8,River & Whittier Blvd,10,8.04,3,2.04,0,0,3.0,True,stoplight,R02-G8,245,traffic light here (OpenStreetMap); on a main road; 245 large homes and 855 houses within 800 m,,3709897175;3709897173;3709897164;3709897174,c3a78a56-acdf-4b2c-9444-793994f259bb
R02,Bethesda & Wood Acres,84,R02-S84,Massachusetts Ave & Goldsboro Rd,38.969936,-77.131217,stoplight,The Goddard School,97,1004,MD/DC,True,50,Set back from the corner so drivers stopped at the light can read it.,R02-G8,River & Whittier Blvd,11,9.39,2.5,2.39,1.5,0,3.0,True,stoplight,R02-G8,287,traffic light here (OpenStreetMap); The Goddard School (preschool) is 97 m away; on a busy road; 287 large homes and 1004 houses within 800 m,5d9bb30b-a55d-4ccf-b52c-d203544a24b3,49150963,d9326b29-8f6b-47a5-80ed-4d1e73084e9a
R02,Bethesda & Wood Acres,85,R02-S85,River Rd & Braeburn Pkwy,38.980312,-77.133604,stoplight,,,899,MD/DC,True,50,Set back from the corner so drivers stopped at the light can read it.,R02-G8,River & Whittier Blvd,12,9.23,3,2.78,0,0.45,3.0,True,stoplight,R02-G8,334,traffic light here (OpenStreetMap); entrance to a neighborhood of about 6812 homes with 150 entrances; on a main road; 334 large homes and 899 houses within 800 m,,293560938;8436031048,7126b6db-306c-494a-a5a1-4ce284b7e5d6
R03,Vienna,1,R03-S01,Wolftrap Rd & Arrowleaf Dr,38.903736,-77.227767,private school,Lorien Wood School,232,689,VA,True,50,"Use the public corner near the school, not school grounds.",R03-G1,Park St SE & Cedar Ln,1,8.18,0.5,1.68,6.0,0,0,False,school,R03-G1,202,Lorien Wood School (private school) is 232 m away; Kilmer Middle School (school) is 223 m away; on a neighborhood street; 202 large homes and 689 houses within 800 m,8c6e9764-6079-48fb-ad00-da1b419c4a40;8642e618-bb29-4b7c-bd57-81e265328a07;0814acb6-2836-4c23-8df3-08aa9f65d1d7,,322643af-6656-401f-bd9b-7c2a85483bad
R03,Vienna,2,R03-S02,Cedar Ln & Electric Ave,38.898557,-77.228651,stoplight,,,753,VA,True,50,Set back from the corner so drivers stopped at the light can read it.,R03-G1,Park St SE & Cedar Ln,2,7.21,2.5,1.71,0,0,3.0,True,quarter-mile on Electric Avenue,R03-G1,205,traffic light here (OpenStreetMap); on a busy road; 205 large homes and 753 houses within 800 m,,63817097,7d633dbe-45af-4acd-b8fb-25b4f09d8e4d
R03,Vienna,3,R03-S03,Idylwood Rd & Cedar Ln,38.89725,-77.231247,stoplight,,,841,VA,True,50,Set back from the corner so drivers stopped at the light can read it.,R03-G1,Park St SE & Cedar Ln,3,7.38,2.5,1.88,0,0,3.0,True,stoplight,R03-G1,225,traffic light here (OpenStreetMap); on a busy road; 225 large homes and 841 houses within 800 m,,655298861,27bc54db-38f2-4aab-b252-e0709d47aa74
R03,Vienna,4,R03-S04,Woodford Rd & Electric Ave,38.901766,-77.239326,stoplight,,,831,VA,True,50,Set back from the corner so drivers stopped at the light can read it.,R03-G1,Park St SE & Cedar Ln,4,7.09,2,2.09,0,0,3.0,True,stoplight,R03-G1,251,traffic light here (OpenStreetMap); on a collector road; 251 large homes and 831 houses within 800 m,,63653051,d3d8ed25-e2e8-4046-9a2c-944a8b9537b2
R03,Vienna,5,R03-S05,Cedar Ln & Wedderburn Station Dr,38.894321,-77.237304,church,Grace Presbyterian Church,125,971,VA,True,50,,R03-G1,Park St SE & Cedar Ln,5,6.12,2.5,2.12,1.5,0,0,False,quarter-mile on Cedar Lane,R03-G1,255,Grace Presbyterian Church (church) is 125 m away; on a busy road; 255 large homes and 971 houses within 800 m,b42f1746-d349-4ce9-bb96-b3d3834f896d,,b0a21197-11bf-4e43-be25-fbf61a997802
R03,Vienna,6,R03-S06,Cedar Ln & Redwood Dr,38.891494,-77.239541,neighborhood entrance,,,957,VA,True,50,,R03-G1,Park St SE & Cedar Ln,6,4.89,2.5,1.88,0,0.52,0,False,quarter-mile on Cedar Lane,R03-G1,225,entrance to a neighborhood of about 2370 homes with 46 entrances; on a busy road; 225 large homes and 957 houses within 800 m,,,06883a48-87b8-4e3b-ad44-bfc420f19aff
R03,Vienna,7,R03-S07,Park St SE & Tapawingo Rd SE,38.895876,-77.252931,busy intersection,,,982,VA,True,50,,R03-G1,Park St SE & Cedar Ln,7,4.98,2.5,2.48,0,0,0,False,quarter-mile on Park Street Southeast,R03-G1,298,on a busy road; 298 large homes and 982 houses within 800 m,,,1ab9d097-a3b2-417e-84b9-648ed905a7bb
R03,Vienna,8,R03-S08,Park St SE & Adahi Rd SE,38.893354,-77.249692,school,Cunningham Park Elementary School,91,944,VA,True,50,"Use the public corner near the school, not school grounds.",R03-G1,Park St SE & Cedar Ln,8,8.45,2.5,2.42,3.0,0.52,0,False,school,R03-G1,291,Cunningham Park Elementary School (school) is 91 m away; entrance to a neighborhood of about 2370 homes with 46 entrances; on a busy road; 291 large homes and 944 houses within 800 m,27bd23f6-f650-4bb6-bd52-1da67e1c4068,,19241ab6-e210-4dba-9ea1-fe4b858257ca
R03,Vienna,9,R03-S09,Park St & Fardale St SE,38.889886,-77.247007,neighborhood entrance,,,830,VA,True,50,,R03-G1,Park St SE & Cedar Ln,9,4.93,2.5,1.91,0,0.52,0,False,quarter-mile on Park Street,R03-G1,229,entrance to a neighborhood of about 2370 homes with 46 entrances; on a busy road; 229 large homes and 830 houses within 800 m,,,ae9c6825-2d1c-406b-8703-f91b29023567
R03,Vienna,10,R03-S10,Park St SE & Cedar Ln,38.888246,-77.242189,stoplight,"北維州 蒙愛華人基督教會 Beloved Chinese Church of Christ in Vienna, Virginia",71,958,VA,True,50,Set back from the corner so drivers stopped at the light can read it.,R03-G1,Park St SE & Cedar Ln,10,11.34,2.5,1.59,4.25,0,3.0,True,stoplight,R03-G1,191,"traffic light here (OpenStreetMap); 北維州 蒙愛華人基督教會 Beloved Chinese Church of Christ in Vienna, Virginia (church) is 71 m away; Church For All Nations 올네이션스 교회 (church) is 210 m away; 15 storefronts within 150 m (strip center); on a busy road; 191 large homes and 958 houses within 800 m",90e8389d-8167-45bb-9b41-b0d6447ed50f;67e63bad-77d0-40cc-8daf-6c751e46ddbd,63817203,8440eb69-2a12-425d-abb8-75f834f47324
R03,Vienna,11,R03-S11,Cedar Ln & Cottage St SW,38.882268,-77.24552,stoplight,,,778,VA,True,50,Set back from the corner so drivers stopped at the light can read it.,R03-G1,Park St SE & Cedar Ln,11,6.53,2.5,1.03,0,0,3.0,True,stoplight,R03-G1,124,traffic light here (OpenStreetMap); on a busy road; 124 large homes and 778 houses within 800 m,,63608394,52eb0bbe-54b5-492b-b0da-afea527e823f
R03,Vienna,12,R03-S12,Cedar Ln & Hilltop Rd,38.878664,-77.246747,busy intersection,,,642,VA,True,50,,R03-G1,Park St SE & Cedar Ln,12,3.68,2.5,1.18,0,0,0,False,quarter-mile on Cedar Lane,R03-G1,142,on a busy road; 142 large homes and 642 houses within 800 m,,,6745f3cf-4ca3-406a-8f33-3b9d00c56287
R03,Vienna,13,R03-S13,Nutley St & Hermosa Dr,38.873576,-77.263812,stoplight,,,334,VA,True,50,Set back from the corner so drivers stopped at the light can read it.,R03-G2,Chain Bridge & Courthouse,1,6.85,3,0.63,0,0.22,3.0,True,stoplight,R03-G2,76,traffic light here (OpenStreetMap); entrance to a neighborhood of about 323 homes with 15 entrances; on a main road; 76 large homes and 334 houses within 800 m,,655661346;655661338;2404261648,7a126fd3-47c0-4482-bdbb-e49f41ca34c9
R03,Vienna,14,R03-S14,Vaden Dr & Saintsbury Dr,38.87568,-77.275103,stoplight,,,206,VA,True,50,Set back from the corner so drivers stopped at the light can read it.,R03-G2,Chain Bridge & Courthouse,2,5.38,2,0.38,0,0,3.0,True,stoplight,R03-G2,46,traffic light here (OpenStreetMap); on a collector road; 46 large homes and 206 houses within 800 m,,5544148514;5544148518;5544148513;5544148519,68380cb5-90df-4983-a643-9a42cfcd3763
R03,Vienna,15,R03-S15,Country Creek Rd & Village Spring Ln,38.878198,-77.277596,stoplight,,,321,VA,True,50,Set back from the corner so drivers stopped at the light can read it.,R03-G2,Chain Bridge & Courthouse,3,5.74,2,0.68,0,0.06,3.0,True,stoplight,R03-G2,82,traffic light here (OpenStreetMap); entrance to a neighborhood of about 45 homes with 8 entrances; on a collector road; 82 large homes and 321 houses within 800 m,,63995000,09db64fc-7515-43d8-9c04-9aa5209f618f
R03,Vienna,16,R03-S16,Nutley St SW & Virginia Center Blvd,38.883022,-77.267948,stoplight,,,575,VA,True,50,Set back from the corner so drivers stopped at the light can read it.,R03-G2,Chain Bridge & Courthouse,4,7.06,3,1.06,0,0,3.0,True,stoplight,R03-G2,127,traffic light here (OpenStreetMap); on a main road; 127 large homes and 575 houses within 800 m,,1836024260;1836024305;1836035165,18857f42-3457-43f4-be3b-6f9a109467ca
R03,Vienna,17,R03-S17,Nutley St SW & Tapawingo Rd SW,38.886417,-77.2693,stoplight,,,725,VA,True,50,Set back from the corner so drivers stopped at the light can read it.,R03-G2,Chain Bridge & Courthouse,5,7.36,3,1.36,0,0,3.0,True,stoplight,R03-G2,163,traffic light here (OpenStreetMap); on a main road; 163 large homes and 725 houses within 800 m,,63559462;1836024334,c9cc604a-1c21-4b05-9d7b-b9e95a429f10
R03,Vienna,18,R03-S18,Nutley St SW & Courthouse Rd SW,38.890778,-77.271024,stoplight,,,733,VA,True,50,Set back from the corner so drivers stopped at the light can read it.,R03-G2,Chain Bridge & Courthouse,6,7.5,3,1.5,0,0,3.0,True,stoplight,R03-G2,180,traffic light here (OpenStreetMap); on a main road; 180 large homes and 733 houses within 800 m,,63793177;1836006828,bbe2dce5-239a-4f42-9520-19178f8ca7fb
R03,Vienna,19,R03-S19,Chain Bridge Rd & Chain Bridge Loop,38.892995,-77.276115,strip center,,,644,VA,True,50,"Use the corner at the entrance, not the private lot.",R03-G2,Chain Bridge & Courthouse,7,7.04,3,1.88,2.0,0.16,0,False,quarter-mile on Chain Bridge Road,R03-G2,226,13 storefronts within 150 m (strip center); entrance to a neighborhood of about 394 homes with 24 entrances; on a main road; 226 large homes and 644 houses within 800 m,,,2d9e58ec-c33c-457c-8e70-153d7df39b73
R03,Vienna,20,R03-S20,Chain Bridge Rd & Flint Hill Rd,38.890303,-77.279473,stoplight,,,620,VA,True,50,Set back from the corner so drivers stopped at the light can read it.,R03-G2,Chain Bridge & Courthouse,8,7.96,3,1.96,0,0,3.0,True,stoplight,R03-G2,235,traffic light here (OpenStreetMap); on a main road; 235 large homes and 620 houses within 800 m,,1836299208;63915103,969792bc-5aa8-4d10-921e-5625dbbd933a
R03,Vienna,21,R03-S21,Sutton Rd & Courthouse Rd,38.885577,-77.280617,stoplight,,,628,VA,True,50,Set back from the corner so drivers stopped at the light can read it.,R03-G2,Chain Bridge & Courthouse,9,6.84,2,1.84,0,0,3.0,True,stoplight,R03-G2,221,traffic light here (OpenStreetMap); on a collector road; 221 large homes and 628 houses within 800 m,,63674182,aaecffc7-8ee2-40c0-ba88-8e6add4d201f
R03,Vienna,22,R03-S22,Chain Bridge Rd & Access St,38.88576,-77.285126,stoplight,,,807,VA,True,50,Set back from the corner so drivers stopped at the light can read it.,R03-G2,Chain Bridge & Courthouse,10,8.7,3,2.58,0,0.12,3.0,True,stoplight,R03-G2,310,traffic light here (OpenStreetMap); entrance to a neighborhood of about 25 homes with 2 entrances; on a main road; 310 large homes and 807 houses within 800 m,,1836299323;64027542,aaff29ee-fb98-4f48-9c18-711460e4e2ab
R03,Vienna,23,R03-S23,Chain Bridge Rd & Oakton Glen Dr,38.884367,-77.288922,neighborhood entrance,,,889,VA,True,50,,R03-G2,Chain Bridge & Courthouse,11,6.25,3,2.75,0,0.5,0,False,quarter-mile on Chain Bridge Road,R03-G2,330,entrance to a neighborhood of about 150 homes with 3 entrances; on a main road; 330 large homes and 889 houses within 800 m,,,612869a1-bbc7-4f02-9424-ad942f66efa4
R03,Vienna,24,R03-S24,Chain Bridge Rd & Courthouse Rd,38.882746,-77.292835,stoplight,Oakton Church of the Brethren,46,827,VA,True,50,Set back from the corner so drivers stopped at the light can read it.,R03-G2,Chain Bridge & Courthouse,12,10.37,3,2.87,1.5,0,3.0,True,stoplight,R03-G2,344,traffic light here (OpenStreetMap); Oakton Church of the Brethren (church) is 46 m away; on a main road; 344 large homes and 827 houses within 800 m,00a7f3d1-72b8-4b09-b5f4-1ffc420ee00e,63806853;1836299271,23f6a615-22ff-41bf-961d-5d053c02aab4
R03,Vienna,25,R03-S25,Vale Rd & Riviera Dr,38.89815,-77.286128,neighborhood entrance,,,719,VA,True,50,,R03-G3,Vale & Oak Valley,1,5.71,2.5,2.68,0,0.53,0,False,quarter-mile on Vale Road,R03-G3,322,entrance to a neighborhood of about 159 homes with 3 entrances; on a busy road; 322 large homes and 719 houses within 800 m,,,5b97f7d1-a3af-45b1-bbbc-7bf640b77d13
R03,Vienna,26,R03-S26,Vale Rd & Tanglevale Dr,38.900463,-77.290498,neighborhood entrance,,,741,VA,True,50,,R03-G3,Vale & Oak Valley,2,5.71,2.5,2.68,0,0.53,0,False,quarter-mile on Vale Road,R03-G3,322,entrance to a neighborhood of about 159 homes with 3 entrances; on a busy road; 322 large homes and 741 houses within 800 m,,,a53e45ba-95ec-4fcb-8a7e-756cc0074bf5
R03,Vienna,27,R03-S27,Vale Rd & Oak Valley Dr,38.902965,-77.294649,private school,St. Mark Catholic School,162,628,VA,True,50,"Use the public corner near the school, not school grounds.",R03-G3,Vale & Oak Valley,3,8.41,2.5,2.16,3.75,0,0,False,school,R03-G3,259,St. Mark Catholic School (private school) is 162 m away; St. Mark Catholic Church (church) is 196 m away; on a busy road; 259 large homes and 628 houses within 800 m,15c32c02-ecfa-4ad7-9bc5-a8e0401de280;aaaf7883-4ce9-41bd-96fa-3ffb941d1877,,db4eeed8-2fea-4bab-b32c-b032f4d09563
R03,Vienna,28,R03-S28,Hunter Mill Rd & Vale Rd,38.900866,-77.303645,stoplight,,,335,VA,True,50,Set back from the corner so drivers stopped at the light can read it.,R03-G3,Vale & Oak Valley,4,7.88,3,1.88,0,0,3.0,True,stoplight,R03-G3,225,traffic light here (OpenStreetMap); on a main road; 225 large homes and 335 houses within 800 m,,63750016;63463220,a788e849-2c93-4481-afcd-f43a25decea1
R03,Vienna,29,R03-S29,Hunter Mill Rd & Beekay Ct,38.90568,-77.303102,busy intersection,,,309,VA,True,50,,R03-G3,Vale & Oak Valley,5,4.84,3,1.49,0,0.35,0,False,quarter-mile on Hunter Mill Road,R03-G3,179,entrance to a neighborhood of about 35 homes with 1 entrances; on a main road; 179 large homes and 309 houses within 800 m,,,2678eeb8-db90-4c49-8f96-031c4318c466
R03,Vienna,30,R03-S30,Lawyers Rd & Galloping Way,38.915059,-77.296628,neighborhood entrance,,,295,VA,True,50,,R03-G3,Vale & Oak Valley,6,5.51,3,1.52,0,0.98,0,False,quarter-mile on Lawyers Road,R03-G3,183,entrance to a neighborhood of about 196 homes with 2 entrances; on a main road; 183 large homes and 295 houses within 800 m,,,7363afda-c788-4738-ba93-bb60b8700dcf
R03,Vienna,31,R03-S31,Lawyers Rd & Carrhill Rd,38.913805,-77.293079,neighborhood entrance,,,403,VA,True,50,,R03-G3,Vale & Oak Valley,7,5.67,3,1.69,0,0.98,0,False,quarter-mile on Lawyers Road,R03-G3,203,entrance to a neighborhood of about 196 homes with 2 entrances; on a main road; 203 large homes and 403 houses within 800 m,,,a73128dd-9950-4b3c-a7e6-3aa3573db727
R03,Vienna,32,R03-S32,Lawyers Rd & Garrett St,38.912429,-77.289325,neighborhood entrance,,,543,VA,True,50,,R03-G3,Vale & Oak Valley,8,5.71,3,1.95,0,0.76,0,False,quarter-mile on Lawyers Road,R03-G3,234,entrance to a neighborhood of about 228 homes with 3 entrances; on a main road; 234 large homes and 543 houses within 800 m,,,74cc06ea-259d-4e42-bd44-575407a9bc50
R03,Vienna,33,R03-S33,Lawyers Rd & Kedge Dr,38.909619,-77.284501,neighborhood entrance,,,773,VA,True,50,,R03-G3,Vale & Oak Valley,9,5.83,3,2.15,0,0.68,0,False,quarter-mile on Lawyers Road,R03-G3,258,entrance to a neighborhood of about 136 homes with 2 entrances; on a main road; 258 large homes and 773 houses within 800 m,,,2a5eec3d-1a1e-4e31-ad43-384c327b751f
R03,Vienna,34,R03-S34,Lawyers Rd & Blair Rd NW,38.905885,-77.278452,neighborhood entrance,,,929,VA,True,50,,R03-G3,Vale & Oak Valley,10,5.9,3,2.21,0,0.69,0,False,quarter-mile on Lawyers Road,R03-G3,265,entrance to a neighborhood of about 69 homes with 1 entrances; on a main road; 265 large homes and 929 houses within 800 m,,,ebf04976-dfdb-46e4-81d7-738285eba390
R03,Vienna,35,R03-S35,Malcolm Rd NW & Nutley St NW,38.902164,-77.277504,busy intersection,,,845,VA,True,50,,R03-G3,Vale & Oak Valley,11,4.87,2.5,2.21,0,0.16,0,False,quarter-mile on Malcolm Road Northwest,R03-G3,265,entrance to a neighborhood of about 394 homes with 24 entrances; on a busy road; 265 large homes and 845 houses within 800 m,,,168f2bea-6582-49dc-9cf4-e9e0fdb6ef8c
R03,Vienna,36,R03-S36,Malcolm Rd NW & Orchard St NW,38.900148,-77.280969,park / playground,Peterson Lane Park,203,783,VA,True,50,,R03-G3,Vale & Oak Valley,12,5.99,2.5,2.33,1.0,0.16,0,False,quarter-mile on Malcolm Road Northwest,R03-G3,279,Peterson Lane Park (park / playground) is 203 m away; entrance to a neighborhood of about 394 homes with 24 entrances; on a busy road; 279 large homes and 783 houses within 800 m,9b3ab73a-a34b-4557-8221-e01d0e2a8c5b,,1eef26ed-837d-4a29-830a-1b8442a4fac7
R03,Vienna,37,R03-S37,Nutley St NW & Commons Dr NW,38.896682,-77.276214,private school,Green Hedges School,134,678,VA,True,50,"Use the public corner near the school, not school grounds.",R03-G4,Maple Ave West & Lawyers,1,8.25,2,2.09,4.0,0.16,0,False,school,R03-G4,251,Green Hedges School (private school) is 134 m away; James Madison High School (school) is 234 m away; entrance to a neighborhood of about 394 homes with 24 entrances; on a collector road; 251 large homes and 678 houses within 800 m,7371eb4f-b301-485b-b601-3e7a69ad5176;a0d12281-a295-4625-a2f3-cc33041f0e1e,,3b053aef-5490-4e94-bfad-63d27367b04b
R03,Vienna,38,R03-S38,Nutley St SW & Maple Ave West,38.894528,-77.273948,stoplight,,,678,VA,True,50,Set back from the corner so drivers stopped at the light can read it.,R03-G4,Maple Ave West & Lawyers,2,9.87,3,1.87,2.0,0,3.0,True,stoplight,R03-G4,224,traffic light here (OpenStreetMap); 42 storefronts within 150 m (strip center); on a main road; 224 large homes and 678 houses within 800 m,,1836006823;1836006803;63793160,35f46e6d-a0ab-4f22-8161-bb8eb98595f8
R03,Vienna,39,R03-S39,Courthouse Rd SW & Glen Ave SW,38.894189,-77.267354,private school,Vienna Adventist Academy,42,896,VA,True,50,"Use the public corner near the school, not school grounds.",R03-G4,Maple Ave West & Lawyers,3,8.04,2,2.12,3.75,0.16,0,False,school,R03-G4,255,Vienna Adventist Academy (private school) is 42 m away; Vienna Seventh-day Adventist Church (church) is 52 m away; entrance to a neighborhood of about 394 homes with 24 entrances; on a collector road; 255 large homes and 896 houses within 800 m,c7b3a96c-8690-414d-a27c-b3a97a5e61c8;dcc37d7a-a223-4a74-a58e-ca9e78ce601a,,f87f077a-e2ac-42fc-b3a3-cd90a264ee7c
R03,Vienna,40,R03-S40,Maple Ave West & Lawyers Rd,38.899764,-77.267479,stoplight,Maple Avenue Shopping Center,63,715,VA,True,50,Set back from the corner so drivers stopped at the light can read it.,R03-G4,Maple Ave West & Lawyers,4,12.76,3,2.01,4.75,0,3.0,True,stoplight,R03-G4,241,traffic light here (OpenStreetMap); Maple Avenue Shopping Center (shopping center) is 63 m away; Vienna Paint (garden center / hardware) is 50 m away; on a main road; 241 large homes and 715 houses within 800 m,3ff28663-4c25-47ad-a6ff-96be493d2186;d794c26c-f298-46bd-90fd-f90d9ca8c8ae;2f1b1905-ebaa-4093-8869-b7e74cabde01,63837041,3455dd6d-f7e0-4007-81b9-312455a31a95
R03,Vienna,41,R03-S41,Lawyers Rd & John Marshall Dr NW,38.904327,-77.274582,neighborhood entrance,,,853,VA,True,50,,R03-G4,Maple Ave West & Lawyers,5,5.55,3,2.15,0,0.4,0,False,quarter-mile on Lawyers Road,R03-G4,258,entrance to a neighborhood of about 485 homes with 12 entrances; on a main road; 258 large homes and 853 houses within 800 m,,,99a5f895-c4cc-46d9-bfa1-e2f6139f87f5
R03,Vienna,42,R03-S42,Lawyers Rd & Ayr Hill Ave NW,38.902631,-77.269393,neighborhood entrance,Ayr Hill Church,190,743,VA,True,50,,R03-G4,Maple Ave West & Lawyers,6,7.58,3,1.93,2.25,0.4,0,False,quarter-mile on Lawyers Road,R03-G4,232,Ayr Hill Church (church) is 190 m away; Faith Encounters Community Church (church) is 185 m away; entrance to a neighborhood of about 485 homes with 12 entrances; on a main road; 232 large homes and 743 houses within 800 m,139d7343-8878-4c2d-8bea-efb6fd9c27fa;69eeb0bc-65df-47f5-a95f-b5e1c9dff2c8,,43d42610-9b03-4772-80f3-2a119d89ab3d
R03,Vienna,43,R03-S43,Maple Ave East & Mill St NE,38.902825,-77.263636,stoplight,Whole Foods Market,97,659,VA,True,50,Set back from the corner so drivers stopped at the light can read it.,R03-G4,Maple Ave West & Lawyers,7,11.23,3,1.83,3.0,0.4,3.0,True,stoplight,R03-G4,220,traffic light here (OpenStreetMap); Whole Foods Market (grocery / big-box anchor) is 97 m away; entrance to a neighborhood of about 485 homes with 12 entrances; on a main road; 220 large homes and 659 houses within 800 m,b5b1b9c2-2eb9-4c00-b1e9-f71f1b549f8c,63370722,5f6cc3e0-ea29-49da-95da-6b76fe38dd5b
R03,Vienna,44,R03-S44,Locust St SW & Center St South,38.900108,-77.26331,school,Vienna Elementary School,95,748,VA,True,50,"Use the public corner near the school, not school grounds.",R03-G4,Maple Ave West & Lawyers,8,8.19,2,1.92,3.75,0.52,0,False,school,R03-G4,230,Vienna Elementary School (school) is 95 m away; Faith Baptist Academy (preschool) is 112 m away; entrance to a neighborhood of about 2370 homes with 46 entrances; on a collector road; 230 large homes and 748 houses within 800 m,fc1de907-5aa9-4d82-9c87-1f21e5788248;969df831-30b2-45b3-a7e5-de285686d893,,ff91162e-52af-445e-b27d-4213165a16ec
R03,Vienna,45,R03-S45,Park St SE & Dominion Dr SE,38.901142,-77.259798,library / rec center,Vienna Community Center,53,794,VA,True,50,,R03-G4,Maple Ave West & Lawyers,9,8.09,2.5,2.09,3.5,0,0,False,quarter-mile on Park Street Southeast,R03-G4,251,Vienna Community Center (library / rec center) is 53 m away; Arabic Bible Church (church) is 64 m away; on a busy road; 251 large homes and 794 houses within 800 m,43bdf9ae-6ab3-4b52-b329-6d6a419af664;ac2d7297-faeb-44b4-b5cc-cf1713a0cc59;f884574b-4594-4c38-bca1-caeb46dc8544,,e3402e58-40b1-44fa-810f-1d58e81deb49
R03,Vienna,46,R03-S46,Maple Ave East & Glyndon St NE,38.904967,-77.260955,stoplight,Glyndon Plaza,90,638,VA,True,50,Set back from the corner so drivers stopped at the light can read it.,R03-G4,Maple Ave West & Lawyers,10,11.79,3,1.85,3.0,0.94,3.0,True,stoplight,R03-G4,222,traffic light here (OpenStreetMap); Glyndon Plaza (shopping center) is 90 m away; entrance to a neighborhood of about 1602 homes with 17 entrances; on a main road; 222 large homes and 638 houses within 800 m,d3ffcc00-fc57-4ea5-8fec-bb9313b1334d,63511067,74e2beb1-3e4a-40b4-a2d0-d1d22f100c0e
R03,Vienna,47,R03-S47,Maple Ave East & Beulah Rd,38.907338,-77.257982,stoplight,Sherwin-Williams,118,619,VA,True,50,Set back from the corner so drivers stopped at the light can read it.,R03-G4,Maple Ave West & Lawyers,11,12.05,3,2.05,4.0,0,3.0,True,stoplight,R03-G4,246,traffic light here (OpenStreetMap); Sherwin-Williams (garden center / hardware) is 118 m away; 46 storefronts within 150 m (strip center); on a main road; 246 large homes and 619 houses within 800 m,2c0a2ad5-2318-428c-98d4-05dd212b6a08,64045022,faa01fc7-1359-4b02-99c8-c742ec0837c3
R03,Vienna,48,R03-S48,Park St SE & Talahi Rd SE,38.898174,-77.255931,neighborhood entrance,Salt and Light Church,202,961,VA,True,50,,R03-G4,Maple Ave West & Lawyers,12,7.62,2.5,2.35,2.25,0.52,0,False,quarter-mile on Park Street Southeast,R03-G4,282,Salt and Light Church (church) is 202 m away; Wesley United Methodist Church (church) is 206 m away; entrance to a neighborhood of about 2370 homes with 46 entrances; on a busy road; 282 large homes and 961 houses within 800 m,f74c8339-0a71-4ed3-8f9a-9fc5662aef2a;3970c118-80bc-4665-ae4d-35683c506d78,,35be8efe-dab3-47b9-af9b-0f0a48ac85e3
R03,Vienna,49,R03-S49,Maple Ave East & Follin Ln SE,38.91014,-77.254145,stoplight,,,601,VA,True,50,Set back from the corner so drivers stopped at the light can read it.,R03-G5,Chain Bridge & Boone Blvd,1,7.93,3,1.93,0,0,3.0,True,stoplight,R03-G5,232,traffic light here (OpenStreetMap); on a main road; 232 large homes and 601 houses within 800 m,,1834814611;829970030;63724743,9c2cba0d-6755-4aa4-8819-731111afa046
R03,Vienna,50,R03-S50,Chain Bridge Rd & Niblick Dr SE,38.910964,-77.25013,busy intersection,,,528,VA,True,50,,R03-G5,Chain Bridge & Boone Blvd,2,4.8,3,1.8,0,0,0,False,quarter-mile on Niblick Drive Southeast,R03-G5,216,on a main road; 216 large homes and 528 houses within 800 m,,,373dff4c-979f-463f-a110-3dd40caf21b8
R03,Vienna,51,R03-S51,Chain Bridge Rd & Westbriar Dr NE,38.912432,-77.246892,neighborhood entrance,Cornerstone Presbyterian Church,149,552,VA,True,50,,R03-G5,Chain Bridge & Boone Blvd,3,8.41,3,1.99,3.0,0.42,0,False,quarter-mile on Chain Bridge Road,R03-G5,239,Cornerstone Presbyterian Church (church) is 149 m away; Emmaus United Church of Christ (church) is 146 m away; entrance to a neighborhood of about 672 homes with 16 entrances; on a main road; 239 large homes and 552 houses within 800 m,56e10d89-ad5e-48b6-b315-bae37a84404d;02189c23-7c9f-4cb7-b2b1-0d40ffdc5289;9d6e4cc9-328d-4911-be45-a25eee313c7b,,515706e8-ad6b-4fb5-80d0-2765a9058045
R03,Vienna,52,R03-S52,Chain Bridge Rd & Saint Andrews Dr NE,38.913914,-77.243366,neighborhood entrance,,,604,VA,True,50,,R03-G5,Chain Bridge & Boone Blvd,4,5.23,3,1.81,0,0.42,0,False,quarter-mile on Chain Bridge Road,R03-G5,217,entrance to a neighborhood of about 672 homes with 16 entrances; on a main road; 217 large homes and 604 houses within 800 m,,,1c401f85-65a1-494f-9bd9-9659add1749b
R03,Vienna,53,R03-S53,Wolftrap Rd & Annies Way,38.909679,-77.242225,private school,Our Lady of Good Counsel Catholic School,192,819,VA,True,50,"Use the public corner near the school, not school grounds.",R03-G5,Chain Bridge & Boone Blvd,5,7.38,2,2.38,3.0,0,0,False,school,R03-G5,286,Our Lady of Good Counsel Catholic School (private school) is 192 m away; on a collector road; 286 large homes and 819 houses within 800 m,07c2fbf3-eaa1-4856-8948-ba4d8f239441,,c5306f0c-847f-4cf2-9e85-15ec1ba52ba6
R03,Vienna,54,R03-S54,Old Courthouse Rd & Woodford Rd,38.914576,-77.233292,stoplight,,,465,VA,True,50,Set back from the corner so drivers stopped at the light can read it.,R03-G5,Chain Bridge & Boone Blvd,6,9.2,2.5,1.7,2.0,0,3.0,True,stoplight,R03-G5,204,traffic light here (OpenStreetMap); 11 storefronts within 150 m (strip center); on a busy road; 204 large homes and 465 houses within 800 m,,63652935,da662bc6-e246-407a-801a-f80ee40eae90
R03,Vienna,55,R03-S55,Chain Bridge Rd & Boone Blvd,38.916955,-77.235907,stoplight,Tysons Square Shopping Center,281,371,VA,True,50,Set back from the corner so drivers stopped at the light can read it.,R03-G5,Chain Bridge & Boone Blvd,7,10.29,3,1.29,3.0,0,3.0,True,stoplight,R03-G5,155,traffic light here (OpenStreetMap); Tysons Square Shopping Center (shopping center) is 281 m away; on a main road; 155 large homes and 371 houses within 800 m,6446773f-67c6-44e5-b5c8-bbdd3f9d74ea,1421661805;1421661851,3e326a84-ff7d-4cf9-8c40-c821729a12eb
R03,Vienna,56,R03-S56,Old Courthouse Rd & Gosnell Rd,38.918398,-77.238593,stoplight,,,372,VA,True,50,Set back from the corner so drivers stopped at the light can read it.,R03-G5,Chain Bridge & Boone Blvd,8,6.63,2.5,1.13,0,0,3.0,True,quarter-mile on Gosnell Road,R03-G5,136,traffic light here (OpenStreetMap); on a busy road; 136 large homes and 372 houses within 800 m,,1834814796;63448439,5bbc7ca3-c919-476a-bdd1-9ea1181365b7
R03,Vienna,57,R03-S57,Gosnell Rd & Tyspring St,38.92172,-77.238486,grocery / big-box anchor,Lidl,157,199,VA,True,50,"Use the corner at the entrance, not the private lot.",R03-G5,Chain Bridge & Boone Blvd,9,5.84,2.5,0.34,3.0,0,0,False,quarter-mile on Gosnell Road,R03-G5,41,Lidl (grocery / big-box anchor) is 157 m away; on a busy road; 41 large homes and 199 houses within 800 m,b0a61b94-0f06-4be8-8438-707b2584c039,,e5e7bb30-ea0e-47db-a353-60d90a1d89da
R03,Vienna,58,R03-S58,Old Courthouse Rd & Pine Valley Dr,38.919556,-77.246893,school,Westbriar Elementary School,213,584,VA,True,50,"Use the public corner near the school, not school grounds.",R03-G5,Chain Bridge & Boone Blvd,10,6.55,2,1.13,3.0,0.42,0,False,school,R03-G5,136,Westbriar Elementary School (school) is 213 m away; entrance to a neighborhood of about 672 homes with 16 entrances; on a collector road; 136 large homes and 584 houses within 800 m,f36cda72-5663-426a-a62f-1df775e16c2f,,9c256e90-208a-46fc-90a9-49f77d628ea8
R03,Vienna,59,R03-S59,Beulah Rd & Creek Crossing Rd NE,38.910165,-77.262631,park / playground,Glyndon Park,174,645,VA,True,50,,R03-G6,Beulah & Talisman,1,5.47,2.5,1.98,1.0,0,0,False,quarter-mile on Beulah Road,R03-G6,237,Glyndon Park (park / playground) is 174 m away; on a busy road; 237 large homes and 645 houses within 800 m,fe8e2bc6-f9c8-4979-8ac3-718fd71710ad,,8c982a69-b8e8-472b-954b-23d0c446525a
R03,Vienna,60,R03-S60,Beulah Rd & Macarthur Ave NE,38.914063,-77.265742,neighborhood entrance,Beulah Road Park,209,849,VA,True,50,,R03-G6,Beulah & Talisman,2,6.46,2.5,2.02,1.0,0.94,0,False,quarter-mile on Beulah Road,R03-G6,243,Beulah Road Park (park / playground) is 209 m away; entrance to a neighborhood of about 1602 homes with 17 entrances; on a busy road; 243 large homes and 849 houses within 800 m,0dec6e69-f916-4703-b5f4-bb504b819422,,4f4e77be-78d0-42c4-921a-a9dd24d28f0c
R03,Vienna,61,R03-S61,Beulah Rd & Talisman Dr,38.917956,-77.267831,school,Wolftrap Elementary School,96,897,VA,True,50,"Use the public corner near the school, not school grounds.",R03-G6,Beulah & Talisman,3,8.38,2.5,1.94,3.0,0.94,0,False,school,R03-G6,233,Wolftrap Elementary School (school) is 96 m away; entrance to a neighborhood of about 1602 homes with 17 entrances; on a busy road; 233 large homes and 897 houses within 800 m,e19a04b0-0ca8-4819-9383-50957eba2a0d,,b5bb49a6-fbe6-40e5-8f93-5bbe37d23d88
R03,Vienna,62,R03-S62,Trap Rd & Hicks Dr,38.930852,-77.269468,neighborhood entrance,,,386,VA,True,50,,R03-G6,Beulah & Talisman,4,4.94,2.5,1.86,0,0.58,0,False,quarter-mile on Trap Road,R03-G6,223,entrance to a neighborhood of about 234 homes with 4 entrances; on a busy road; 223 large homes and 386 houses within 800 m,,,6ef7307a-8958-4ce3-8e2a-d0aa505dc507
R03,Vienna,63,R03-S63,Beulah Rd & Clarks Crossing Rd,38.926918,-77.273697,neighborhood entrance,,,572,VA,True,50,,R03-G6,Beulah & Talisman,5,5.63,2.5,2.19,0,0.94,0,False,quarter-mile on Beulah Road,R03-G6,263,entrance to a neighborhood of about 1602 homes with 17 entrances; on a busy road; 263 large homes and 572 houses within 800 m,,,9e673469-fa37-4427-98d6-e1230b974bf0
R03,Vienna,64,R03-S64,Beulah Rd & State St,38.923649,-77.271607,church,Antioch Christian Church,97,735,VA,True,50,,R03-G6,Beulah & Talisman,6,6.0,2.5,2.0,1.5,0,0,False,quarter-mile on Beulah Road,R03-G6,240,Antioch Christian Church (church) is 97 m away; on a busy road; 240 large homes and 735 houses within 800 m,a6faf56d-8464-4b2c-b040-3bc6c663d928,,614853d9-3cfb-4df4-85ed-c1b22c7e094e
R03,Vienna,65,R03-S65,Flint Hill Rd & Sunrise Rd,38.895277,-77.283057,school,Flint Hill Elementary School,203,598,VA,True,50,"Use the public corner near the school, not school grounds.",R03-G6,Beulah & Talisman,7,7.72,2,2.36,3.0,0.36,0,False,school,R03-G6,283,Flint Hill Elementary School (school) is 203 m away; entrance to a neighborhood of about 73 homes with 2 entrances; on a collector road; 283 large homes and 598 houses within 800 m,681ad5cb-598c-4b95-a77b-ef2ba34192b8,,c108c3a1-6481-4593-98e5-d05572cf0e98
R04,Potomac,1,R04-S01,Tobin Cir & Mercy Ct,39.012054,-77.17311,private school,Our Lady of Mercy School,300,347,MD/DC,True,50,"Use the public corner near the school, not school grounds.",R04-G1,Tobin Cir & Mercy Ct,1,5.53,0.5,2.03,3.0,0,0,False,school,R04-G1,244,Our Lady of Mercy School (private school) is 300 m away; on a neighborhood street; 244 large homes and 347 houses within 800 m,84724fb8-83d8-4c51-b08a-f220a52fd5fc,,2de4ec8a-94fe-4f8d-9cfd-c05e3338e902
R04,Potomac,2,R04-S02,Kendale Rd & Crider Brook Way,39.012714,-77.178657,school,German International School Washington D.c.,227,341,MD/DC,True,50,"Use the public corner near the school, not school grounds.",R04-G1,Tobin Cir & Mercy Ct,2,4.61,0.5,2.11,2.0,0,0,False,school,R04-G1,253,German International School Washington D.c. (school) is 227 m away; on a neighborhood street; 253 large homes and 341 houses within 800 m,09492bb8-62f4-4a4d-9c9c-2b5242a0caf7,,7c278640-fb5f-408c-8f78-00b60ddffe65
R04,Potomac,3,R04-S03,Democracy Blvd & Newbridge Dr,39.023662,-77.183052,busy intersection,,,373,MD/DC,True,50,,R04-G1,Tobin Cir & Mercy Ct,3,4.03,2.5,1.53,0,0,0,False,quarter-mile on Democracy Boulevard,R04-G1,184,on a busy road; 184 large homes and 373 houses within 800 m,,,a1aadce3-a60b-4765-a876-6945ad986c0c
R04,Potomac,4,R04-S04,River Rd & Newbridge Dr,39.009918,-77.196434,busy intersection,,,195,MD/DC,True,50,,R04-G1,Tobin Cir & Mercy Ct,4,4.21,3,1.21,0,0,0,False,quarter-mile on Newbridge Drive,R04-G1,145,on a main road; 145 large homes and 195 houses within 800 m,,,5d527798-1dc3-4126-8e5f-59989f952079
R04,Potomac,5,R04-S05,River Rd & Congressional Pkwy,39.006633,-77.191101,busy intersection,,,128,MD/DC,True,50,,R04-G1,Tobin Cir & Mercy Ct,5,3.93,3,0.78,0,0.15,0,False,quarter-mile on River Road,R04-G1,94,entrance to a neighborhood of about 46 homes with 3 entrances; on a main road; 94 large homes and 128 houses within 800 m,,,177138d0-0e3b-460a-b4f9-d5b763eb8380
R04,Potomac,6,R04-S06,Persimmon Tree Rd & Meriden Rd,39.01184,-77.202323,neighborhood entrance,,,421,MD/DC,True,50,,R04-G2,River & Counselman,1,5.3,2.5,2.19,0,0.61,0,False,quarter-mile on Persimmon Tree Road,R04-G2,263,entrance to a neighborhood of about 546 homes with 9 entrances; on a busy road; 263 large homes and 421 houses within 800 m,,,4defa056-bd68-43e7-8e78-4a1b5e981102
R04,Potomac,7,R04-S07,River Rd & Accord Dr,39.014907,-77.204193,neighborhood entrance,,,493,MD/DC,True,50,,R04-G2,River & Counselman,2,6.19,3,2.58,0,0.61,0,False,quarter-mile on River Road,R04-G2,310,entrance to a neighborhood of about 546 homes with 9 entrances; on a main road; 310 large homes and 493 houses within 800 m,,,80fe1d90-0ffc-4653-ad9c-f0f79a6c1e9f
R04,Potomac,8,R04-S08,River Rd & Counselman Rd,39.017284,-77.207763,stoplight,Safeway,88,518,MD/DC,True,50,Set back from the corner so drivers stopped at the light can read it.,R04-G2,River & Counselman,3,13.75,3,2.75,5.0,0,3.0,True,stoplight,R04-G2,330,traffic light here (OpenStreetMap); Safeway (grocery / big-box anchor) is 88 m away; Ace Hardware (garden center / hardware) is 118 m away; on a main road; 330 large homes and 518 houses within 800 m,e21b5af4-d516-4ed5-a09e-9739b1e18cc6;4b17039c-8ab2-4cde-a4bb-22c35f8a49db;abbae38d-dcfd-4e9f-835b-f6b2f43ca8e7,49173965,51306cfb-8e03-4914-baea-af482b0eb023
R04,Potomac,9,R04-S09,Falls Rd & Limestone Ct,39.016254,-77.211349,grocery / big-box anchor,Giant Food,172,426,MD/DC,True,50,"Use the corner at the entrance, not the private lot.",R04-G2,River & Counselman,4,7.64,2.5,2.14,3.0,0,0,False,quarter-mile on Falls Road,R04-G2,257,Giant Food (grocery / big-box anchor) is 172 m away; on a busy road; 257 large homes and 426 houses within 800 m,3fe8efba-395e-4370-8fc0-4f2e1e2836a6,,85528e2a-fd50-4e03-82bc-fe57567fb357
R04,Potomac,10,R04-S10,River Rd & Potomac Manors Dr,39.02032,-77.212394,school,Potomac Elementary School,144,324,MD/DC,True,50,"Use the public corner near the school, not school grounds.",R04-G2,River & Counselman,5,9.08,3,1.82,3.75,0.51,0,False,school,R04-G2,219,Potomac Elementary School (school) is 144 m away; Potomac Presbyterian Church (church) is 75 m away; entrance to a neighborhood of about 102 homes with 2 entrances; on a main road; 219 large homes and 324 houses within 800 m,15e1b5e5-b370-4a2e-b3a3-965847703887;67b1ac1d-c647-4d9c-b192-ee306d80ec77,,1f7eb831-5fb5-4da5-8881-26b22e494bee
R04,Potomac,11,R04-S11,River Rd & Chapel Rd,39.022617,-77.215667,neighborhood entrance,,,209,MD/DC,True,50,,R04-G2,River & Counselman,6,4.79,3,1.28,0,0.51,0,False,quarter-mile on River Road,R04-G2,154,entrance to a neighborhood of about 102 homes with 2 entrances; on a main road; 154 large homes and 209 houses within 800 m,,,d330c244-a8f3-432c-9384-772e379ddd38
R04,Potomac,12,R04-S12,River Rd & Norton Rd,39.025718,-77.219398,church,Saints Peter & Paul Antiochian Orthodox Christian Church,171,158,MD/DC,True,50,,R04-G2,River & Counselman,7,6.38,3,1.12,2.25,0,0,False,quarter-mile on River Road,R04-G2,135,Saints Peter & Paul Antiochian Orthodox Christian Church (church) is 171 m away; St Luke Serbian Orthodox Church (church) is 76 m away; on a main road; 135 large homes and 158 houses within 800 m,2e0904be-6b14-4b13-ad97-be6d27aa90dc;cd6d882f-1fbb-461e-b651-042fc584b8a7,,96130d61-cca5-406d-a807-e4f62c16e704
R04,Potomac,13,R04-S13,South Glen Rd & Norton Rd,39.031379,-77.212226,school,Fourth Presbyterian School,14,207,MD/DC,True,50,"Use the public corner near the school, not school grounds.",R04-G2,River & Counselman,8,6.82,2.5,1.32,3.0,0,0,False,school,R04-G2,158,Fourth Presbyterian School (school) is 14 m away; on a busy road; 158 large homes and 207 houses within 800 m,54eada72-9124-41e7-be54-58b6499553f9,,28b003c3-d733-4a2e-b737-2174b68ac782
R04,Potomac,14,R04-S14,Falls Rd & South Glen Rd,39.02663,-77.203895,stoplight,,,306,MD/DC,True,50,Set back from the corner so drivers stopped at the light can read it.,R04-G2,River & Counselman,9,8.07,3,2.08,0,0,3.0,True,stoplight,R04-G2,249,traffic light here (OpenStreetMap); on a main road; 249 large homes and 306 houses within 800 m,,49199784,c0c63674-4ac2-4295-af0f-ec278a92a094
R04,Potomac,15,R04-S15,Falls Rd & Potomac Tennis Ln,39.030707,-77.201367,private school,Bullis School,326,183,MD/DC,True,50,"Use the public corner near the school, not school grounds.",R04-G2,River & Counselman,10,7.24,3,1.24,3.0,0,0,False,school,R04-G2,149,Bullis School (private school) is 326 m away; on a main road; 149 large homes and 183 houses within 800 m,fbefa02b-4a20-4e3e-9eb1-dc0af21e2f1c,,3f37fc20-6c28-4c38-9a2e-459001bd137e
R04,Potomac,16,R04-S16,Democracy Blvd & Stapleford Hall Dr,39.025098,-77.191585,neighborhood entrance,Holy Resurrection Carpatho-Russian Orthodox Church,148,129,MD/DC,True,50,,R04-G2,River & Counselman,11,5.43,2.5,0.98,1.5,0.45,0,False,quarter-mile on Democracy Boulevard,R04-G2,118,Holy Resurrection Carpatho-Russian Orthodox Church (church) is 148 m away; entrance to a neighborhood of about 90 homes with 2 entrances; on a busy road; 118 large homes and 129 houses within 800 m,d66108fa-06b7-4ac5-bda0-274d14e3686a,,a257bee1-b8f1-4dff-9635-8d1ed3f30a9a
R04,Potomac,17,R04-S17,Falls Rd & Nantucket Pl,39.032966,-77.196083,shopping center,Village Falls,139,243,MD/DC,True,50,"Use the corner at the entrance, not the private lot.",R04-G3,Falls & Glen,1,7.55,3,1.26,3.0,0.29,0,False,top score,R04-G3,151,Village Falls (shopping center) is 139 m away; entrance to a neighborhood of about 29 homes with 1 entrances; on a main road; 151 large homes and 243 houses within 800 m,9ff1e24e-65de-45b8-8610-1f174e2a4645,,4bca1bd8-05d8-4e93-b0fb-037b9588689d
R04,Potomac,18,R04-S18,Falls Rd & Bells Mill Rd,39.035484,-77.194428,stoplight,,,415,MD/DC,True,50,Set back from the corner so drivers stopped at the light can read it.,R04-G3,Falls & Glen,2,7.77,3,1.77,0,0,3.0,True,stoplight,R04-G3,212,traffic light here (OpenStreetMap); on a main road; 212 large homes and 415 houses within 800 m,,49324794,08751568-ed28-4062-bfb9-23c7a130d529
R04,Potomac,19,R04-S19,Falls Rd & Woodington Dr,39.041042,-77.192527,library / rec center,Potomac Community Center,69,703,MD/DC,True,50,,R04-G3,Falls & Glen,3,9.11,3,2.52,2.75,0.84,0,False,top score,R04-G3,302,Potomac Community Center (library / rec center) is 69 m away; Little Acorns Early Learning Center (preschool) is 75 m away; entrance to a neighborhood of about 5205 homes with 62 entrances; on a main road; 302 large homes and 703 houses within 800 m,ab0fa618-4a5c-48c0-9fa6-d69d0a0629ce;64c60051-6385-4015-a1fb-6618354d9760,,72b5a775-4087-4120-90ce-652bccfa3372
R04,Potomac,20,R04-S20,Falls Rd & Marseille Dr,39.043941,-77.192824,private school,The Harbor School,149,770,MD/DC,True,50,"Use the public corner near the school, not school grounds.",R04-G3,Falls & Glen,4,9.56,3,2.72,3.0,0.84,0,False,school,R04-G3,326,The Harbor School (private school) is 149 m away; entrance to a neighborhood of about 5205 homes with 62 entrances; on a main road; 326 large homes and 770 houses within 800 m,c27b9956-a401-43de-abd3-33a4d0cfd6d2,,672c8c26-7ced-4b14-a2d5-adb96aa4cb49
R04,Potomac,21,R04-S21,Glen Rd & Gregerscroft Rd,39.046896,-77.204863,school,Wayside Elementary School,134,793,MD/DC,True,50,"Use the public corner near the school, not school grounds.",R04-G3,Falls & Glen,5,8.49,2.5,2.15,3.0,0.84,0,False,school,R04-G3,258,Wayside Elementary School (school) is 134 m away; entrance to a neighborhood of about 5205 homes with 62 entrances; on a busy road; 258 large homes and 793 houses within 800 m,7c051efd-45fb-40c0-9ce1-585d2248c337,,d7a90885-73bc-4d4e-b1f7-b58e93927006
R04,Potomac,22,R04-S22,Glen Rd & Broad Green Dr,39.04706,-77.19673,neighborhood entrance,,,825,MD/DC,True,50,,R04-G3,Falls & Glen,6,5.87,2.5,2.53,0,0.84,0,False,quarter-mile on Glen Road,R04-G3,304,entrance to a neighborhood of about 5205 homes with 62 entrances; on a busy road; 304 large homes and 825 houses within 800 m,,,7bcee6f6-db6f-4571-8a18-4cac713c46f0
R04,Potomac,23,R04-S23,Falls Rd & Glen Rd,39.046085,-77.191467,stoplight,Good Earth Garden Market,78,783,MD/DC,True,50,Set back from the corner so drivers stopped at the light can read it.,R04-G3,Falls & Glen,7,10.66,3,2.66,2.0,0,3.0,True,stoplight,R04-G3,319,traffic light here (OpenStreetMap); Good Earth Garden Market (garden center / hardware) is 78 m away; on a main road; 319 large homes and 783 houses within 800 m,26f70c4f-3b59-4a59-8f65-dcb03f79889c,49347843,7dbbb2fa-0d25-4eeb-9227-6220c17b1923
R04,Potomac,24,R04-S24,Falls Rd & Tuckerman Ln,39.05042,-77.188063,stoplight,,,836,MD/DC,True,50,Set back from the corner so drivers stopped at the light can read it.,R04-G3,Falls & Glen,8,8.47,3,2.47,0,0,3.0,True,stoplight,R04-G3,296,traffic light here (OpenStreetMap); on a main road; 296 large homes and 836 houses within 800 m,,49327619,56d1ae08-6357-4827-b2f9-5a54e19913c1
R04,Potomac,25,R04-S25,Tuckerman Ln & Judy Pl,39.04872,-77.184189,neighborhood entrance,,,878,MD/DC,True,50,,R04-G3,Falls & Glen,9,5.29,2.5,1.95,0,0.84,0,False,quarter-mile on Tuckerman Lane,R04-G3,234,entrance to a neighborhood of about 5205 homes with 62 entrances; on a busy road; 234 large homes and 878 houses within 800 m,,,84085515-5ba5-44a3-83a1-1f3226a8607e
R04,Potomac,26,R04-S26,Tuckerman Ln & Postoak Rd,39.044977,-77.180244,school,Herbert Hoover Middle School,123,1000,MD/DC,True,50,"Use the public corner near the school, not school grounds.",R04-G3,Falls & Glen,10,7.24,2.5,1.74,3.0,0,0,False,school,R04-G3,209,Herbert Hoover Middle School (school) is 123 m away; on a busy road; 209 large homes and 1000 houses within 800 m,96fa47a5-b527-486d-83e4-d8b464ee5724,,b137aac7-6693-48ea-a4e7-07b7ad2c67b7
R04,Potomac,27,R04-S27,Postoak Rd & Bunnell Dr,39.047185,-77.178557,private school,St. Andrew's Episcopal School,90,992,MD/DC,True,50,"Use the public corner near the school, not school grounds.",R04-G4,Falls & Falls Chapel Way,1,7.74,2,1.67,3.5,0.57,0,False,school,R04-G4,200,St. Andrew's Episcopal School (private school) is 90 m away; Highland Stone Park (park / playground) is 97 m away; entrance to a neighborhood of about 342 homes with 6 entrances; on a collector road; 200 large homes and 992 houses within 800 m,6e2c4543-6967-4bcc-8935-3e03bee3685c;5e0a740a-4a03-410b-8ed1-c2195c4c1b0f,,4f4e5d63-d61b-44d5-8cc8-f1a90f243060
R04,Potomac,28,R04-S28,Falls Rd & Falls Farm Dr,39.054133,-77.183298,busy intersection,,,883,MD/DC,True,50,,R04-G4,Falls & Falls Chapel Way,2,5.45,3,2.09,0,0.36,0,False,quarter-mile on Falls Road,R04-G4,251,entrance to a neighborhood of about 36 homes with 1 entrances; on a main road; 251 large homes and 883 houses within 800 m,,,935e494c-9842-4e2f-8e9b-f0deae8575bc
R04,Potomac,29,R04-S29,Falls Chapel Way & Willow Valley Dr,39.059234,-77.18745,school,Cold Spring Elementary School,116,906,MD/DC,True,50,"Use the public corner near the school, not school grounds.",R04-G4,Falls & Falls Chapel Way,3,7.43,2,2.43,3.0,0,0,False,school,R04-G4,292,Cold Spring Elementary School (school) is 116 m away; on a collector road; 292 large homes and 906 houses within 800 m,b2c9755a-cce1-43b3-a647-709889f47be0,,1f0f28fa-5fc0-499f-b708-34ee7261554e
R04,Potomac,30,R04-S30,Falls Rd & Falls Chapel Way,39.062876,-77.176518,school,Ritchie Park Elementary School,206,1105,MD/DC,True,50,"Use the public corner near the school, not school grounds.",R04-G4,Falls & Falls Chapel Way,4,12.07,3,1.48,3.75,0.84,3.0,True,stoplight,R04-G4,178,traffic light here (OpenStreetMap); Ritchie Park Elementary School (school) is 206 m away; Saint Raphael Catholic Church (church) is 130 m away; entrance to a neighborhood of about 5205 homes with 62 entrances; on a main road; 178 large homes and 1105 houses within 800 m,98ab5d8f-f125-4f91-a2a2-61c91ab26218;c3b2f270-7a51-4863-a555-56e4ff2b484b,49171528,07287c78-8d0d-423d-a9af-1f7639baec98
R04,Potomac,31,R04-S31,Falls Rd & Chilham Pl,39.058811,-77.177856,neighborhood entrance,Georgetown Hill Early School,88,936,MD/DC,True,50,,R04-G4,Falls & Falls Chapel Way,5,7.69,3,1.6,2.25,0.84,0,False,top score,R04-G4,192,Georgetown Hill Early School (preschool) is 88 m away; Potomac Nursery School (preschool) is 89 m away; entrance to a neighborhood of about 5205 homes with 62 entrances; on a main road; 192 large homes and 936 houses within 800 m,dcbe94fa-650c-464a-b0b4-8adae074266c;9a350454-e4c1-4107-8328-e96c0741cc54,,259b449d-406a-42dd-a3d3-b7da261f4027
R04,Potomac,32,R04-S32,Montrose Rd & Falls Rd,39.0563,-77.179424,stoplight,,,948,MD/DC,True,50,Set back from the corner so drivers stopped at the light can read it.,R04-G4,Falls & Falls Chapel Way,6,7.86,3,1.86,0,0,3.0,True,stoplight,R04-G4,223,traffic light here (OpenStreetMap); on a main road; 223 large homes and 948 houses within 800 m,,49297281,1df5505d-bb33-4810-a7cc-17f66ddc070b
R04,Potomac,33,R04-S33,Postoak Rd & Wilkesboro Ln,39.052366,-77.174691,school,Beverly Farms Elementary School,105,1110,MD/DC,True,50,"Use the public corner near the school, not school grounds.",R04-G4,Falls & Falls Chapel Way,7,7.07,2,1.02,3.5,0.54,0,False,school,R04-G4,123,Beverly Farms Elementary School (school) is 105 m away; Beverly Farms Park (park / playground) is 6 m away; entrance to a neighborhood of about 215 homes with 4 entrances; on a collector road; 123 large homes and 1110 houses within 800 m,16dd1c1a-0ff1-4863-bb9f-5b8fa6ca222f;8900787f-422b-4537-86ed-34eda2e0b418,,6c518034-c0d3-40f8-ab16-50227cdd7fd0
R04,Potomac,34,R04-S34,Gainsborough Rd & Georgetowne Dr,39.043771,-77.171762,school,Winston Churchill High School,114,1053,MD/DC,True,50,"Use the public corner near the school, not school grounds.",R04-G4,Falls & Falls Chapel Way,8,6.7,2,1.38,3.0,0.32,0,False,school,R04-G4,165,Winston Churchill High School (school) is 114 m away; Winston Churchill High School (school) is 173 m away; entrance to a neighborhood of about 130 homes with 4 entrances; on a collector road; 165 large homes and 1053 houses within 800 m,79fbfd9c-0fb4-434c-a686-f9ba14c08215;529eac30-177c-43ba-a06e-4a18526b7dd9,,1620fad8-d519-4470-92a4-3b5d9c33c774
R04,Potomac,35,R04-S35,Seven Locks Rd & Gainsborough Rd,39.047874,-77.162158,stoplight,,,837,MD/DC,True,50,Set back from the corner so drivers stopped at the light can read it.,R04-G4,Falls & Falls Chapel Way,9,7.94,2.5,1.64,0,0.8,3.0,True,stoplight,R04-G4,197,traffic light here (OpenStreetMap); entrance to a neighborhood of about 240 homes with 3 entrances; on a busy road; 197 large homes and 837 houses within 800 m,,49268175,6eecf635-d159-4dbb-8524-152988a60222
R04,Potomac,36,R04-S36,Seven Locks Rd & Postoak Rd,39.052329,-77.164004,stoplight,Seven Locks Baptist Church,57,835,MD/DC,True,50,Set back from the corner so drivers stopped at the light can read it.,R04-G4,Falls & Falls Chapel Way,10,9.15,2.5,1.4,2.25,0,3.0,True,stoplight,R04-G4,168,traffic light here (OpenStreetMap); Seven Locks Baptist Church (church) is 57 m away; Beth Sholom Early Childhood Center (preschool) is 150 m away; on a busy road; 168 large homes and 835 houses within 800 m,d14ce6c9-3b08-410c-b042-0531d5f0f5b3;81a0e9f7-755d-4e05-98c4-ea20f039a679,49197195,1f8e2054-0057-450a-8b89-412756e4b324
R04,Potomac,37,R04-S37,Montrose Rd & Whites Ford Way,39.056411,-77.167755,private school,Muslim Community School,254,930,MD/DC,True,50,"Use the public corner near the school, not school grounds.",R04-G4,Falls & Falls Chapel Way,11,7.53,3,0.69,3.0,0.84,0,False,school,R04-G4,83,Muslim Community School (private school) is 254 m away; entrance to a neighborhood of about 5205 homes with 62 entrances; on a main road; 83 large homes and 930 houses within 800 m,4e56d9cb-1e1d-40b3-9767-8aa08752775e,,8153d758-e840-47b1-91b5-d6085ffbf6be
R04,Potomac,38,R04-S38,Montrose Rd & Seven Locks Rd,39.05713,-77.161385,stoplight,,,585,MD/DC,True,50,Set back from the corner so drivers stopped at the light can read it.,R04-G4,Falls & Falls Chapel Way,12,6.82,3,0.82,0,0,3.0,True,stoplight,R04-G4,98,traffic light here (OpenStreetMap); on a main road; 98 large homes and 585 houses within 800 m,,49268199;3705562354;3705562353,d2857e09-e09f-4354-93ef-ae5d63957465
R04,Potomac,39,R04-S39,Seven Locks Rd & Declaration Ln,39.044552,-77.160352,busy intersection,,,638,MD/DC,True,50,,R04-G5,Gainsborough & Hunter Creek Trl,1,4.5,2.5,1.65,0,0.35,0,False,quarter-mile on Seven Locks Road,R04-G5,198,entrance to a neighborhood of about 140 homes with 4 entrances; on a busy road; 198 large homes and 638 houses within 800 m,,,0baa178a-cc89-479b-b91c-fd75bbfda3b9
R04,Potomac,40,R04-S40,Tuckerman Ln & Seven Locks Rd,39.040687,-77.15915,stoplight,,,473,MD/DC,True,50,Set back from the corner so drivers stopped at the light can read it.,R04-G5,Gainsborough & Hunter Creek Trl,2,8.61,2.5,1.11,2.0,0,3.0,True,stoplight,R04-G5,133,traffic light here (OpenStreetMap); 17 storefronts within 150 m (strip center); on a busy road; 133 large homes and 473 houses within 800 m,,2562082925;49268157;2562082959;2562082971,793f833a-5bc7-43e3-8daf-410b2a3787c3
R04,Potomac,41,R04-S41,Seven Locks Rd & Seven Hill Dr,39.036884,-77.158981,busy intersection,,,345,MD/DC,True,50,,R04-G5,Gainsborough & Hunter Creek Trl,3,3.93,2.5,1.1,0,0.33,0,False,quarter-mile on Seven Locks Road,R04-G5,132,entrance to a neighborhood of about 33 homes with 1 entrances; on a busy road; 132 large homes and 345 houses within 800 m,,,5a4bafa7-b74c-4786-a277-caa79c4da189
R04,Potomac,42,R04-S42,Seven Locks Rd & Bells Mill Rd,39.032997,-77.160987,stoplight,Scotland AME Zion Church,159,419,MD/DC,True,50,Set back from the corner so drivers stopped at the light can read it.,R04-G5,Gainsborough & Hunter Creek Trl,4,8.55,2.5,1.55,1.5,0,3.0,True,stoplight,R04-G5,186,traffic light here (OpenStreetMap); Scotland AME Zion Church (church) is 159 m away; on a busy road; 186 large homes and 419 houses within 800 m,eb6d9fd2-67d6-4ff8-b831-5fc9d8e14ba2,49268134,bf10a423-cca6-494a-a2b6-f4e078eda31d
R04,Potomac,43,R04-S43,Seven Locks Rd & Bytham Ridge Ln,39.028405,-77.161829,private school,The Heights School,229,468,MD/DC,True,50,"Use the public corner near the school, not school grounds.",R04-G5,Gainsborough & Hunter Creek Trl,5,6.87,2.5,1.37,3.0,0,0,False,school,R04-G5,164,The Heights School (private school) is 229 m away; on a busy road; 164 large homes and 468 houses within 800 m,369d76d9-24ff-4a06-a739-f3b7488ec4f4,,6e3ae3c6-308e-43bc-b203-3263a9082dbf
R04,Potomac,44,R04-S44,Seven Locks Rd & Democracy Blvd,39.023311,-77.162323,stoplight,,,523,MD/DC,True,50,Set back from the corner so drivers stopped at the light can read it.,R04-G5,Gainsborough & Hunter Creek Trl,6,7.25,2.5,1.75,0,0,3.0,True,stoplight,R04-G5,210,traffic light here (OpenStreetMap); on a busy road; 210 large homes and 523 houses within 800 m,,1258102656;3719404287;3719404272;3719404271,ea72403c-e30d-4aa5-9426-fcee9d6b1ab6
R04,Potomac,45,R04-S45,Democracy Blvd & Gainsborough Rd,39.022303,-77.167656,neighborhood entrance,,,542,MD/DC,True,50,,R04-G5,Gainsborough & Hunter Creek Trl,7,5.17,2.5,1.57,0,1.09,0,False,quarter-mile on Democracy Boulevard,R04-G5,189,entrance to a neighborhood of about 109 homes with 1 entrances; on a busy road; 189 large homes and 542 houses within 800 m,,,d201a8ef-7b27-47cb-b3cc-3fa2c406dc53
R04,Potomac,46,R04-S46,Bells Mill Rd & Democracy Ln,39.031265,-77.169161,school,Bells Mill Elementary School,120,787,MD/DC,True,50,"Use the public corner near the school, not school grounds.",R04-G5,Gainsborough & Hunter Creek Trl,8,8.83,2,2.38,3.75,0.7,0,False,school,R04-G5,286,Bells Mill Elementary School (school) is 120 m away; Georgetown Hill Early School (preschool) is 124 m away; entrance to a neighborhood of about 1116 homes with 16 entrances; on a collector road; 286 large homes and 787 houses within 800 m,69bdeece-6ac4-4233-9222-1ace6e84113e;f3ccdfb7-1987-40cc-8422-3049524ac36e,,0ecd1dc5-c60a-4ff8-8978-067088e2bd1b
R04,Potomac,47,R04-S47,Gainsborough Rd & Hunter Creek Trl,39.031596,-77.17319,school,Cabin John Middle School,80,876,MD/DC,True,50,"Use the public corner near the school, not school grounds.",R04-G5,Gainsborough & Hunter Creek Trl,9,10.65,2,2.33,6.0,0.32,0,False,school,R04-G5,280,Cabin John Middle School (school) is 80 m away; Russian School Olympus (private school) is 86 m away; entrance to a neighborhood of about 64 homes with 2 entrances; on a collector road; 280 large homes and 876 houses within 800 m,6a5c500e-1d2d-4aaf-a626-9880e0f39231;0bfa145d-35ad-494a-beb7-39a3e8f46ea2;5fb34c1b-c34e-4109-8f92-d748e4b124d3,,2c5bae15-ae30-4d29-a082-d55bdf4fc9d4
R04,Potomac,48,R04-S48,Tuckerman Ln & Long Pine Trl,39.041356,-77.176157,neighborhood entrance,,,1033,MD/DC,True,50,,R04-G5,Gainsborough & Hunter Creek Trl,10,5.13,2.5,1.93,0,0.7,0,False,quarter-mile on Tuckerman Lane,R04-G5,232,entrance to a neighborhood of about 1116 homes with 16 entrances; on a busy road; 232 large homes and 1033 houses within 800 m,,,041aef11-0907-4162-ae06-f7a67d92dc1b
R04,Potomac,49,R04-S49,Tuckerman Ln & Regency Dr,39.041194,-77.171699,busy intersection,,,1038,MD/DC,True,50,,R04-G5,Gainsborough & Hunter Creek Trl,11,4.95,2.5,2.13,0,0.32,0,False,quarter-mile on Tuckerman Lane,R04-G5,256,entrance to a neighborhood of about 130 homes with 4 entrances; on a busy road; 256 large homes and 1038 houses within 800 m,,,8458fb7d-3827-43fe-a868-bc2ef378186f
R04,Potomac,50,R04-S50,Tuckerman Ln & Georgetowne Dr,39.041483,-77.166781,private school,McLean School,250,932,MD/DC,True,50,"Use the public corner near the school, not school grounds.",R04-G5,Gainsborough & Hunter Creek Trl,12,7.78,2.5,1.96,3.0,0.32,0,False,school,R04-G5,235,McLean School (private school) is 250 m away; entrance to a neighborhood of about 130 homes with 4 entrances; on a busy road; 235 large homes and 932 houses within 800 m,e5d80dc2-cde5-4079-b6da-64daa529a615,,cc0f7dee-71a4-4d21-ab61-511721674bdd
R04,Potomac,51,R04-S51,Glen Rd & Beekman Pl,39.047264,-77.211578,busy intersection,,,471,MD/DC,True,50,,R04-G6,River & Piney Meetinghouse,1,4.18,2.5,1.35,0,0.33,0,False,quarter-mile on Glen Road,R04-G6,162,entrance to a neighborhood of about 33 homes with 1 entrances; on a busy road; 162 large homes and 471 houses within 800 m,,,6ebcf305-55d3-4e60-96c7-490d66cbc755
R04,Potomac,52,R04-S52,Glen Mill Rd & Grey Fox Rd,39.060028,-77.216026,busy intersection,,,244,MD/DC,True,50,,R04-G6,River & Piney Meetinghouse,2,4.38,2.5,1.62,0,0.26,0,False,quarter-mile on Glen Mill Road,R04-G6,194,entrance to a neighborhood of about 53 homes with 2 entrances; on a busy road; 194 large homes and 244 houses within 800 m,,,4a769809-bf33-4a99-9b12-0fd3fbd3f9c6
R04,Potomac,53,R04-S53,Glen Mill Rd & Lloyd Rd,39.052787,-77.21688,neighborhood entrance,,,214,MD/DC,True,50,,R04-G6,River & Piney Meetinghouse,3,4.58,2.5,1.24,0,0.84,0,False,quarter-mile on Glen Mill Road,R04-G6,149,entrance to a neighborhood of about 5205 homes with 62 entrances; on a busy road; 149 large homes and 214 houses within 800 m,,,4b2ec672-74ee-4c43-b2d5-c2e81075eb81
R04,Potomac,54,R04-S54,Glen Rd & Glen Mill Rd,39.046222,-77.21775,busy intersection,,,199,MD/DC,True,50,,R04-G6,River & Piney Meetinghouse,4,3.67,2.5,1.17,0,0,0,False,quarter-mile on Glen Mill Road,R04-G6,140,on a busy road; 140 large homes and 199 houses within 800 m,,,a7711977-94a7-4875-9196-171e0771c02b
R04,Potomac,55,R04-S55,South Glen Rd & Deep Glen Dr,39.034505,-77.216577,busy intersection,,,170,MD/DC,True,50,,R04-G6,River & Piney Meetinghouse,5,4.01,2.5,1.23,0,0.28,0,False,quarter-mile on South Glen Road,R04-G6,148,entrance to a neighborhood of about 55 homes with 2 entrances; on a busy road; 148 large homes and 170 houses within 800 m,,,9da54b42-06f3-48a2-903a-419081586577
R04,Potomac,56,R04-S56,River Rd & Riverwood Dr,39.029242,-77.224335,neighborhood entrance,,,172,MD/DC,True,50,,R04-G6,River & Piney Meetinghouse,6,4.86,3,1.27,0,0.58,0,False,quarter-mile on River Road,R04-G6,153,entrance to a neighborhood of about 58 homes with 1 entrances; on a main road; 153 large homes and 172 houses within 800 m,,,086282e4-5036-4a38-a1e7-e059268de61f
R04,Potomac,57,R04-S57,River Rd & Piney Meetinghouse Rd,39.031501,-77.233009,stoplight,,,179,MD/DC,True,50,Set back from the corner so drivers stopped at the light can read it.,R04-G6,River & Piney Meetinghouse,7,7.94,3,1.44,0,0.5,3.0,True,stoplight,R04-G6,173,traffic light here (OpenStreetMap); entrance to a neighborhood of about 50 homes with 1 entrances; on a main road; 173 large homes and 179 houses within 800 m,,49144852,11d49121-5e5d-4f5c-accc-281ea5d03a24
R04,Potomac,58,R04-S58,River Rd & Ardnave Pl,39.03342,-77.23703,busy intersection,,,172,MD/DC,True,50,,R04-G6,River & Piney Meetinghouse,8,4.32,3,1.32,0,0,0,False,quarter-mile on River Road,R04-G6,158,on a main road; 158 large homes and 172 houses within 800 m,,,6460f98b-60d1-4285-af0a-4daf0539ba55
R04,Potomac,59,R04-S59,River Rd & Swains Lock Ter,39.035067,-77.240406,busy intersection,,,148,MD/DC,True,50,,R04-G6,River & Piney Meetinghouse,9,4.38,3,1.12,0,0.26,0,False,quarter-mile on River Road,R04-G6,134,entrance to a neighborhood of about 26 homes with 1 entrances; on a main road; 134 large homes and 148 houses within 800 m,,,6cb745e4-6a57-4acd-a3de-8dbab570035b
R04,Potomac,60,R04-S60,River Rd & Smokey Quartz Ln,39.037215,-77.244614,busy intersection,,,86,MD/DC,True,50,,R04-G6,River & Piney Meetinghouse,10,3.62,3,0.62,0,0,0,False,quarter-mile on River Road,R04-G6,74,on a main road; 74 large homes and 86 houses within 800 m,,,b7decea2-4729-4747-936a-85d32c630fd1
R05,Annandale & Lake Barcroft,1,R05-S01,Glen Carlyn Rd & Glen Carlyn Dr,38.855142,-77.140522,private school,Saint Anthony of Padua School,228,660,VA,True,50,"Use the public corner near the school, not school grounds.",R05-G1,Glen Carlyn & Glen Carlyn,1,11.84,2,1.93,7.5,0.41,0,False,school,R05-G1,231,Saint Anthony of Padua School (private school) is 228 m away; Corpus Christi School (school) is 232 m away; 12 storefronts within 150 m (strip center); entrance to a neighborhood of about 1724 homes with 42 entrances; on a collector road; 231 large homes and 660 houses within 800 m,f5494fc7-2c4e-4e8b-b988-9c4fb5e10947;1a4f410a-25bb-4425-b772-077c7c09dca0;38be6aa4-278f-4eac-b985-a3932dee60dc,,68052054-350a-463b-8d85-55ae2b349a9f
R05,Annandale & Lake Barcroft,2,R05-S02,Columbia Pike & Lacy Blvd,38.8474,-77.136114,stoplight,Crossroads Child Development Center,315,522,VA,True,50,Set back from the corner so drivers stopped at the light can read it.,R05-G1,Glen Carlyn & Glen Carlyn,2,10.75,3,1.75,3.0,0,3.0,True,stoplight,R05-G1,210,traffic light here (OpenStreetMap); Crossroads Child Development Center (preschool) is 315 m away; Culmore Spanish SDA Church (church) is 298 m away; on a main road; 210 large homes and 522 houses within 800 m,453574a3-9238-4f9c-8862-08d32bb19592;92119801-f9af-4697-95ee-aa5d9335b1c8;1fa881ca-8e85-40b7-9814-af83f5992cac,10245792625;10245792624;10245792626;10245792627,86ea93ac-abce-4d90-a121-a709a0ba735c
R05,Annandale & Lake Barcroft,3,R05-S03,Columbia Pike & Powell Ln,38.843654,-77.141742,stoplight,Lillian Carey Park,309,551,VA,True,50,Set back from the corner so drivers stopped at the light can read it.,R05-G1,Glen Carlyn & Glen Carlyn,3,8.62,3,1.62,1.0,0,3.0,True,stoplight,R05-G1,195,traffic light here (OpenStreetMap); Lillian Carey Park (park / playground) is 309 m away; on a main road; 195 large homes and 551 houses within 800 m,112ae19b-62af-4cdc-825f-dd096104b721,10245779527;10245779526;10245779525,f47f8a06-6a95-4673-a255-e068393e211a
R05,Annandale & Lake Barcroft,4,R05-S04,Beachway Dr & Blair Rd,38.850883,-77.145899,school,Bailey's Elementary School,142,601,VA,True,50,"Use the public corner near the school, not school grounds.",R05-G1,Glen Carlyn & Glen Carlyn,4,8.4,2,2.23,3.75,0.42,0,False,school,R05-G1,268,Bailey's Elementary School (school) is 142 m away; Falls Church - Bible Community Fellowship (church) is 131 m away; entrance to a neighborhood of about 84 homes with 2 entrances; on a collector road; 268 large homes and 601 houses within 800 m,4c3803fb-b6c4-41b6-9e6d-d2246ae98da4;117f0428-143c-4779-9ec3-01be54ae0304,,20831d1b-16c2-406c-97e6-6ecc86de17c3
R05,Annandale & Lake Barcroft,5,R05-S05,Leesburg Pike & Nevius St,38.858104,-77.143469,stoplight,,,647,VA,True,50,Set back from the corner so drivers stopped at the light can read it.,R05-G1,Glen Carlyn & Glen Carlyn,5,7.84,3,1.43,0,0.41,3.0,True,stoplight,R05-G1,172,traffic light here (OpenStreetMap); entrance to a neighborhood of about 1724 homes with 42 entrances; on a main road; 172 large homes and 647 houses within 800 m,,63521878,d9a401e2-fad9-41cb-ba85-e414ba5c8d99
R05,Annandale & Lake Barcroft,6,R05-S06,Leesburg Pike & Rio Dr,38.86071,-77.146961,neighborhood entrance,Church of Christ in Falls Church,59,691,VA,True,50,,R05-G1,Glen Carlyn & Glen Carlyn,6,6.26,3,1.35,1.5,0.41,0,False,quarter-mile on Leesburg Pike,R05-G1,162,Church of Christ in Falls Church (church) is 59 m away; entrance to a neighborhood of about 1724 homes with 42 entrances; on a main road; 162 large homes and 691 houses within 800 m,966425d6-1249-4878-b179-63df39e70908,,0a6626b3-14be-4c0a-8fbe-fde874b90b55
R05,Annandale & Lake Barcroft,7,R05-S07,Peace Valley Ln & Diamond Dr,38.857475,-77.151259,school,Fairfax County Public Schools,196,727,VA,True,50,"Use the public corner near the school, not school grounds.",R05-G1,Glen Carlyn & Glen Carlyn,7,7.16,0.5,1.66,5.0,0,0,False,school,R05-G1,199,Fairfax County Public Schools (school) is 196 m away; Justice High School (school) is 188 m away; on a neighborhood street; 199 large homes and 727 houses within 800 m,a188933b-91d2-44a3-b6c9-4851707efa70;6b52b0cc-7965-40d9-9c04-45396c7c9c7f;2563d273-d7db-4441-a0fc-ccd8decb9081,,7b19df75-4467-46e7-8414-779885e25d61
R05,Annandale & Lake Barcroft,8,R05-S08,Shadeland Dr & Nicholson St,38.865846,-77.155539,school,Bailey's Upper Elementary School,332,708,VA,True,50,"Use the public corner near the school, not school grounds.",R05-G1,Glen Carlyn & Glen Carlyn,8,5.24,0.5,1.74,3.0,0,0,False,school,R05-G1,209,Bailey's Upper Elementary School (school) is 332 m away; on a neighborhood street; 209 large homes and 708 houses within 800 m,825beaf3-7143-4848-990d-82e1f1f428d6,,bb9ab3b3-c99b-4798-8276-9476826bb22c
R05,Annandale & Lake Barcroft,9,R05-S09,Sleepy Hollow Rd & Carolyn Dr,38.864555,-77.162163,neighborhood entrance,,,731,VA,True,50,,R05-G2,Arlington Blvd & Annandale,1,4.89,2.5,1.98,0,0.41,0,False,quarter-mile on Sleepy Hollow Road,R05-G2,238,entrance to a neighborhood of about 1724 homes with 42 entrances; on a busy road; 238 large homes and 731 houses within 800 m,,,83438eb8-6bfb-4cc4-98be-d21ce2828fdb
R05,Annandale & Lake Barcroft,10,R05-S10,Sleepy Hollow Rd & Holmes Run Rd,38.861263,-77.165124,park / playground,Sleepy Hollow Community Park,139,698,VA,True,50,,R05-G2,Arlington Blvd & Annandale,2,5.51,2.5,1.7,1.0,0.31,0,False,quarter-mile on Sleepy Hollow Road,R05-G2,204,Sleepy Hollow Community Park (park / playground) is 139 m away; entrance to a neighborhood of about 3490 homes with 113 entrances; on a busy road; 204 large homes and 698 houses within 800 m,f07932b4-3500-42e9-bea4-2276900cda34,,c749ff85-0885-45bb-9f1c-38af631352cf
R05,Annandale & Lake Barcroft,11,R05-S11,Sleepy Hollow Rd & Kerns Rd,38.85822,-77.16884,stoplight,,,596,VA,True,50,Set back from the corner so drivers stopped at the light can read it.,R05-G2,Arlington Blvd & Annandale,3,7.79,2.5,1.88,0,0.41,3.0,True,stoplight,R05-G2,225,traffic light here (OpenStreetMap); entrance to a neighborhood of about 1724 homes with 42 entrances; on a busy road; 225 large homes and 596 houses within 800 m,,6137433129,793c4d94-2dd6-4946-a6e2-ec5e3d64b069
R05,Annandale & Lake Barcroft,12,R05-S12,Annandale Rd & Kerns Rd,38.860141,-77.178845,stoplight,,,860,VA,True,50,Set back from the corner so drivers stopped at the light can read it.,R05-G2,Arlington Blvd & Annandale,4,6.29,2.5,0.79,0,0,3.0,True,stoplight,R05-G2,95,traffic light here (OpenStreetMap); on a busy road; 95 large homes and 860 houses within 800 m,,63712535,1dfc856d-6778-4100-af25-0c9e2aa2fc71
R05,Annandale & Lake Barcroft,13,R05-S13,Annandale Rd & Blue Heron Dr,38.857458,-77.182269,private school,Grace Christian Academy,87,881,VA,True,50,"Use the public corner near the school, not school grounds.",R05-G2,Arlington Blvd & Annandale,5,7.52,2.5,0.96,3.75,0.31,0,False,school,R05-G2,115,Grace Christian Academy (private school) is 87 m away; Grace Evangelical Lutheran Church (church) is 78 m away; entrance to a neighborhood of about 3490 homes with 113 entrances; on a busy road; 115 large homes and 881 houses within 800 m,c5b7da01-1b22-40e6-8ff0-77acc0656878;be45bbc7-a360-41c7-9fdc-08ec14f3bfc1,,c739009e-46ee-457f-af26-c538db9cbc76
R05,Annandale & Lake Barcroft,14,R05-S14,Weston Rd & Westley Rd,38.863833,-77.183621,school,Westlawn Elementary School,93,962,VA,True,50,"Use the public corner near the school, not school grounds.",R05-G2,Arlington Blvd & Annandale,6,4.12,0.5,0.62,3.0,0,0,False,school,R05-G2,74,Westlawn Elementary School (school) is 93 m away; on a neighborhood street; 74 large homes and 962 houses within 800 m,64a1d9ef-5a88-44f1-8260-6acf37fd1c4f,,0ef356bd-15a4-462c-91c4-e3bf5c18be27
R05,Annandale & Lake Barcroft,15,R05-S15,Woodley Ln & Lewis Pl,38.866029,-77.191671,school,Fairfax County Public Schools,399,864,VA,True,50,"Use the public corner near the school, not school grounds.",R05-G2,Arlington Blvd & Annandale,7,6.06,0.5,1.06,4.5,0,0,False,school,R05-G2,127,Fairfax County Public Schools (school) is 399 m away; Graham Road Elementary School (school) is 380 m away; on a neighborhood street; 127 large homes and 864 houses within 800 m,060530ff-1b8a-4155-b612-dfa01448962f;baaa25a2-e3c9-4ad5-8435-d4b6a40beafe,,4198b6f7-a655-467b-8281-5c98a21d1ec1
R05,Annandale & Lake Barcroft,16,R05-S16,Arlington Blvd & Woodlawn Ave,38.867476,-77.188119,church,Cape Town Falls church,195,892,VA,True,50,,R05-G2,Arlington Blvd & Annandale,8,6.98,3,0.68,3.0,0.31,0,False,quarter-mile on Arlington Boulevard,R05-G2,81,Cape Town Falls church (church) is 195 m away; Holy Trinity Lutheran Church (church) is 50 m away; entrance to a neighborhood of about 3490 homes with 113 entrances; on a highway; 81 large homes and 892 houses within 800 m,3141789a-f782-48da-bb25-00956d820931;12397e33-51d5-424f-b68d-f8d67e0b93ff;a1958b53-6ccb-440d-81bd-06c411498a28,,828aaa1e-1fc0-4c8f-b348-c19829e49766
R05,Annandale & Lake Barcroft,17,R05-S17,Arlington Blvd & Marshall St,38.868174,-77.183911,private school,Metaphor International School,132,865,VA,True,50,"Use the public corner near the school, not school grounds.",R05-G2,Arlington Blvd & Annandale,9,8.18,3,0.37,4.5,0.31,0,False,school,R05-G2,44,Metaphor International School (private school) is 132 m away; Building Blocks Day School (preschool) is 131 m away; entrance to a neighborhood of about 3490 homes with 113 entrances; on a highway; 44 large homes and 865 houses within 800 m,ee6184d4-b4b5-4416-ba2b-7aee4db8f3f2;0e997b4f-9ca9-4849-9914-8dad1efceed7;e3d915a7-0042-4d4f-9a8c-25e7cfcc4ee3,,b4f86b6b-25a2-4207-9a76-7d50470a5dea
R05,Annandale & Lake Barcroft,18,R05-S18,Arlington Blvd & Westmoreland Rd,38.868896,-77.178993,busy intersection,,,654,VA,True,50,,R05-G2,Arlington Blvd & Annandale,10,3.73,3,0.42,0,0.31,0,False,quarter-mile on Arlington Boulevard,R05-G2,50,entrance to a neighborhood of about 3490 homes with 113 entrances; on a highway; 50 large homes and 654 houses within 800 m,,,97b51cab-ec9c-4743-baee-32ebfb9fa121
R05,Annandale & Lake Barcroft,19,R05-S19,Arlington Blvd & Annandale Rd,38.86963,-77.174579,stoplight,,,604,VA,True,50,Set back from the corner so drivers stopped at the light can read it.,R05-G2,Arlington Blvd & Annandale,11,8.62,3,0.62,2.0,0,3.0,True,stoplight,R05-G2,75,traffic light here (OpenStreetMap); 26 storefronts within 150 m (strip center); on a highway; 75 large homes and 604 houses within 800 m,,9644624643;9644624644;1826041334;63474259;9644624645;9644624641;63712424;9644624642;63390119,030db309-8337-474b-ad78-6b6aaaa77b5b
R05,Annandale & Lake Barcroft,20,R05-S20,Annandale Rd & Westcott Rd,38.866108,-77.175141,busy intersection,,,676,VA,True,50,,R05-G2,Arlington Blvd & Annandale,12,3.54,2.5,0.72,0,0.31,0,False,quarter-mile on Annandale Road,R05-G2,87,entrance to a neighborhood of about 3490 homes with 113 entrances; on a busy road; 87 large homes and 676 houses within 800 m,,,f20bf810-a68c-4b76-949a-80fd240f2e7d
R05,Annandale & Lake Barcroft,21,R05-S21,Sleepy Hollow Rd & Kennedy Ln,38.855163,-77.169535,school,Sleepy Hollow Elementary School,97,554,VA,True,50,"Use the public corner near the school, not school grounds.",R05-G3,Columbia Pike & Gallows,1,9.62,2.5,2.31,4.5,0.31,0,False,school,R05-G3,277,Sleepy Hollow Elementary School (school) is 97 m away; Falls Church Schools - Elementary (school) is 82 m away; entrance to a neighborhood of about 3490 homes with 113 entrances; on a busy road; 277 large homes and 554 houses within 800 m,405f8eac-fe19-4435-8083-a56b21258666;87d47a21-8ba6-40db-ad1e-04ae31ddc190,,c2f90f57-4fde-4308-ab5c-a5d399580095
R05,Annandale & Lake Barcroft,22,R05-S22,Sleepy Hollow Rd & Tansey Dr,38.850708,-77.171489,private school,Montessori School Of Northern Virginia - Sleepy Hollow Campus,109,611,VA,True,50,"Use the public corner near the school, not school grounds.",R05-G3,Columbia Pike & Gallows,2,8.88,2.5,2.62,3.75,0,0,False,school,R05-G3,315,Montessori School Of Northern Virginia - Sleepy Hollow Campus (private school) is 109 m away; Sleepy Hollow United Methodist Church (church) is 124 m away; on a busy road; 315 large homes and 611 houses within 800 m,7f0bedc9-0210-4826-82f9-babd07042632;ba4b4083-7308-4140-8208-48b16b5fad6e,,5238a264-551c-45bd-b021-625a14d83a34
R05,Annandale & Lake Barcroft,23,R05-S23,Sleepy Hollow Rd & Dearborn Dr,38.8473,-77.174656,neighborhood entrance,,,712,VA,True,50,,R05-G3,Columbia Pike & Gallows,3,5.03,2.5,2.12,0,0.41,0,False,quarter-mile on Sleepy Hollow Road,R05-G3,254,entrance to a neighborhood of about 1724 homes with 42 entrances; on a busy road; 254 large homes and 712 houses within 800 m,,,6e219f1a-85b5-4b67-a83a-2ca33eebeca4
R05,Annandale & Lake Barcroft,24,R05-S24,Sleepy Hollow Rd & Elwood Dr,38.842083,-77.173322,neighborhood entrance,Barcroft Knolls Park,170,727,VA,True,50,,R05-G3,Columbia Pike & Gallows,4,5.7,2.5,1.52,1.0,0.68,0,False,quarter-mile on Sleepy Hollow Road,R05-G3,182,Barcroft Knolls Park (park / playground) is 170 m away; entrance to a neighborhood of about 1630 homes with 24 entrances; on a busy road; 182 large homes and 727 houses within 800 m,19835f5d-154a-4221-9b06-1fba32ab5e81,,6e6f82db-eff1-49df-b3d4-853ba453e9c9
R05,Annandale & Lake Barcroft,25,R05-S25,Columbia Pike & Maplewood Dr,38.838036,-77.163095,neighborhood entrance,,,775,VA,True,50,,R05-G3,Columbia Pike & Gallows,5,4.98,3,1.48,0,0.5,0,False,quarter-mile on Columbia Pike,R05-G3,178,entrance to a neighborhood of about 707 homes with 14 entrances; on a main road; 178 large homes and 775 houses within 800 m,,,64b30ddc-cf15-4dff-b851-a5312c732eca
R05,Annandale & Lake Barcroft,26,R05-S26,Columbia Pike & Whispering Ln,38.837865,-77.166928,stoplight,,,712,VA,True,50,Set back from the corner so drivers stopped at the light can read it.,R05-G3,Columbia Pike & Gallows,6,7.45,3,1.45,0,0,3.0,True,stoplight,R05-G3,174,traffic light here (OpenStreetMap); on a main road; 174 large homes and 712 houses within 800 m,,10245727861;10245727864;10245727862;10245727863,945fc2f4-df52-4321-9c83-02f4841a77c5
R05,Annandale & Lake Barcroft,27,R05-S27,Sleepy Hollow Rd & Columbia Pike,38.837491,-77.171191,stoplight,,,663,VA,True,50,Set back from the corner so drivers stopped at the light can read it.,R05-G3,Columbia Pike & Gallows,7,7.09,3,1.09,0,0,3.0,True,stoplight,R05-G3,131,traffic light here (OpenStreetMap); on a main road; 131 large homes and 663 houses within 800 m,,63976176;63976178;2853959105,0286438a-5e7c-4923-bfc9-9628ab5ba42c
R05,Annandale & Lake Barcroft,28,R05-S28,Columbia Pike & Wynnwood Dr,38.835918,-77.179506,private school,The Village School,120,766,VA,True,50,"Use the public corner near the school, not school grounds.",R05-G3,Columbia Pike & Gallows,8,7.91,3,1.23,3.0,0.68,0,False,school,R05-G3,148,The Village School (private school) is 120 m away; entrance to a neighborhood of about 1630 homes with 24 entrances; on a main road; 148 large homes and 766 houses within 800 m,35524e79-fb8c-4094-88f9-c33bf03e01a6,,0c53a520-30a0-4adf-922d-7c73ce9938e0
R05,Annandale & Lake Barcroft,29,R05-S29,Columbia Pike & Gallows Rd,38.834456,-77.186176,stoplight,Northern Virginia Korean Presbyterian Church,97,778,VA,True,50,Set back from the corner so drivers stopped at the light can read it.,R05-G3,Columbia Pike & Gallows,9,11.6,3,1.35,4.25,0,3.0,True,stoplight,R05-G3,162,traffic light here (OpenStreetMap); Northern Virginia Korean Presbyterian Church (church) is 97 m away; Genesis 12 Christian Fellowship Church (church) is 18 m away; 6 storefronts within 150 m (strip center); on a main road; 162 large homes and 778 houses within 800 m,1479c83b-dcd6-4d3f-9280-8d3908ab3380;e87676e0-5b8a-465a-b852-e82b79919912,63706519;2853958754,e8c614d5-7186-4a9f-9ac9-b44a66ed96fd
R05,Annandale & Lake Barcroft,30,R05-S30,Rose Ln & Beechtree Ln,38.852871,-77.18322,school,Beech Tree Elementary School,166,823,VA,True,50,"Use the public corner near the school, not school grounds.",R05-G3,Columbia Pike & Gallows,10,6.4,2,1.22,3.0,0.18,0,False,school,R05-G3,146,Beech Tree Elementary School (school) is 166 m away; entrance to a neighborhood of about 37 homes with 2 entrances; on a collector road; 146 large homes and 823 houses within 800 m,ab50724c-3203-48f0-b0c4-8ea93dcacf50,,2cca3c91-c106-48c8-b1d8-fca8af83ec34
R05,Annandale & Lake Barcroft,31,R05-S31,Annandale Rd & Graham Rd,38.855654,-77.189931,busy intersection,,,945,VA,True,50,,R05-G4,Gallows & Surrey Ln,1,3.67,2.5,0.86,0,0.31,0,False,quarter-mile on Annandale Road,R05-G4,103,entrance to a neighborhood of about 3490 homes with 113 entrances; on a busy road; 103 large homes and 945 houses within 800 m,,,930cf637-48b3-4711-b25e-5da7d07d9084
R05,Annandale & Lake Barcroft,32,R05-S32,Annandale Rd & Carol Ln,38.853891,-77.193524,preschool,Montessori School of Holmes Run,40,857,VA,True,50,"Use the public corner, not the property.",R05-G4,Gallows & Surrey Ln,2,5.23,2.5,0.95,1.5,0.28,0,False,quarter-mile on Annandale Road,R05-G4,114,Montessori School of Holmes Run (preschool) is 40 m away; entrance to a neighborhood of about 1185 homes with 43 entrances; on a busy road; 114 large homes and 857 houses within 800 m,954eff75-7ae5-4652-8913-0855acad78f0,,fcea9e01-25ad-46cc-9b9a-567952f7b9c7
R05,Annandale & Lake Barcroft,33,R05-S33,Annandale Rd & Sheffield Ct,38.853204,-77.197688,park / playground,Holmes Run Stream Valley Park,40,829,VA,True,50,,R05-G4,Gallows & Surrey Ln,3,4.66,2.5,1.16,1.0,0,0,False,quarter-mile on Annandale Road,R05-G4,139,Holmes Run Stream Valley Park (park / playground) is 40 m away; on a busy road; 139 large homes and 829 houses within 800 m,b5f5a076-433f-46cd-8a7f-de5c7ef911bc,,c5c34704-278b-4afb-9406-9bb0f6488486
R05,Annandale & Lake Barcroft,34,R05-S34,Annandale Rd & Mason Ln,38.849643,-77.201656,neighborhood entrance,,,888,VA,True,50,,R05-G4,Gallows & Surrey Ln,4,4.72,2.5,1.54,0,0.68,0,False,quarter-mile on Annandale Road,R05-G4,185,entrance to a neighborhood of about 1630 homes with 24 entrances; on a busy road; 185 large homes and 888 houses within 800 m,,,0045d9be-762d-4af8-96e0-83f1ea987478
R05,Annandale & Lake Barcroft,35,R05-S35,Gallows Rd & Surrey Ln,38.848483,-77.207714,private school,Montessori School of Holmes Run,93,815,VA,True,50,"Use the public corner near the school, not school grounds.",R05-G4,Gallows & Surrey Ln,5,10.68,3,1.99,4.5,1.19,0,False,school,R05-G4,239,Montessori School of Holmes Run (private school) is 93 m away; Friendship Preschool (preschool) is 96 m away; entrance to a neighborhood of about 477 homes with 4 entrances; on a main road; 239 large homes and 815 houses within 800 m,b5a21874-fe74-40e0-a07a-2b64a208ade2;e23ad167-7d47-4c2f-aef8-3a33921d0215;22159169-000a-4aa4-83be-668fcdc35da7,,19739385-df1e-4f64-a141-9f6bc76ae467
R05,Annandale & Lake Barcroft,36,R05-S36,Gallows Rd & Hummer Rd,38.846325,-77.203087,stoplight,Maranatha Baptist Church,135,873,VA,True,50,Set back from the corner so drivers stopped at the light can read it.,R05-G4,Gallows & Surrey Ln,6,9.69,3,2.19,1.5,0,3.0,True,stoplight,R05-G4,263,traffic light here (OpenStreetMap); Maranatha Baptist Church (church) is 135 m away; on a main road; 263 large homes and 873 houses within 800 m,19ea45ae-d937-4834-a094-32203f8e061e,63707031,6799d948-0e52-4abb-b17f-ebfd7253d261
R05,Annandale & Lake Barcroft,37,R05-S37,Hummer Rd & Pleasant Way,38.843294,-77.205675,neighborhood entrance,,,716,VA,True,50,,R05-G4,Gallows & Surrey Ln,7,5.25,2.5,2.1,0,0.65,0,False,quarter-mile on Hummer Road,R05-G4,252,entrance to a neighborhood of about 65 homes with 1 entrances; on a busy road; 252 large homes and 716 houses within 800 m,,,4f892750-6c94-4a28-9c4d-8eca306b69a1
R05,Annandale & Lake Barcroft,38,R05-S38,Annandale Rd & Gallows Rd,38.841659,-77.199798,stoplight,,,874,VA,True,50,Set back from the corner so drivers stopped at the light can read it.,R05-G4,Gallows & Surrey Ln,8,7.76,3,1.76,0,0,3.0,True,stoplight,R05-G4,211,traffic light here (OpenStreetMap); on a main road; 211 large homes and 874 houses within 800 m,,63706433,210390bd-b32f-4bb5-8d2d-c61dc5da9de1
R05,Annandale & Lake Barcroft,39,R05-S39,Gallows Rd & Brookcrest Pl,38.8405,-77.197266,school,Camp Griffin at Westminster School,107,856,VA,True,50,"Use the public corner near the school, not school grounds.",R05-G4,Gallows & Surrey Ln,9,10.48,2.5,1.49,6.0,0.49,0,False,school,R05-G4,179,Camp Griffin at Westminster School (school) is 107 m away; Westminster School (private school) is 101 m away; entrance to a neighborhood of about 49 homes with 1 entrances; on a busy road; 179 large homes and 856 houses within 800 m,08fd69d1-1885-4521-a09b-1ca0285e8ce1;e1e3937f-ff31-4f71-b730-7c80ea5f861c;ab2adfe3-cb02-47d6-8404-fd51e4439516,,3aba330b-3780-4a68-92b8-aaeaa6053545
R05,Annandale & Lake Barcroft,40,R05-S40,Gallows Rd & Patricia St,38.837337,-77.191907,church,The Church of Jesus Christ of Latter-day Saints,185,830,VA,True,50,,R05-G4,Gallows & Surrey Ln,10,5.14,2.5,1.14,1.5,0,0,False,quarter-mile on Gallows Road,R05-G4,137,The Church of Jesus Christ of Latter-day Saints (church) is 185 m away; on a busy road; 137 large homes and 830 houses within 800 m,16b734b0-64cf-4f7a-8d0e-f884fb157d12,,91858c57-f907-40c5-bd73-e9e8f6fccb1c
R05,Annandale & Lake Barcroft,41,R05-S41,Annandale Rd & Beverly Manor Dr,38.837407,-77.198433,busy intersection,,,694,VA,True,50,,R05-G4,Gallows & Surrey Ln,11,4.84,3,1.56,0,0.28,0,False,quarter-mile on Annandale Road,R05-G4,187,entrance to a neighborhood of about 28 homes with 1 entrances; on a main road; 187 large homes and 694 houses within 800 m,,,00b89563-c3d6-4213-a42d-fcdd5bbb7548
R05,Annandale & Lake Barcroft,42,R05-S42,Hummer Rd & Royce St,38.838602,-77.208448,park / playground,Manassas Gap Park,309,490,VA,True,50,,R05-G4,Gallows & Surrey Ln,12,5.76,2.5,1.88,1.0,0.39,0,False,quarter-mile on Hummer Road,R05-G4,225,Manassas Gap Park (park / playground) is 309 m away; entrance to a neighborhood of about 197 homes with 5 entrances; on a busy road; 225 large homes and 490 houses within 800 m,5c21e725-2530-4cd7-8d35-1ab6d06a58c7,,69afe11e-a2b4-40b7-b3a8-78333a1bc9ce
R05,Annandale & Lake Barcroft,43,R05-S43,Hummer Rd & Horseshoe Dr,38.834976,-77.210163,library / rec center,Korean Community Service Center,164,265,VA,True,50,,R05-G5,Columbia Pike & John Marr,1,5.76,2.5,1.13,2.0,0.13,0,False,quarter-mile on Hummer Road,R05-G5,136,Korean Community Service Center (library / rec center) is 164 m away; entrance to a neighborhood of about 39 homes with 3 entrances; on a busy road; 136 large homes and 265 houses within 800 m,1be0f3e2-0099-46f8-abd7-10e6c9c56ee9,,59d3d1ea-d198-4beb-b7c1-c89dca6b9145
R05,Annandale & Lake Barcroft,44,R05-S44,Little River Turnpike & Woodland Rd,38.832442,-77.20763,stoplight,,,370,VA,True,50,Set back from the corner so drivers stopped at the light can read it.,R05-G5,Columbia Pike & John Marr,2,9.16,3,1.01,2.0,0.15,3.0,True,stoplight,R05-G5,121,traffic light here (OpenStreetMap); 17 storefronts within 150 m (strip center); entrance to a neighborhood of about 291 homes with 19 entrances; on a main road; 121 large homes and 370 houses within 800 m,,63850669;1825813531,61ff6d81-ea13-4885-b42c-2aef2e2a31c9
R05,Annandale & Lake Barcroft,45,R05-S45,Little River Turnpike & Medford Dr,38.831781,-77.203825,stoplight,,,433,VA,True,50,Set back from the corner so drivers stopped at the light can read it.,R05-G5,Columbia Pike & John Marr,3,9.37,3,1.37,2.0,0,3.0,True,stoplight,R05-G5,164,traffic light here (OpenStreetMap); 8 storefronts within 150 m (strip center); on a main road; 164 large homes and 433 houses within 800 m,,1825830171;63395077;1825813493;63649945,d470804b-792c-446a-aeb1-19832d249c70
R05,Annandale & Lake Barcroft,46,R05-S46,Little River Turnpike & Markham St,38.831089,-77.199813,stoplight,,,508,VA,True,50,Set back from the corner so drivers stopped at the light can read it.,R05-G5,Columbia Pike & John Marr,4,9.69,3,1.69,2.0,0,3.0,True,stoplight,R05-G5,203,traffic light here (OpenStreetMap); 30 storefronts within 150 m (strip center); on a main road; 203 large homes and 508 houses within 800 m,,63761736;1825813507,dc4dcbfd-1e0e-4f61-b260-460ee9532419
R05,Annandale & Lake Barcroft,47,R05-S47,Annandale Rd & Markham St,38.833432,-77.197165,stoplight,,,576,VA,True,50,Set back from the corner so drivers stopped at the light can read it.,R05-G5,Columbia Pike & John Marr,5,9.8,3,1.57,2.0,0.23,3.0,True,stoplight,R05-G5,189,traffic light here (OpenStreetMap); 21 storefronts within 150 m (strip center); entrance to a neighborhood of about 186 homes with 8 entrances; on a main road; 189 large homes and 576 houses within 800 m,,63712287,1d92de8c-e6b5-4289-9ee4-ef8fd255d09c
R05,Annandale & Lake Barcroft,48,R05-S48,Columbia Pike & John Marr Dr,38.832969,-77.189752,stoplight,United Baptist Church,59,731,VA,True,50,Set back from the corner so drivers stopped at the light can read it.,R05-G5,Columbia Pike & John Marr,6,11.85,3,1.34,4.25,0.26,3.0,True,stoplight,R05-G5,161,traffic light here (OpenStreetMap); United Baptist Church (church) is 59 m away; Annandale Children's Learning (preschool) is 72 m away; 33 storefronts within 150 m (strip center); entrance to a neighborhood of about 51 homes with 2 entrances; on a main road; 161 large homes and 731 houses within 800 m,d8752cae-d554-4d5a-9ba3-46b66d0dda15;f62e685d-820e-4b60-a0f5-bded5b88247a,63522205,994d1958-aff3-463d-a114-0a9e098347de
R05,Annandale & Lake Barcroft,49,R05-S49,Little River Turnpike & John Marr Dr,38.829552,-77.190082,stoplight,,,642,VA,True,50,Set back from the corner so drivers stopped at the light can read it.,R05-G5,Columbia Pike & John Marr,7,9.67,3,1.67,2.0,0,3.0,True,stoplight,R05-G5,200,traffic light here (OpenStreetMap); 22 storefronts within 150 m (strip center); on a main road; 200 large homes and 642 houses within 800 m,,1655558868;3257426128;4134785889,09cb945a-9ebb-4ac6-895d-189cee7dea27
R05,Annandale & Lake Barcroft,50,R05-S50,Little River Turnpike & Backlick Rd,38.830149,-77.194393,stoplight,,,582,VA,True,50,Set back from the corner so drivers stopped at the light can read it.,R05-G5,Columbia Pike & John Marr,8,9.64,3,1.64,2.0,0,3.0,True,stoplight,R05-G5,197,traffic light here (OpenStreetMap); 19 storefronts within 150 m (strip center); on a main road; 197 large homes and 582 houses within 800 m,,63790691,8ce132dc-bec3-4ee9-acba-cca835104155
R05,Annandale & Lake Barcroft,51,R05-S51,Backlick Rd & Falcon St,38.826115,-77.19387,neighborhood entrance,,,540,VA,True,50,,R05-G5,Columbia Pike & John Marr,9,5.14,3,1.67,0,0.47,0,False,quarter-mile on Backlick Road,R05-G5,200,entrance to a neighborhood of about 473 homes with 10 entrances; on a main road; 200 large homes and 540 houses within 800 m,,,06046bef-f1e8-4dbe-bdb2-fa85441a1608
R05,Annandale & Lake Barcroft,52,R05-S52,Ravensworth Rd & McWhorter Pl,38.828617,-77.198204,stoplight,,,545,VA,True,50,Set back from the corner so drivers stopped at the light can read it.,R05-G5,Columbia Pike & John Marr,10,8.89,2.5,1.39,2.0,0,3.0,True,stoplight,R05-G5,167,traffic light here (OpenStreetMap); 10 storefronts within 150 m (strip center); on a busy road; 167 large homes and 545 houses within 800 m,,9829287446;63580809;9829287444;9829287445,d53ac8f3-b074-46ea-a793-0c7a2a5afb69
R05,Annandale & Lake Barcroft,53,R05-S53,Ravensworth Rd & Saint Michael's Ln,38.823602,-77.201811,private school,Saint Michael Catholic School,114,603,VA,True,50,"Use the public corner near the school, not school grounds.",R05-G5,Columbia Pike & John Marr,11,8.38,2.5,1.38,4.5,0,0,False,school,R05-G5,166,Saint Michael Catholic School (private school) is 114 m away; Hope Montessori School Ltd (preschool) is 125 m away; on a busy road; 166 large homes and 603 houses within 800 m,94127291-3ba6-45e5-98a1-ae57265686af;203c438b-aeef-41f4-9835-2c8d9537d5e1;5f51fbec-4b09-40c1-8bef-5bcee636ff20,,6a7a4ac6-c790-438e-8291-ded9d77b6838
R05,Annandale & Lake Barcroft,54,R05-S54,Weyburn Dr & Mayfield Dr,38.826802,-77.206524,school,Annandale Terrace Elementary School,151,465,VA,True,50,"Use the public corner near the school, not school grounds.",R05-G5,Columbia Pike & John Marr,12,4.51,0.5,1.01,3.0,0,0,False,school,R05-G5,121,Annandale Terrace Elementary School (school) is 151 m away; on a neighborhood street; 121 large homes and 465 houses within 800 m,2eed6575-65ab-45c5-8472-1808f7dfe6c5,,95aa0bea-cac7-4c54-8061-2b1a5f3a9136
R05,Annandale & Lake Barcroft,55,R05-S55,Backlick Rd & Auburn St,38.822591,-77.191865,neighborhood entrance,,,609,VA,True,50,,R05-G6,Little River Turnpike & Evergreen Ln,1,5.27,3,1.74,0,0.53,0,False,quarter-mile on Backlick Road,R05-G6,209,entrance to a neighborhood of about 106 homes with 2 entrances; on a main road; 209 large homes and 609 houses within 800 m,,,285af585-efa5-4ae5-94ba-df6e3895a640
R05,Annandale & Lake Barcroft,56,R05-S56,Backlick Rd & Kandel Ct,38.819683,-77.190246,school,Poe Middle School,315,648,VA,True,50,"Use the public corner near the school, not school grounds.",R05-G6,Little River Turnpike & Evergreen Ln,2,8.87,3,1.87,4.0,0,0,False,school,R05-G6,224,Poe Middle School (school) is 315 m away; Meadows Farms Nursery & Landscaping – Annandale (garden center / hardware) is 98 m away; on a main road; 224 large homes and 648 houses within 800 m,8510bd61-6a61-424d-ab74-31fad752f5e7;91ce86a4-1bb5-4db2-b937-366755e88ab4,,e04018b8-8a14-488b-a7b3-8b2afc628d44
R05,Annandale & Lake Barcroft,57,R05-S57,Backlick Rd & Sunset Ln,38.815656,-77.187036,grocery / big-box anchor,Giant Food,289,497,VA,True,50,"Use the corner at the entrance, not the private lot.",R05-G6,Little River Turnpike & Evergreen Ln,3,9.6,3,1.77,4.5,0.32,0,False,quarter-mile on Backlick Road,R05-G6,213,Giant Food (grocery / big-box anchor) is 289 m away; Bradlick Shopping Center (shopping center) is 341 m away; entrance to a neighborhood of about 65 homes with 2 entrances; on a main road; 213 large homes and 497 houses within 800 m,6638ed29-a04a-4539-924d-88672c49ebeb;e8449e8f-1f5d-4198-8bc3-f3c76a566601,,ec98f1af-84b5-413f-9be7-2ad47b1e1644
R05,Annandale & Lake Barcroft,58,R05-S58,Kingston Dr & Colburn Dr,38.813039,-77.181964,private school,Immanuel Christian School,381,607,VA,True,50,"Use the public corner near the school, not school grounds.",R05-G6,Little River Turnpike & Evergreen Ln,4,5.07,0.5,1.57,3.0,0,0,False,school,R05-G6,188,Immanuel Christian School (private school) is 381 m away; on a neighborhood street; 188 large homes and 607 houses within 800 m,e9db58ea-3f1d-4744-a92c-ccdadc935f80,,48af010b-1224-43fc-9c7f-59f3eaf8991d
R05,Annandale & Lake Barcroft,59,R05-S59,Braddock Rd & Montgomery St,38.811891,-77.177954,neighborhood entrance,Great Love Church,56,707,VA,True,50,,R05-G6,Little River Turnpike & Evergreen Ln,5,7.66,3,1.49,2.25,0.92,0,False,quarter-mile on Braddock Road,R05-G6,179,Great Love Church (church) is 56 m away; Trinity Community Church (church) is 58 m away; entrance to a neighborhood of about 552 homes with 6 entrances; on a main road; 179 large homes and 707 houses within 800 m,17bedb1f-9a28-4e34-b87a-69ed795177fb;1e580a7e-9f1c-454b-9eac-bcd72857f9d0,,a7ff3c0f-1b8c-4650-82dd-c387c6434576
R05,Annandale & Lake Barcroft,60,R05-S60,Columbia Rd & Montgomery St,38.821427,-77.17709,private school,Montessori School of Northern Virginia,271,546,VA,True,50,"Use the public corner near the school, not school grounds.",R05-G6,Little River Turnpike & Evergreen Ln,6,8.01,2,2.09,3.0,0.92,0,False,school,R05-G6,251,Montessori School of Northern Virginia (private school) is 271 m away; entrance to a neighborhood of about 552 homes with 6 entrances; on a collector road; 251 large homes and 546 houses within 800 m,5a0702f6-ced6-4e20-a353-027bfbc4f826,,a6b3626b-918a-4f75-ab47-65b19ccb5f25
R05,Annandale & Lake Barcroft,61,R05-S61,Little River Turnpike & Old Columbia Pike,38.825283,-77.174165,stoplight,,,387,VA,True,50,Set back from the corner so drivers stopped at the light can read it.,R05-G6,Little River Turnpike & Evergreen Ln,7,7.67,3,1.67,0,0,3.0,True,stoplight,R05-G6,200,traffic light here (OpenStreetMap); on a main road; 200 large homes and 387 houses within 800 m,,64032781;1827104690,ad0b0076-e5ef-424b-8994-2f5523f6aa3a
R05,Annandale & Lake Barcroft,62,R05-S62,Little River Turnpike & Conwell Dr,38.826354,-77.177379,school,Columbia Elementary School,321,468,VA,True,50,"Use the public corner near the school, not school grounds.",R05-G6,Little River Turnpike & Evergreen Ln,8,8.11,3,2.04,3.0,0.07,0,False,school,R05-G6,245,Columbia Elementary School (school) is 321 m away; entrance to a neighborhood of about 94 homes with 13 entrances; on a main road; 245 large homes and 468 houses within 800 m,79691ae8-ab48-4837-8aff-b55daec25d89,,cc44ac50-bc01-491f-a8e4-397d544cf803
R05,Annandale & Lake Barcroft,63,R05-S63,Little River Turnpike & Evergreen Ln,38.828677,-77.185475,stoplight,,,671,VA,True,50,Set back from the corner so drivers stopped at the light can read it.,R05-G6,Little River Turnpike & Evergreen Ln,9,9.89,3,1.89,2.0,0,3.0,True,stoplight,R05-G6,227,traffic light here (OpenStreetMap); 14 storefronts within 150 m (strip center); on a main road; 227 large homes and 671 houses within 800 m,,1825830216;64048952,463dd69a-802a-49e8-b4b4-88fd368f2bf9
R05,Annandale & Lake Barcroft,64,R05-S64,Little River Turnpike & Pinecrest Vista Dr,38.824476,-77.170274,stoplight,,,347,VA,True,50,Set back from the corner so drivers stopped at the light can read it.,R05-G7,Little River Turnpike & Southland Ave,1,7.34,3,1.14,0,0.2,3.0,True,stoplight,R05-G7,137,traffic light here (OpenStreetMap); entrance to a neighborhood of about 261 homes with 13 entrances; on a main road; 137 large homes and 347 houses within 800 m,,10245778091;10245778090;63742884;10245778092,79a93758-4db7-4449-81d5-4db2612c6b2d
R05,Annandale & Lake Barcroft,65,R05-S65,Little River Turnpike & Braddock Rd,38.822584,-77.163319,stoplight,,,399,VA,True,50,Set back from the corner so drivers stopped at the light can read it.,R05-G7,Little River Turnpike & Southland Ave,2,7.1,3,1.1,0,0,3.0,True,stoplight,R05-G7,132,traffic light here (OpenStreetMap); on a main road; 132 large homes and 399 houses within 800 m,,63640519;1827104767;1827104730;63640492,fd80300b-2eeb-4142-9bc0-203756f30579
R05,Annandale & Lake Barcroft,66,R05-S66,Braddock Rd & Fairland St,38.819986,-77.164533,school,Fairfax County Public Schools,94,433,VA,True,50,"Use the public corner near the school, not school grounds.",R05-G7,Little River Turnpike & Southland Ave,3,8.63,3,1.07,4.5,0.06,0,False,school,R05-G7,128,Fairfax County Public Schools (school) is 94 m away; Weyanoke Elementary School (school) is 74 m away; entrance to a neighborhood of about 115 homes with 18 entrances; on a main road; 128 large homes and 433 houses within 800 m,b6c43e7c-f835-4d0a-8be8-e6100fa4b723;0404f97a-f147-4d56-ad03-3c608c5186d7,,fe990a27-6869-49e0-9cb3-e8022a0f5201
R05,Annandale & Lake Barcroft,67,R05-S67,Braddock Rd & Minor Ln,38.816918,-77.16792,school,Thomas Jefferson High School For Science And Technology,197,504,VA,True,50,"Use the public corner near the school, not school grounds.",R05-G7,Little River Turnpike & Southland Ave,4,8.52,3,1.32,4.0,0.2,0,False,school,R05-G7,158,Thomas Jefferson High School For Science And Technology (school) is 197 m away; Thomas Jefferson High School for Science and Technology (school) is 147 m away; entrance to a neighborhood of about 261 homes with 13 entrances; on a main road; 158 large homes and 504 houses within 800 m,d57dd7e0-9952-426f-a356-6cb6ac8b83dc;7063cb99-963e-4252-89e4-002a684b2608;4914c9a0-6136-4890-a562-c819b8adecbf,,eb6343ee-2441-408a-b6b6-599d0596484c
R05,Annandale & Lake Barcroft,68,R05-S68,Braddock Rd & Pine Rd,38.812779,-77.171235,busy intersection,,,649,VA,True,50,,R05-G7,Little River Turnpike & Southland Ave,5,4.81,3,1.47,0,0.34,0,False,quarter-mile on Braddock Road,R05-G7,176,entrance to a neighborhood of about 240 homes with 7 entrances; on a main road; 176 large homes and 649 houses within 800 m,,,b426e40e-fb2f-49bc-a746-fd8dace86122
R05,Annandale & Lake Barcroft,69,R05-S69,Montrose St & 8th St,38.814742,-77.160782,school,Holmes Middle School,183,572,VA,True,50,"Use the public corner near the school, not school grounds.",R05-G7,Little River Turnpike & Southland Ave,6,7.17,2,1.36,3.75,0.06,0,False,school,R05-G7,163,Holmes Middle School (school) is 183 m away; The Haven Church (church) is 219 m away; entrance to a neighborhood of about 115 homes with 18 entrances; on a collector road; 163 large homes and 572 houses within 800 m,a1152a91-03d5-406b-9a93-22977b21df36;6b40e64f-6e3d-4d30-86fb-f5f4e272955e,,8bdb7054-7b16-46d3-a0e4-2698edc9e68b
R05,Annandale & Lake Barcroft,70,R05-S70,Little River Turnpike & Virginia St,38.821444,-77.158541,strip center,,,491,VA,True,50,"Use the corner at the entrance, not the private lot.",R05-G7,Little River Turnpike & Southland Ave,7,6.47,3,1.29,2.0,0.18,0,False,quarter-mile on Little River Turnpike,R05-G7,155,11 storefronts within 150 m (strip center); entrance to a neighborhood of about 37 homes with 2 entrances; on a main road; 155 large homes and 491 houses within 800 m,,,a4b6c3d8-d95d-4f75-b331-afecd1a06854
R05,Annandale & Lake Barcroft,71,R05-S71,Braddock Rd & Witch Hazel Rd,38.824976,-77.16018,strip center,,,402,VA,True,50,"Use the corner at the entrance, not the private lot.",R05-G7,Little River Turnpike & Southland Ave,8,6.54,3,1.54,2.0,0,0,False,quarter-mile on Braddock Road,R05-G7,185,6 storefronts within 150 m (strip center); on a main road; 185 large homes and 402 houses within 800 m,,,939c7833-ce10-4fc9-991d-bd346b8f3ead
R05,Annandale & Lake Barcroft,72,R05-S72,Little River Turnpike & Chowan Ave,38.819998,-77.151693,strip center,,,400,VA,True,50,"Use the corner at the entrance, not the private lot.",R05-G7,Little River Turnpike & Southland Ave,9,6.28,3,1.16,2.0,0.12,0,False,quarter-mile on Little River Turnpike,R05-G7,139,7 storefronts within 150 m (strip center); entrance to a neighborhood of about 272 homes with 23 entrances; on a main road; 139 large homes and 400 houses within 800 m,,,fef985cc-ba71-485c-8685-ac6c04133755
R05,Annandale & Lake Barcroft,73,R05-S73,Little River Turnpike & Southland Ave,38.819214,-77.148008,stoplight,Lincolnia United Methodist Church,189,380,VA,True,50,Set back from the corner so drivers stopped at the light can read it.,R05-G7,Little River Turnpike & Southland Ave,10,9.36,3,0.99,2.25,0.12,3.0,True,stoplight,R05-G7,119,traffic light here (OpenStreetMap); Lincolnia United Methodist Church (church) is 189 m away; Luca's Rainbow Bilingual Preschool (preschool) is 219 m away; entrance to a neighborhood of about 272 homes with 23 entrances; on a main road; 119 large homes and 380 houses within 800 m,0739f211-5bed-4a1e-b9ad-54a52a1ccc69;e7e0c35d-4fa0-4437-9747-9057fb8fae7d,63504975;1827104668,d84df9a2-5402-4368-8919-37001248a298
R05,Annandale & Lake Barcroft,74,R05-S74,Lincolnia Rd & North Chambliss St,38.822122,-77.142922,stoplight,,,453,VA,True,50,Set back from the corner so drivers stopped at the light can read it.,R05-G8,Columbia Pike & Lincolnia,1,9.58,2.5,1.08,2.0,1.0,3.0,True,stoplight,R05-G8,130,traffic light here (OpenStreetMap); 7 storefronts within 150 m (strip center); entrance to a neighborhood of about 1197 homes with 12 entrances; on a busy road; 130 large homes and 453 houses within 800 m,,4525808655;63733315,9dd58d9b-18e7-468a-a5c8-898dd3211726
R05,Annandale & Lake Barcroft,75,R05-S75,Lincolnia Rd & River Downs Rd,38.826768,-77.145902,neighborhood entrance,Queen of Apostles Catholic Church,288,683,VA,True,50,,R05-G8,Columbia Pike & Lincolnia,2,5.84,2.5,1.37,1.5,0.47,0,False,quarter-mile on Lincolnia Road,R05-G8,164,Queen of Apostles Catholic Church (church) is 288 m away; entrance to a neighborhood of about 47 homes with 1 entrances; on a busy road; 164 large homes and 683 houses within 800 m,fc66630f-90b7-42d5-b15d-e81842c1148b,,e93a9817-bb32-48bc-a91a-4c971ce11b58
R05,Annandale & Lake Barcroft,76,R05-S76,Braddock Rd & Vale St,38.827164,-77.156749,busy intersection,,,485,VA,True,50,,R05-G8,Columbia Pike & Lincolnia,3,4.99,3,1.77,0,0.22,0,False,quarter-mile on Braddock Road,R05-G8,212,entrance to a neighborhood of about 195 homes with 9 entrances; on a main road; 212 large homes and 485 houses within 800 m,,,95237845-ec40-4aeb-a6fa-d8f88dc1d99b
R05,Annandale & Lake Barcroft,77,R05-S77,Columbia Pike & Lincolnia Rd,38.836453,-77.157721,stoplight,,,785,VA,True,50,Set back from the corner so drivers stopped at the light can read it.,R05-G8,Columbia Pike & Lincolnia,4,9.62,3,1.62,2.0,0,3.0,True,stoplight,R05-G8,194,traffic light here (OpenStreetMap); 10 storefronts within 150 m (strip center); on a main road; 194 large homes and 785 houses within 800 m,,2853958788;2853958787;64036988;63813370,7169fc2e-cd06-4a02-bc15-d9ff457a05f4
R05,Annandale & Lake Barcroft,78,R05-S78,Braddock Rd & Columbia Pike Service Rd,38.839434,-77.151678,neighborhood entrance,,,823,VA,True,50,,R05-G8,Columbia Pike & Lincolnia,5,5.73,3,1.73,0,1.0,0,False,quarter-mile on Braddock Road,R05-G8,208,entrance to a neighborhood of about 1197 homes with 12 entrances; on a main road; 208 large homes and 823 houses within 800 m,,,d0004de5-5f1d-49d2-a555-a9ff25fd72bd
R05,Annandale & Lake Barcroft,79,R05-S79,Columbia Pike & Aqua Ter,38.841002,-77.149595,stoplight,,,744,VA,True,50,Set back from the corner so drivers stopped at the light can read it.,R05-G8,Columbia Pike & Lincolnia,6,8.31,3,1.81,0,0.5,3.0,True,stoplight,R05-G8,217,traffic light here (OpenStreetMap); entrance to a neighborhood of about 707 homes with 14 entrances; on a main road; 217 large homes and 744 houses within 800 m,,10245780825;10245780823;10245780824,fbfaf041-bfed-4483-aa9d-68548bd66c7e
R05,Annandale & Lake Barcroft,80,R05-S80,Braddock Rd & Arcadia Rd,38.83591,-77.151681,neighborhood entrance,,,903,VA,True,50,,R05-G8,Columbia Pike & Lincolnia,7,5.47,3,1.47,0,1.0,0,False,quarter-mile on Braddock Road,R05-G8,176,entrance to a neighborhood of about 1197 homes with 12 entrances; on a main road; 176 large homes and 903 houses within 800 m,,,5ec312cc-4aab-48f2-8063-55a17439ddeb
R05,Annandale & Lake Barcroft,81,R05-S81,Braddock Rd & Lincolnia Rd,38.832005,-77.152251,stoplight,Full Gospel First Church of Washington,81,784,VA,True,50,Set back from the corner so drivers stopped at the light can read it.,R05-G8,Columbia Pike & Lincolnia,8,9.29,3,1.79,1.5,0,3.0,True,stoplight,R05-G8,215,traffic light here (OpenStreetMap); Full Gospel First Church of Washington (church) is 81 m away; on a main road; 215 large homes and 784 houses within 800 m,5d263683-9b74-4068-b9fc-11c35fc9974d,63640416,b03900ad-4c22-4c31-88e9-f900dc2f32e3
R05,Annandale & Lake Barcroft,82,R05-S82,Lincolnia Rd & Summit Pl,38.829711,-77.149007,neighborhood entrance,Peace Lutheran Church,96,750,VA,True,50,,R05-G8,Columbia Pike & Lincolnia,9,6.8,2.5,1.8,1.5,1.0,0,False,quarter-mile on Lincolnia Road,R05-G8,216,Peace Lutheran Church (church) is 96 m away; entrance to a neighborhood of about 1197 homes with 12 entrances; on a busy road; 216 large homes and 750 houses within 800 m,c5a185bf-36b6-4ffa-b8ad-4eaf8be375e6,,d2901146-4015-448e-b29f-d2f9a15fbf6c
R05,Annandale & Lake Barcroft,83,R05-S83,Yellowstone Dr & Conrad Rd,38.835667,-77.141047,school,Glasgow Middle School,240,860,VA,True,50,"Use the public corner near the school, not school grounds.",R05-G8,Columbia Pike & Lincolnia,10,4.42,0.5,0.93,3.0,0,0,False,school,R05-G8,111,Glasgow Middle School (school) is 240 m away; on a neighborhood street; 111 large homes and 860 houses within 800 m,c185e660-37c0-46cf-b0df-9e16d5c822d9,,945644e6-eee9-4962-9aba-7044d2ea245a
R06,Fair Lakes & Fair Oaks,1,R06-S01,Waples Mill Rd & Center Way,38.877813,-77.361822,neighborhood entrance,,,561,VA,True,50,,R06-G1,West Ox & Legato,1,5.31,2.5,1.81,0,1.0,0,False,quarter-mile on Waples Mill Road,R06-G1,217,entrance to a neighborhood of about 200 homes with 2 entrances; on a busy road; 217 large homes and 561 houses within 800 m,,,0d0b4cd6-e324-4aa4-ad15-e0c79343efa3
R06,Fair Lakes & Fair Oaks,2,R06-S02,Vale Rd & Hickory Hills Dr,38.885063,-77.362558,neighborhood entrance,,,489,VA,True,50,,R06-G1,West Ox & Legato,2,4.54,2.5,1.47,0,0.57,0,False,quarter-mile on Vale Road,R06-G1,176,entrance to a neighborhood of about 57 homes with 1 entrances; on a busy road; 176 large homes and 489 houses within 800 m,,,79b06e2b-ad64-4b6d-a250-458776513fcd
R06,Fair Lakes & Fair Oaks,3,R06-S03,Vale Rd & Vale Station Rd,38.882273,-77.3667,private school,Montessori School Of Oakton,181,656,VA,True,50,"Use the public corner near the school, not school grounds.",R06-G1,West Ox & Legato,3,9.07,2.5,2.08,4.5,0,0,False,school,R06-G1,249,Montessori School Of Oakton (private school) is 181 m away; Alliance First Church Of Washington (church) is 181 m away; on a busy road; 249 large homes and 656 houses within 800 m,9b753d98-c2a2-47e7-ae50-e32687b72bdf;41013d9d-9fdc-4af9-bbd2-01f6f78f79cc;fe70bd23-9fb2-468c-8b5d-ecb5090f3a90,,f6ec90f9-f7b6-4a26-a98a-09748ed78a2c
R06,Fair Lakes & Fair Oaks,4,R06-S04,West Ox Rd & Tilton Valley Dr,38.884118,-77.373926,neighborhood entrance,,,641,VA,True,50,,R06-G1,West Ox & Legato,4,5.72,3,1.94,0,0.78,0,False,quarter-mile on West Ox Road,R06-G1,233,entrance to a neighborhood of about 548 homes with 7 entrances; on a main road; 233 large homes and 641 houses within 800 m,,,a2bf05f1-54b8-4bd5-9918-15118ba6a159
R06,Fair Lakes & Fair Oaks,5,R06-S05,West Ox Rd & Vale Rd,38.880911,-77.369188,stoplight,,,708,VA,True,50,Set back from the corner so drivers stopped at the light can read it.,R06-G1,West Ox & Legato,5,7.97,3,1.97,0,0,3.0,True,stoplight,R06-G1,236,traffic light here (OpenStreetMap); on a main road; 236 large homes and 708 houses within 800 m,,1839510595;1839494421,8c2ad3c1-5b36-4271-b977-8f4ab07b0952
R06,Fair Lakes & Fair Oaks,6,R06-S06,West Ox Rd & Penderwood Dr,38.877658,-77.368096,busy intersection,,,598,VA,True,50,,R06-G1,West Ox & Legato,6,5.11,3,1.76,0,0.35,0,False,quarter-mile on West Ox Road,R06-G1,211,entrance to a neighborhood of about 104 homes with 3 entrances; on a main road; 211 large homes and 598 houses within 800 m,,,4ca2328f-2403-4db7-90a9-459603198946
R06,Fair Lakes & Fair Oaks,7,R06-S07,West Ox Rd & Penderbrook Dr,38.874004,-77.367273,stoplight,,,453,VA,True,50,Set back from the corner so drivers stopped at the light can read it.,R06-G1,West Ox & Legato,7,7.67,3,1.67,0,0,3.0,True,stoplight,R06-G1,200,traffic light here (OpenStreetMap); on a main road; 200 large homes and 453 houses within 800 m,,1839533114;1839533177;63542012,76e8f591-17a9-4b72-bf02-3adc6b3dfeb3
R06,Fair Lakes & Fair Oaks,8,R06-S08,Route 50 & Dorforth Dr,38.872668,-77.376058,stoplight,,,294,VA,True,50,Set back from the corner so drivers stopped at the light can read it.,R06-G1,West Ox & Legato,8,7.3,3,1.3,0,0,3.0,True,stoplight,R06-G1,156,traffic light here (OpenStreetMap); on a highway; 156 large homes and 294 houses within 800 m,,63465491;504312432,3502a2d1-0bd1-4687-a09f-a0158ac0e63f
R06,Fair Lakes & Fair Oaks,9,R06-S09,Route 50 & Fair Ridge Dr,38.871518,-77.372479,stoplight,Pender Village Center,214,260,VA,True,50,Set back from the corner so drivers stopped at the light can read it.,R06-G1,West Ox & Legato,9,10.93,3,1.43,3.5,0,3.0,True,stoplight,R06-G1,171,traffic light here (OpenStreetMap); Pender Village Center (shopping center) is 214 m away; Fair Ridge Park (park / playground) is 97 m away; on a highway; 171 large homes and 260 houses within 800 m,61a8c8f0-d032-4a46-a1aa-060457f7f3a6;3fe3ef87-6d17-497d-9023-564d82b87243,63396738;2417463108,80b72458-b58b-4621-8f1f-3b667581b0f9
R06,Fair Lakes & Fair Oaks,10,R06-S10,West Ox Rd & Legato Rd,38.865738,-77.366584,stoplight,Fairfax Assembly of God Church,201,93,VA,True,50,Set back from the corner so drivers stopped at the light can read it.,R06-G1,West Ox & Legato,10,10.99,3,0.74,4.25,0,3.0,True,stoplight,R06-G1,89,traffic light here (OpenStreetMap); Fairfax Assembly of God Church (church) is 201 m away; Living Proof Simulcast with Beth Moore - Presented by Centerpointe Church (church) is 290 m away; 9 storefronts within 150 m (strip center); on a main road; 89 large homes and 93 houses within 800 m,7f97f372-ffda-4e91-b9cd-2d9ce7e1e4c0;c1d39af0-123d-4b2a-9cf3-3030aec7448b,660027243;7365533560;660027169;1464216017;7365533558,bf2b37bd-a8b4-4495-b561-35dd2d647a18
R06,Fair Lakes & Fair Oaks,11,R06-S11,West Ox Rd & Pender Creek Cir,38.8615,-77.370811,stoplight,,,163,VA,True,50,Set back from the corner so drivers stopped at the light can read it.,R06-G2,Fair Lakes Pkwy & Fair Knoll,1,6.99,3,0.89,0,0.1,3.0,True,stoplight,R06-G2,107,traffic light here (OpenStreetMap); entrance to a neighborhood of about 80 homes with 8 entrances; on a main road; 107 large homes and 163 houses within 800 m,,660027157;63760556,8ffcf7c5-b13a-4bde-b175-bb01f01f2dff
R06,Fair Lakes & Fair Oaks,12,R06-S12,Fair Lakes Pkwy & Oak Creek Ln,38.859879,-77.375408,stoplight,East Market,206,98,VA,True,50,Set back from the corner so drivers stopped at the light can read it.,R06-G2,Fair Lakes Pkwy & Fair Knoll,2,8.91,2.5,0.41,3.0,0,3.0,True,stoplight,R06-G2,49,traffic light here (OpenStreetMap); East Market (shopping center) is 206 m away; on a busy road; 49 large homes and 98 houses within 800 m,865ce72c-bebb-4189-bdda-25ceb4444364,1342941637;917938660,4fcc3e81-9152-4896-8062-8d1b23907244
R06,Fair Lakes & Fair Oaks,13,R06-S13,Fair Lakes Cir & Roger Stover Dr,38.859253,-77.379492,stoplight,Fair Lakes Shopping Center,263,87,VA,True,50,Set back from the corner so drivers stopped at the light can read it.,R06-G2,Fair Lakes Pkwy & Fair Knoll,3,8.8,2,0.3,3.5,0,3.0,True,stoplight,R06-G2,36,traffic light here (OpenStreetMap); Fair Lakes Shopping Center (shopping center) is 263 m away; Fair Lakes Office Park (park / playground) is 262 m away; on a collector road; 36 large homes and 87 houses within 800 m,a224454f-a5d1-4df5-b83b-c98439cf55e3;a3ebb3bb-cc16-4a20-ac6a-6cdf1f963daa,1342941503;1342941489,5c5abbb9-fe47-46f7-8c69-ef0fbb535c7d
R06,Fair Lakes & Fair Oaks,14,R06-S14,Fair Lakes Pkwy & Fair Knoll Dr,38.862,-77.386838,stoplight,The Shops at Fair Lakes,83,291,VA,True,50,Set back from the corner so drivers stopped at the light can read it.,R06-G2,Fair Lakes Pkwy & Fair Knoll,4,9.37,2.5,0.85,3.0,0.02,3.0,True,stoplight,R06-G2,102,traffic light here (OpenStreetMap); The Shops at Fair Lakes (shopping center) is 83 m away; entrance to a neighborhood of about 25 homes with 10 entrances; on a busy road; 102 large homes and 291 houses within 800 m,4be4770e-4d1b-434b-9729-fefcbdd34c3c,63748919;917938729,5a40e0b6-5af3-4772-98d0-51824712c214
R06,Fair Lakes & Fair Oaks,15,R06-S15,Fair Lakes Pkwy & Fair Lakes Cir,38.860921,-77.389402,stoplight,,,317,VA,True,50,Set back from the corner so drivers stopped at the light can read it.,R06-G2,Fair Lakes Pkwy & Fair Knoll,5,8.37,2.5,0.87,2.0,0,3.0,True,quarter-mile on Fair Lakes Circle,R06-G2,104,traffic light here (OpenStreetMap); 9 storefronts within 150 m (strip center); on a busy road; 104 large homes and 317 houses within 800 m,,63481580;1342941804;1342941816,560b7433-b57c-4db6-a522-e7e13f130272
R06,Fair Lakes & Fair Oaks,16,R06-S16,Fair Lakes Pkwy & Fair Lakes Blvd,38.858603,-77.39596,stoplight,,,292,VA,True,50,Set back from the corner so drivers stopped at the light can read it.,R06-G3,Stringfellow & Melville Ln,1,8.76,2.5,1.26,2.0,0,3.0,True,stoplight,R06-G3,151,traffic light here (OpenStreetMap); 6 storefronts within 150 m (strip center); on a busy road; 151 large homes and 292 houses within 800 m,,63796873;1342941378;2498054557;2498054534,8b304e3e-10b1-4a82-a54d-6b0bc7855cb9
R06,Fair Lakes & Fair Oaks,17,R06-S17,Fair Lakes Blvd & Fair Stone Dr,38.855703,-77.398907,stoplight,Walmart,256,341,VA,True,50,Set back from the corner so drivers stopped at the light can read it.,R06-G3,Stringfellow & Melville Ln,2,9.68,2,1.68,3.0,0,3.0,True,stoplight,R06-G3,201,traffic light here (OpenStreetMap); Walmart (grocery / big-box anchor) is 256 m away; on a collector road; 201 large homes and 341 houses within 800 m,e444f69f-2c8f-4943-85b4-a868dfad357e,1342941006;2067470763;1342940996,583a209d-9839-4814-88ce-44e78f3a3211
R06,Fair Lakes & Fair Oaks,18,R06-S18,Stringfellow Rd & Fair Lakes Blvd,38.855865,-77.40413,stoplight,,,413,VA,True,50,Set back from the corner so drivers stopped at the light can read it.,R06-G3,Stringfellow & Melville Ln,3,7.16,2.5,1.66,0,0,3.0,True,stoplight,R06-G3,199,traffic light here (OpenStreetMap); on a busy road; 199 large homes and 413 houses within 800 m,,6357396893;63576284;6357396895;6357396894,5c42e4b6-2ff4-4c84-97e3-8bd91ab03299
R06,Fair Lakes & Fair Oaks,19,R06-S19,Stringfellow Rd & Fair Lakes Pkwy,38.860199,-77.405223,stoplight,,,623,VA,True,50,Set back from the corner so drivers stopped at the light can read it.,R06-G3,Stringfellow & Melville Ln,4,7.07,2.5,1.57,0,0,3.0,True,stoplight,R06-G3,188,traffic light here (OpenStreetMap); on a busy road; 188 large homes and 623 houses within 800 m,,6357103069;63576259;6357103070;1342941705,75ef4cd6-c818-4dea-a8bb-2db166484e2f
R06,Fair Lakes & Fair Oaks,20,R06-S20,Stringfellow Rd & Melville Ln,38.864061,-77.406359,stoplight,Greenbriar Community Center Inc,64,668,VA,True,50,Set back from the corner so drivers stopped at the light can read it.,R06-G3,Stringfellow & Melville Ln,5,10.07,2.5,1.32,3.25,0,3.0,True,stoplight,R06-G3,159,traffic light here (OpenStreetMap); Greenbriar Community Center Inc (library / rec center) is 64 m away; Fairfax Global Methodist Church (church) is 101 m away; on a busy road; 159 large homes and 668 houses within 800 m,6a860fc6-7d96-4d12-b689-d27d9d79ba3b;69fb7b39-a6f1-47ae-97cb-9cea22c63225;10ce56ed-035c-4ab1-8042-bd90c92cc071,6357396915;5336972391,b3daf0b7-0510-49a2-b228-0ef77b4f82e5
R06,Fair Lakes & Fair Oaks,21,R06-S21,Fair Lakes Pkwy & Red Admiral Pl,38.86141,-77.400124,busy intersection,,,475,VA,True,50,,R06-G3,Stringfellow & Melville Ln,6,3.93,2.5,1.41,0,0.02,0,False,quarter-mile on Fair Lakes Parkway,R06-G3,169,entrance to a neighborhood of about 25 homes with 10 entrances; on a busy road; 169 large homes and 475 houses within 800 m,,,a363508d-eb3b-4290-9686-80931375cb0f
R06,Fair Lakes & Fair Oaks,22,R06-S22,Majestic Ln & Parson Ln,38.871484,-77.395854,private school,Greenbriar East Elementary School,134,1294,VA,True,50,"Use the public corner near the school, not school grounds.",R06-G3,Stringfellow & Melville Ln,7,8.66,2,3.08,3.0,0.59,0,False,school,R06-G3,369,Greenbriar East Elementary School (private school) is 134 m away; entrance to a neighborhood of about 590 homes with 10 entrances; on a collector road; 369 large homes and 1294 houses within 800 m,1cce62b5-18b5-4577-8735-d7cfc0ab9348,,eac6f6d8-f2d8-4639-afac-3f3d83f83008
R06,Fair Lakes & Fair Oaks,23,R06-S23,Point Pleasant Dr & Peekskill Ln,38.871637,-77.404761,private school,Greenbriar East Elementary,93,1076,VA,True,50,"Use the public corner near the school, not school grounds.",R06-G3,Stringfellow & Melville Ln,8,8.87,2,2.28,4.0,0.59,0,False,school,R06-G3,274,Greenbriar East Elementary (private school) is 93 m away; Greenbriar Little Free Library #33664 (library / rec center) is 37 m away; entrance to a neighborhood of about 590 homes with 10 entrances; on a collector road; 274 large homes and 1076 houses within 800 m,65d2e144-f6fe-4236-95ea-598ba2854149;dd6d0a62-b047-4771-9b81-1ef650093795,,0e94fa35-d52e-4108-b870-e9d0f6acef72
R06,Fair Lakes & Fair Oaks,24,R06-S24,Stringfellow Rd & Poplar Tree Rd,38.875478,-77.408708,school,Rocky Run Middle School,177,1087,VA,True,50,"Use the public corner near the school, not school grounds.",R06-G3,Stringfellow & Melville Ln,9,9.98,2.5,1.48,3.0,0,3.0,True,stoplight,R06-G3,178,traffic light here (OpenStreetMap); Rocky Run Middle School (school) is 177 m away; on a busy road; 178 large homes and 1087 houses within 800 m,23a83f9a-c544-4d12-811f-4c014697a960,4608963995;63576117,3d366e35-1d73-47f8-bab8-39961b24b7da
R06,Fair Lakes & Fair Oaks,25,R06-S25,Stringfellow Rd & Point Pleasant Dr,38.871379,-77.408056,stoplight,,,1041,VA,True,50,Set back from the corner so drivers stopped at the light can read it.,R06-G3,Stringfellow & Melville Ln,10,8.62,2.5,1.52,0,1.59,3.0,True,stoplight,R06-G3,183,traffic light here (OpenStreetMap); entrance to a neighborhood of about 635 homes with 4 entrances; on a busy road; 183 large homes and 1041 houses within 800 m,,6357103055;63543663,3964f0af-20b6-4d22-9f87-7993440c4961
R06,Fair Lakes & Fair Oaks,26,R06-S26,Melville Ln & Granite Rock Dr,38.861714,-77.413921,school,Poplar Tree Elementary School,173,735,VA,True,50,"Use the public corner near the school, not school grounds.",R06-G3,Stringfellow & Melville Ln,11,5.03,0.5,1.52,3.0,0,0,False,school,R06-G3,183,Poplar Tree Elementary School (school) is 173 m away; on a neighborhood street; 183 large homes and 735 houses within 800 m,ab95b8b7-a449-4f35-b018-298b4408c7d9,,8fef53c0-ee2e-4a71-b7a0-80f30333e6c4
R06,Fair Lakes & Fair Oaks,27,R06-S27,Walney Rd & Walney Park Dr,38.866793,-77.428843,neighborhood entrance,,,363,VA,True,50,,R06-G4,Walney & Penny Oak,1,5.35,2.5,1.97,0,0.88,0,False,quarter-mile on Walney Road,R06-G4,236,entrance to a neighborhood of about 439 homes with 5 entrances; on a busy road; 236 large homes and 363 houses within 800 m,,,0edf1c83-f0e5-46da-83f2-ed4bebffe98d
R06,Fair Lakes & Fair Oaks,28,R06-S28,Walney Rd & Poplar Tree Rd,38.87022,-77.429248,stoplight,Swim Club,200,512,VA,True,50,Set back from the corner so drivers stopped at the light can read it.,R06-G4,Walney & Penny Oak,2,9.83,2.5,1.83,2.5,0,3.0,True,stoplight,R06-G4,220,traffic light here (OpenStreetMap); Swim Club (swim club / pool) is 200 m away; on a busy road; 220 large homes and 512 houses within 800 m,bd46a447-cd37-4727-ba60-92ae0dd669d4,64106500,26366bba-89c2-4fa7-ad9e-a0228a93ac40
R06,Fair Lakes & Fair Oaks,29,R06-S29,Poplar Tree Rd & Leighfield Valley Dr,38.872061,-77.426217,neighborhood entrance,St. Timothy Catholic Church,164,757,VA,True,50,,R06-G4,Walney & Penny Oak,3,7.21,2.5,2.33,1.5,0.88,0,False,quarter-mile on Poplar Tree Road,R06-G4,280,St. Timothy Catholic Church (church) is 164 m away; entrance to a neighborhood of about 439 homes with 5 entrances; on a busy road; 280 large homes and 757 houses within 800 m,f44c26f4-8635-4ff7-97a5-33a65fae3dbe,,432cf72e-ff7d-4292-a2da-552557c2cca7
R06,Fair Lakes & Fair Oaks,30,R06-S30,Poplar Tree Rd & Lees Corner Rd,38.874414,-77.422272,stoplight,,,1008,VA,True,50,Set back from the corner so drivers stopped at the light can read it.,R06-G4,Walney & Penny Oak,4,8.29,2.5,1.91,0,0.88,3.0,True,stoplight,R06-G4,229,traffic light here (OpenStreetMap); entrance to a neighborhood of about 439 homes with 5 entrances; on a busy road; 229 large homes and 1008 houses within 800 m,,63936809,178cdab0-7275-4d07-bd5d-c39ca5f9fc8a
R06,Fair Lakes & Fair Oaks,31,R06-S31,Poplar Tree Rd & Orr Dr,38.875334,-77.418557,neighborhood entrance,,,1051,VA,True,50,,R06-G4,Walney & Penny Oak,5,5.37,2.5,1.28,0,1.59,0,False,quarter-mile on Poplar Tree Road,R06-G4,154,entrance to a neighborhood of about 635 homes with 4 entrances; on a busy road; 154 large homes and 1051 houses within 800 m,,,3ece1c39-81f6-4488-887b-c2b52fd4f4ae
R06,Fair Lakes & Fair Oaks,32,R06-S32,Poplar Tree Rd & Fallen Oak Dr,38.875181,-77.413807,neighborhood entrance,,,1034,VA,True,50,,R06-G4,Walney & Penny Oak,6,5.19,2.5,1.1,0,1.59,0,False,quarter-mile on Poplar Tree Road,R06-G4,132,entrance to a neighborhood of about 635 homes with 4 entrances; on a busy road; 132 large homes and 1034 houses within 800 m,,,f33ac055-d0c4-40ac-8fcc-cbea56e6d186
R06,Fair Lakes & Fair Oaks,33,R06-S33,Lees Corner Rd & Bentree Ct,38.883154,-77.41681,school,Fairfax County Public Schools,185,815,VA,True,50,"Use the public corner near the school, not school grounds.",R06-G4,Walney & Penny Oak,7,5.46,2,0.46,3.0,0,0,False,school,R06-G4,55,Fairfax County Public Schools (school) is 185 m away; on a collector road; 55 large homes and 815 houses within 800 m,cc3a4b6d-e16d-4a99-841b-e5f8e8bd2f70,,afc48250-a100-403a-8ad3-63fd4a2dd755
R06,Fair Lakes & Fair Oaks,34,R06-S34,Lees Corner Rd & Pennsboro Dr,38.88069,-77.420506,school,Brookfield Elementary School,195,931,VA,True,50,"Use the public corner near the school, not school grounds.",R06-G4,Walney & Penny Oak,8,8.26,2,0.71,5.0,0.55,0,False,school,R06-G4,85,Brookfield Elementary School (school) is 195 m away; Brookfield Swim Club (swim club / pool) is 197 m away; entrance to a neighborhood of about 936 homes with 17 entrances; on a collector road; 85 large homes and 931 houses within 800 m,6578d1c2-1f22-4e75-84c4-52feb1abe90d;13c3ca08-581c-47c4-8d43-8e89d5ade0b4;cce4fefe-0fe3-4eac-bb4e-601a8c9467a7,,fec55777-5f4d-4268-8649-59b8022bb009
R06,Fair Lakes & Fair Oaks,35,R06-S35,Walney Rd & Leeton Cir,38.874647,-77.430502,neighborhood entrance,,,611,VA,True,50,,R06-G4,Walney & Penny Oak,9,4.4,2.5,1.35,0,0.55,0,False,quarter-mile on Walney Road,R06-G4,162,entrance to a neighborhood of about 55 homes with 1 entrances; on a busy road; 162 large homes and 611 houses within 800 m,,,e8f07d9f-0591-414e-988a-2ff43c42fe4d
R06,Fair Lakes & Fair Oaks,36,R06-S36,Newbrook Dr & Parkeast Cir,38.872404,-77.434436,private school,Pinnacle Academy,186,354,VA,True,50,"Use the public corner near the school, not school grounds.",R06-G4,Walney & Penny Oak,10,5.81,2,0.81,3.0,0,0,False,school,R06-G4,97,Pinnacle Academy (private school) is 186 m away; on a collector road; 97 large homes and 354 houses within 800 m,eb5bb1e4-6517-4667-8941-b77a249f3a32,,40216c2a-a92e-4ba1-ae52-b4ff33365422
R06,Fair Lakes & Fair Oaks,37,R06-S37,Walney Rd & Penny Oak Rd,38.878808,-77.435714,private school,Guidepost Montessori,107,349,VA,True,50,"Use the public corner near the school, not school grounds.",R06-G4,Walney & Penny Oak,11,10.54,2.5,0.82,6.5,0.72,0,False,school,R06-G4,98,Guidepost Montessori (private school) is 107 m away; Academy Of Thought And Industry At Chantilly (private school) is 134 m away; 7 storefronts within 150 m (strip center); entrance to a neighborhood of about 144 homes with 2 entrances; on a busy road; 98 large homes and 349 houses within 800 m,5007c644-a6da-44bd-a50e-f605d11644cb;a60078ed-58d5-492d-9df8-eb1598dbb93c,,c0081b9a-f1dd-46bb-8f30-b7a2d9c019a1
R06,Fair Lakes & Fair Oaks,38,R06-S38,Walney Rd & Willard Rd,38.886851,-77.434592,stoplight,,,180,VA,True,50,Set back from the corner so drivers stopped at the light can read it.,R06-G4,Walney & Penny Oak,12,8.53,3,0.53,2.0,0,3.0,True,stoplight,R06-G4,64,traffic light here (OpenStreetMap); 6 storefronts within 150 m (strip center); on a main road; 64 large homes and 180 houses within 800 m,,64039451,7d43d12d-d726-4b8f-83aa-56acc54d246e
R06,Fair Lakes & Fair Oaks,39,R06-S39,Walney Rd & Dallas St,38.889818,-77.433226,neighborhood entrance,Chantilly Academy Preschool,169,152,VA,True,50,,R06-G5,Walney & Route 50,1,5.76,3,0.71,1.5,0.55,0,False,quarter-mile on Walney Road,R06-G5,85,Chantilly Academy Preschool (preschool) is 169 m away; entrance to a neighborhood of about 936 homes with 17 entrances; on a main road; 85 large homes and 152 houses within 800 m,f03f80b4-3139-45ac-a04a-99adac46364d,,ac85ee03-2f34-42b4-a41c-9fabd1721fbd
R06,Fair Lakes & Fair Oaks,40,R06-S40,Walney Rd & Route 50,38.8941,-77.431288,stoplight,Nova Hydro,126,167,VA,True,50,Set back from the corner so drivers stopped at the light can read it.,R06-G5,Walney & Route 50,2,11.38,3,0.62,4.75,0,3.0,True,stoplight,R06-G5,75,traffic light here (OpenStreetMap); Nova Hydro (garden center / hardware) is 126 m away; Oakton Baptist Church (church) is 317 m away; 19 storefronts within 150 m (strip center); on a main road; 75 large homes and 167 houses within 800 m,364a84bb-0463-4d00-a62b-4148642a4b80;48801c8d-d90e-4525-8ed4-8fb05489a866,63814034;1859686085;1859686093;1859686098,dd1b4ad1-9d94-4dcc-8b4a-83a26fb85e89
R06,Fair Lakes & Fair Oaks,41,R06-S41,Centreville Rd & Metrotech Dr,38.896578,-77.429397,stoplight,,,272,VA,True,50,Set back from the corner so drivers stopped at the light can read it.,R06-G5,Walney & Route 50,3,8.75,3,0.75,2.0,0,3.0,True,stoplight,R06-G5,90,traffic light here (OpenStreetMap); 23 storefronts within 150 m (strip center); on a main road; 90 large homes and 272 houses within 800 m,,1859688410;1859688450;63693931,f05d8955-2e50-4540-b2d8-6b94fe740041
R06,Fair Lakes & Fair Oaks,42,R06-S42,Centreville Rd & Skyhawk Dr,38.899068,-77.427144,stoplight,,,450,VA,True,50,Set back from the corner so drivers stopped at the light can read it.,R06-G5,Walney & Route 50,4,6.58,3,0.58,0,0,3.0,True,stoplight,R06-G5,70,traffic light here (OpenStreetMap); on a main road; 70 large homes and 450 houses within 800 m,,1859688473;1859688490;63893506;1859688488,9510a8ce-a022-4534-ac46-b10f8472a18e
R06,Fair Lakes & Fair Oaks,43,R06-S43,Centreville Rd & Lowe St,38.901745,-77.424744,stoplight,,,558,VA,True,50,Set back from the corner so drivers stopped at the light can read it.,R06-G5,Walney & Route 50,5,7.26,3,0.52,0,0.74,3.0,True,stoplight,R06-G5,62,traffic light here (OpenStreetMap); entrance to a neighborhood of about 223 homes with 3 entrances; on a main road; 62 large homes and 558 houses within 800 m,,63905458;1859688480,5f87867c-5b8a-43ef-a432-df74b65d024a
R06,Fair Lakes & Fair Oaks,44,R06-S44,Thompson Rd & Lees Corner Rd,38.904122,-77.417272,private school,Montessori School of Fairfax,92,935,VA,True,50,"Use the public corner near the school, not school grounds.",R06-G5,Walney & Route 50,6,5.35,2,0.35,3.0,0,0,False,school,R06-G5,42,Montessori School of Fairfax (private school) is 92 m away; on a collector road; 42 large homes and 935 houses within 800 m,13b7bd95-51e2-46f7-8460-141cd7ca0ec6,,d1f15459-2f9b-4800-9bee-06cdf2fe6645
R06,Fair Lakes & Fair Oaks,45,R06-S45,Lees Corner Rd & Old Dairy Rd,38.906334,-77.418418,school,Fairfax County Public Schools,235,733,VA,True,50,"Use the public corner near the school, not school grounds.",R06-G5,Walney & Route 50,7,7.03,2,0.25,4.5,0.28,0,False,school,R06-G5,30,Fairfax County Public Schools (school) is 235 m away; Franklin Middle School (school) is 224 m away; entrance to a neighborhood of about 84 homes with 3 entrances; on a collector road; 30 large homes and 733 houses within 800 m,69f852c1-669f-42e7-b2fe-60a1fbcf7312;d6aea1dd-12b3-4682-9e32-3db6f31af607,,e6982e8c-9f78-4bb6-ad2a-ed2823548627
R06,Fair Lakes & Fair Oaks,46,R06-S46,Franklin Farm Rd & Hidden Meadow Dr,38.907167,-77.408329,stoplight,Oak Hill Preschool,116,762,VA,True,50,Set back from the corner so drivers stopped at the light can read it.,R06-G5,Walney & Route 50,8,10.05,2.5,0.3,4.25,0,3.0,True,stoplight,R06-G5,36,traffic light here (OpenStreetMap); Oak Hill Preschool (preschool) is 116 m away; New Hope Community Church (church) is 113 m away; 9 storefronts within 150 m (strip center); on a busy road; 36 large homes and 762 houses within 800 m,053efca3-a110-4c5a-8046-c46d6bd72d89;13283f5c-54cb-49e1-955e-9638ac0ac099,2371498201;2371498291,8e24a1c9-5a73-48fe-a44f-34655c6e5281
R06,Fair Lakes & Fair Oaks,47,R06-S47,Fairfax County Pkwy & Tuckaway Dr,38.900002,-77.40486,stoplight,,,753,VA,True,50,Set back from the corner so drivers stopped at the light can read it.,R06-G5,Walney & Route 50,9,6.79,3,0.79,0,0,3.0,True,stoplight,R06-G5,95,traffic light here (OpenStreetMap); on a highway; 95 large homes and 753 houses within 800 m,,63832803;63676713,34c1a984-126e-4143-903f-cdfc67d0cb08
R06,Fair Lakes & Fair Oaks,48,R06-S48,Route 50 & Galesbury Ln,38.888693,-77.417499,shopping center,Chantilly Mall,62,592,VA,True,50,"Use the corner at the entrance, not the private lot.",R06-G5,Walney & Route 50,10,7.38,3,0.83,3.0,0.55,0,False,quarter-mile on Route 50,R06-G5,100,Chantilly Mall (shopping center) is 62 m away; entrance to a neighborhood of about 936 homes with 17 entrances; on a highway; 100 large homes and 592 houses within 800 m,a35b67fc-fdf2-42f6-9cf9-476acf83085c,,fb3e0d69-0b62-4db7-87a4-759b7b6f5e99
R06,Fair Lakes & Fair Oaks,49,R06-S49,Route 50 & Chantilly Rd,38.890743,-77.422752,stoplight,,,484,VA,True,50,Set back from the corner so drivers stopped at the light can read it.,R06-G5,Walney & Route 50,11,7.8,3,1.25,0,0.55,3.0,True,stoplight,R06-G5,150,traffic light here (OpenStreetMap); entrance to a neighborhood of about 936 homes with 17 entrances; on a highway; 150 large homes and 484 houses within 800 m,,63814071;476888547,efb123f0-68a5-4c08-b731-577852332b3e
R06,Fair Lakes & Fair Oaks,50,R06-S50,Route 50 & Metrotech Dr,38.892395,-77.427006,stoplight,Ox Hill Baptist Church,256,327,VA,True,50,Set back from the corner so drivers stopped at the light can read it.,R06-G5,Walney & Route 50,12,11.3,3,1.25,3.5,0.55,3.0,True,stoplight,R06-G5,150,traffic light here (OpenStreetMap); Ox Hill Baptist Church (church) is 256 m away; 13 storefronts within 150 m (strip center); entrance to a neighborhood of about 936 homes with 17 entrances; on a highway; 150 large homes and 327 houses within 800 m,f8d80bbc-a9a3-4c7c-a500-e8c2d9d5eb8e,63693756;476842361,4879d0f2-cbbd-48d7-8de0-b12e1b3d532b
R06,Fair Lakes & Fair Oaks,51,R06-S51,Route 50 & Lees Corner Rd,38.887155,-77.413534,stoplight,,,648,VA,True,50,Set back from the corner so drivers stopped at the light can read it.,R06-G6,Route 50 & Majestic Ln,1,6.28,3,0.28,0,0,3.0,True,stoplight,R06-G6,34,traffic light here (OpenStreetMap); on a highway; 34 large homes and 648 houses within 800 m,,502088410;4065699246,8dec4a9d-a08e-47ba-8b19-91dcad8d3d85
R06,Fair Lakes & Fair Oaks,52,R06-S52,Hollinger Ave & Kernstown Ct,38.889418,-77.410729,school,Lees Corner Elementary School,116,584,VA,True,50,"Use the public corner near the school, not school grounds.",R06-G6,Route 50 & Majestic Ln,2,5.19,2,0.19,3.0,0,0,False,school,R06-G6,23,Lees Corner Elementary School (school) is 116 m away; on a collector road; 23 large homes and 584 houses within 800 m,b2a4afb5-3c0e-407b-ad52-56bb30be7816,,7681c73f-ab69-4e5e-a80c-e1a9d9ee87e7
R06,Fair Lakes & Fair Oaks,53,R06-S53,Stringfellow Rd & Hollinger Ave,38.88813,-77.405657,busy intersection,,,378,VA,True,50,,R06-G6,Route 50 & Majestic Ln,3,2.6,2.5,0.1,0,0,0,False,quarter-mile on Hollinger Avenue,R06-G6,12,on a busy road; 12 large homes and 378 houses within 800 m,,,c86a2a0e-c41b-4ade-9a33-669c27825a82
R06,Fair Lakes & Fair Oaks,54,R06-S54,Stringfellow Rd & Willoughby Point Dr,38.890738,-77.404415,busy intersection,,,332,VA,True,50,,R06-G6,Route 50 & Majestic Ln,4,2.9,2.5,0.08,0,0.32,0,False,quarter-mile on Stringfellow Road,R06-G6,10,entrance to a neighborhood of about 65 homes with 2 entrances; on a busy road; 10 large homes and 332 houses within 800 m,,,450b87f4-1a44-49fa-9460-1d4ce243bd73
R06,Fair Lakes & Fair Oaks,55,R06-S55,Stringfellow Rd & Custom House Ct,38.8935,-77.402734,neighborhood entrance,,,362,VA,True,50,,R06-G6,Route 50 & Majestic Ln,5,3.41,2.5,0.51,0,0.4,0,False,quarter-mile on Stringfellow Road,R06-G6,61,entrance to a neighborhood of about 40 homes with 1 entrances; on a busy road; 61 large homes and 362 houses within 800 m,,,87e8c54f-af1b-4ef6-a7b4-ad7332f7b664
R06,Fair Lakes & Fair Oaks,56,R06-S56,Fairfax County Pkwy & Stringfellow Rd,38.897094,-77.401059,stoplight,,,507,VA,True,50,Set back from the corner so drivers stopped at the light can read it.,R06-G6,Route 50 & Majestic Ln,6,6.95,3,0.95,0,0,3.0,True,stoplight,R06-G6,114,traffic light here (OpenStreetMap); on a highway; 114 large homes and 507 houses within 800 m,,63575847;63832849,9d22c655-7bbe-4381-bbab-3101089e7703
R06,Fair Lakes & Fair Oaks,57,R06-S57,Fairfax County Pkwy & Old Plains Rd,38.888582,-77.391559,neighborhood entrance,,,657,VA,True,50,,R06-G6,Route 50 & Majestic Ln,7,6.14,3,2.54,0,0.6,0,False,quarter-mile on Fairfax County Parkway,R06-G6,305,entrance to a neighborhood of about 119 homes with 2 entrances; on a highway; 305 large homes and 657 houses within 800 m,,,71ad179d-24be-4c6d-9ff7-db8e62cc854d
R06,Fair Lakes & Fair Oaks,58,R06-S58,Rugby Rd & Adler Woods Dr,38.882801,-77.385196,stoplight,,,663,VA,True,50,Set back from the corner so drivers stopped at the light can read it.,R06-G6,Route 50 & Majestic Ln,8,8.7,2.5,2.21,0,0.99,3.0,True,stoplight,R06-G6,265,traffic light here (OpenStreetMap); entrance to a neighborhood of about 99 homes with 1 entrances; on a busy road; 265 large homes and 663 houses within 800 m,,63605583;1839478567,ee35e1fc-7d59-44e9-9794-761ad6a6dc24
R06,Fair Lakes & Fair Oaks,59,R06-S59,Route 50 & Rugby Rd,38.877651,-77.388399,stoplight,,,607,VA,True,50,Set back from the corner so drivers stopped at the light can read it.,R06-G6,Route 50 & Majestic Ln,9,7.71,3,1.71,0,0,3.0,True,stoplight,R06-G6,205,traffic light here (OpenStreetMap); on a highway; 205 large homes and 607 houses within 800 m,,63710940;502078628,fc98ac6b-2363-4ae2-aca5-82c385cb5cb2
R06,Fair Lakes & Fair Oaks,60,R06-S60,Route 50 & Majestic Ln,38.879888,-77.394802,stoplight,,,784,VA,True,50,Set back from the corner so drivers stopped at the light can read it.,R06-G6,Route 50 & Majestic Ln,10,10.15,3,2.15,2.0,0,3.0,True,stoplight,R06-G6,258,traffic light here (OpenStreetMap); 6 storefronts within 150 m (strip center); on a highway; 258 large homes and 784 houses within 800 m,,2373048062;63706103;660013177,5b11890a-70bb-45dd-9b5d-978a9b54088a
R06,Fair Lakes & Fair Oaks,61,R06-S61,Route 50 & Plaza Ln,38.882124,-77.400582,stoplight,,,543,VA,True,50,Set back from the corner so drivers stopped at the light can read it.,R06-G6,Route 50 & Majestic Ln,11,7.22,3,1.23,0,0,3.0,True,stoplight,R06-G6,147,traffic light here (OpenStreetMap); on a highway; 147 large homes and 543 houses within 800 m,,63585774;660013139,e67e5afd-4ba5-45ad-94ca-4d2b216887cb
R06,Fair Lakes & Fair Oaks,62,R06-S62,Route 50 & Stringfellow Rd,38.884361,-77.405707,stoplight,,,493,VA,True,50,Set back from the corner so drivers stopped at the light can read it.,R06-G6,Route 50 & Majestic Ln,12,6.42,3,0.42,0,0,3.0,True,stoplight,R06-G6,51,traffic light here (OpenStreetMap); on a highway; 51 large homes and 493 houses within 800 m,,502078694;63576014,8557a791-bb2f-49a8-976c-27f62fe195b1
R06,Fair Lakes & Fair Oaks,63,R06-S63,Ox Trl & Misty Creek Ln,38.887367,-77.381565,neighborhood entrance,Childtime of Fairfax,136,629,VA,True,50,,R06-G7,West Ox & Ox Trl,1,7.32,2.5,2.91,1.5,0.41,0,False,quarter-mile on Ox Trail,R06-G7,349,Childtime of Fairfax (preschool) is 136 m away; entrance to a neighborhood of about 248 homes with 6 entrances; on a busy road; 349 large homes and 629 houses within 800 m,fdb68ca7-0a55-450d-9feb-ff5b83f4c2af,,da2f29f0-e9f2-4658-bc02-04ee062c0f37
R06,Fair Lakes & Fair Oaks,64,R06-S64,West Ox Rd & Ox Trl,38.888843,-77.377516,school,Navy Elementary School,130,518,VA,True,50,"Use the public corner near the school, not school grounds.",R06-G7,West Ox & Ox Trl,2,11.54,3,2.54,3.0,0,3.0,True,stoplight,R06-G7,305,traffic light here (OpenStreetMap); Navy Elementary School (school) is 130 m away; on a main road; 305 large homes and 518 houses within 800 m,79a5a85b-359f-4ee8-9c03-205b972394a0,1839469996;63713334,14f0d2b8-471b-44fa-8dc9-b74b9c43f818
R06,Fair Lakes & Fair Oaks,65,R06-S65,West Ox Rd & Nathaniel Oaks Dr,38.892653,-77.380232,busy intersection,,,495,VA,True,50,,R06-G7,West Ox & Ox Trl,3,6.31,3,3.13,0,0.18,0,False,quarter-mile on West Ox Road,R06-G7,376,entrance to a neighborhood of about 36 homes with 2 entrances; on a main road; 376 large homes and 495 houses within 800 m,,,6e2f4e3d-c848-41c6-96b9-ec31b1aa1cec
R06,Fair Lakes & Fair Oaks,66,R06-S66,West Ox Rd & Bennett Rd,38.895835,-77.380382,stoplight,Navy Vale Fire House Park,126,441,VA,True,50,Set back from the corner so drivers stopped at the light can read it.,R06-G7,West Ox & Ox Trl,4,10.07,3,3.08,1.0,0,3.0,True,stoplight,R06-G7,369,traffic light here (OpenStreetMap); Navy Vale Fire House Park (park / playground) is 126 m away; on a main road; 369 large homes and 441 houses within 800 m,843224f9-1341-4239-986a-e3fbabc6b2a4,1839455130;63760195,5319bef6-bfc6-44c1-a42b-58b2d3dcf287
R06,Fair Lakes & Fair Oaks,67,R06-S67,West Ox Rd & Oxon Rd,38.899389,-77.381257,busy intersection,,,460,VA,True,50,,R06-G7,West Ox & Ox Trl,5,5.88,3,2.88,0,0,0,False,quarter-mile on Oxon Road,R06-G7,345,on a main road; 345 large homes and 460 houses within 800 m,,,a20e3934-12f1-4fed-a0e8-b1ae1fca0a34
R06,Fair Lakes & Fair Oaks,68,R06-S68,West Ox Rd & Southfield Dr,38.902407,-77.382235,neighborhood entrance,,,505,VA,True,50,,R06-G7,West Ox & Ox Trl,6,6.38,3,2.7,0,0.68,0,False,quarter-mile on West Ox Road,R06-G7,324,entrance to a neighborhood of about 135 homes with 2 entrances; on a main road; 324 large homes and 505 houses within 800 m,,,bfb7f2ac-8a21-4ed7-bcd6-1352f59d1d77
R06,Fair Lakes & Fair Oaks,69,R06-S69,West Ox Rd & Franklin Farm Rd,38.905529,-77.382706,stoplight,,,589,VA,True,50,Set back from the corner so drivers stopped at the light can read it.,R06-G7,West Ox & Ox Trl,7,8.1,3,2.1,0,0,3.0,True,stoplight,R06-G7,252,traffic light here (OpenStreetMap); on a main road; 252 large homes and 589 houses within 800 m,,1839442045;1839441980;63760023,a5c36f1c-db47-4e03-9909-9ab47a202f6d
R07,Burke & Kings Park,1,R07-S01,King Arthur Rd & Garlot Dr,38.847356,-77.223368,school,Camelot Elementary School,174,682,VA,True,50,"Use the public corner near the school, not school grounds.",R07-G1,Little River Turnpike & Guinea,1,7.24,2,2.04,3.0,0.2,0,False,school,R07-G1,245,Camelot Elementary School (school) is 174 m away; entrance to a neighborhood of about 39 homes with 2 entrances; on a collector road; 245 large homes and 682 houses within 800 m,e3d70e31-bd39-48b6-b3ce-edd6d295390e,,af2e125e-1d2b-4abd-a866-2e481365bfff
R07,Burke & Kings Park,2,R07-S02,Little River Turnpike & Woodlark Dr,38.835753,-77.226783,neighborhood entrance,,,470,VA,True,50,,R07-G1,Little River Turnpike & Guinea,2,5.27,3,1.65,0,0.62,0,False,quarter-mile on Little River Turnpike,R07-G1,198,entrance to a neighborhood of about 4706 homes with 76 entrances; on a main road; 198 large homes and 470 houses within 800 m,,,31c6a807-6d96-41ac-84b7-1d2e48b45ae0
R07,Burke & Kings Park,3,R07-S03,Little River Turnpike & Duncan Dr,38.835906,-77.231063,stoplight,,,558,VA,True,50,Set back from the corner so drivers stopped at the light can read it.,R07-G1,Little River Turnpike & Guinea,3,8.33,3,1.71,0,0.62,3.0,True,stoplight,R07-G1,205,traffic light here (OpenStreetMap); entrance to a neighborhood of about 4706 homes with 76 entrances; on a main road; 205 large homes and 558 houses within 800 m,,63985905;1825830176,6e67d255-de67-41fb-898a-2819c549cd22
R07,Burke & Kings Park,4,R07-S04,Little River Turnpike & Lake Dr,38.836308,-77.235463,stoplight,,,615,VA,True,50,Set back from the corner so drivers stopped at the light can read it.,R07-G1,Little River Turnpike & Guinea,4,8.23,3,1.61,0,0.62,3.0,True,stoplight,R07-G1,193,traffic light here (OpenStreetMap); entrance to a neighborhood of about 4706 homes with 76 entrances; on a main road; 193 large homes and 615 houses within 800 m,,63378138;1825830173,cba8fa65-6cd7-4a07-92ff-cf6f4110b32a
R07,Burke & Kings Park,5,R07-S05,Little River Turnpike & Wakefield Chapel Rd,38.836832,-77.238928,stoplight,,,590,VA,True,50,Set back from the corner so drivers stopped at the light can read it.,R07-G1,Little River Turnpike & Guinea,5,7.69,3,1.69,0,0,3.0,True,stoplight,R07-G1,203,traffic light here (OpenStreetMap); on a main road; 203 large homes and 590 houses within 800 m,,63863886;1825840641;1825840574,a894839f-2760-415a-be50-5493e59128e9
R07,Burke & Kings Park,6,R07-S06,Wakefield Chapel Rd & Forest St,38.832859,-77.239052,neighborhood entrance,,,684,VA,True,50,,R07-G1,Little River Turnpike & Guinea,6,4.69,2.5,1.57,0,0.62,0,False,quarter-mile on Wakefield Chapel Road,R07-G1,188,entrance to a neighborhood of about 4706 homes with 76 entrances; on a busy road; 188 large homes and 684 houses within 800 m,,,46c67679-2d04-4bc1-8a57-b4825abee245
R07,Burke & Kings Park,7,R07-S07,Wakefield Chapel Rd & Briar Creek Dr,38.829637,-77.239252,neighborhood entrance,,,813,VA,True,50,,R07-G1,Little River Turnpike & Guinea,7,4.55,2.5,1.43,0,0.62,0,False,quarter-mile on Wakefield Chapel Road,R07-G1,172,entrance to a neighborhood of about 4706 homes with 76 entrances; on a busy road; 172 large homes and 813 houses within 800 m,,,df3c463e-bf69-41fe-b86e-176c70cdd8c5
R07,Burke & Kings Park,8,R07-S08,Little River Turnpike & Woodburn Rd,38.837573,-77.244719,stoplight,St. Matthew's Weekday School,112,661,VA,True,50,Set back from the corner so drivers stopped at the light can read it.,R07-G1,Little River Turnpike & Guinea,8,10.59,3,2.34,2.25,0,3.0,True,stoplight,R07-G1,281,traffic light here (OpenStreetMap); St. Matthew's Weekday School (preschool) is 112 m away; St. Matthew's United Methodist Church (church) is 128 m away; on a main road; 281 large homes and 661 houses within 800 m,1f148218-189e-4c35-980e-729d64633a90;c9b9651f-63c5-4c1c-8889-8132c9635d50,1673191656;63626935,55648707-17f9-444f-a522-27cd99fd0dea
R07,Burke & Kings Park,9,R07-S09,Woodburn Rd & Leroy Pl,38.841242,-77.24367,private school,St. Ambrose Catholic School,208,565,VA,True,50,"Use the public corner near the school, not school grounds.",R07-G1,Little River Turnpike & Guinea,9,7.73,2,1.98,3.75,0,0,False,school,R07-G1,238,St. Ambrose Catholic School (private school) is 208 m away; St. Ambrose Catholic Church (church) is 66 m away; on a collector road; 238 large homes and 565 houses within 800 m,96244034-9115-418d-bc4b-3ab383aac2c5;ad581202-cd98-43e6-b886-368af2707d5e,,9f6d7aad-a3db-43ce-a253-fb9191da7507
R07,Burke & Kings Park,10,R07-S10,Prosperity Ave & Glenbrook Pl,38.84489,-77.246602,busy intersection,,,536,VA,True,50,,R07-G1,Little River Turnpike & Guinea,10,4.75,2.5,2.25,0,0,0,False,quarter-mile on Prosperity Avenue,R07-G1,270,on a busy road; 270 large homes and 536 houses within 800 m,,,e33e082d-4662-42b2-a583-e7ac61abdbc2
R07,Burke & Kings Park,11,R07-S11,Little River Turnpike & Guinea Rd,38.838576,-77.251319,stoplight,Pozez Jewish Community Center of Northern Virginia,67,689,VA,True,50,Set back from the corner so drivers stopped at the light can read it.,R07-G1,Little River Turnpike & Guinea,11,12.24,3,2.54,2.75,0.95,3.0,True,stoplight,R07-G1,305,traffic light here (OpenStreetMap); Pozez Jewish Community Center of Northern Virginia (library / rec center) is 67 m away; Pozez JCC Early Childhood Learning Center (preschool) is 72 m away; entrance to a neighborhood of about 190 homes with 2 entrances; on a main road; 305 large homes and 689 houses within 800 m,d26dc576-0ed5-423a-a342-1ecb0980a1f3;fb85efdb-07c1-4bcd-86b1-302a2ba411ed,63375668;1673191703;63375666,80950f01-4fd1-4cec-bde9-d9836e50037b
R07,Burke & Kings Park,12,R07-S12,Guinea Rd & Elizabeth Ln,38.834483,-77.253268,neighborhood entrance,,,797,VA,True,50,,R07-G1,Little River Turnpike & Guinea,12,5.75,2.5,2.63,0,0.62,0,False,quarter-mile on Guinea Road,R07-G1,316,entrance to a neighborhood of about 4706 homes with 76 entrances; on a busy road; 316 large homes and 797 houses within 800 m,,,437c4544-e371-4519-a46d-583e5854d597
R07,Burke & Kings Park,13,R07-S13,Guinea Rd & Ashmeade Dr,38.831723,-77.254969,neighborhood entrance,,,905,VA,True,50,,R07-G2,Little River Turnpike & Glenbrook,1,5.48,2.5,2.36,0,0.62,0,False,quarter-mile on Guinea Road,R07-G2,283,entrance to a neighborhood of about 4706 homes with 76 entrances; on a busy road; 283 large homes and 905 houses within 800 m,,,8e9b13b6-284e-4653-8bb6-36104e78243c
R07,Burke & Kings Park,14,R07-S14,Guinea Rd & Ashford Ln,38.828371,-77.257308,neighborhood entrance,,,972,VA,True,50,,R07-G2,Little River Turnpike & Glenbrook,2,4.83,2.5,1.71,0,0.62,0,False,quarter-mile on Guinea Road,R07-G2,205,entrance to a neighborhood of about 4706 homes with 76 entrances; on a busy road; 205 large homes and 972 houses within 800 m,,,0b6c2a91-98ce-491c-8352-6ea3f34ea22a
R07,Burke & Kings Park,15,R07-S15,Little River Turnpike & Glenbrook Rd,38.839217,-77.256769,neighborhood entrance,Miracle Community Church,129,688,VA,True,50,,R07-G2,Little River Turnpike & Glenbrook,3,8.41,3,2.54,2.25,0.62,0,False,quarter-mile on Little River Turnpike,R07-G2,305,Miracle Community Church (church) is 129 m away; Providence Presbyterian Church (church) is 129 m away; entrance to a neighborhood of about 4706 homes with 76 entrances; on a main road; 305 large homes and 688 houses within 800 m,7ca3e0da-4743-4af2-acf7-8a3fdc5c212d;4268e638-09bd-4aa7-aa62-ea76dd158d17,,ba1a8f96-837a-47fd-aee1-6941127d11df
R07,Burke & Kings Park,16,R07-S16,Olley Ln & Weirich Rd,38.836562,-77.267217,busy intersection,,,679,VA,True,50,,R07-G2,Little River Turnpike & Glenbrook,4,4.3,2.5,1.56,0,0.24,0,False,quarter-mile on Olley Lane,R07-G2,187,entrance to a neighborhood of about 121 homes with 5 entrances; on a busy road; 187 large homes and 679 houses within 800 m,,,aa2f8132-6082-43f5-8b72-df12bc79e74e
R07,Burke & Kings Park,17,R07-S17,Mirror Pond Dr & Bentnail Ct,38.836096,-77.27129,private school,Frost Middle School,171,581,VA,True,50,"Use the public corner near the school, not school grounds.",R07-G2,Little River Turnpike & Glenbrook,5,4.49,0.5,0.99,3.0,0,0,False,school,R07-G2,119,Frost Middle School (private school) is 171 m away; on a neighborhood street; 119 large homes and 581 houses within 800 m,e6d4d9a4-93f3-4f9e-8f46-41cb11ebe262,,48e4aab0-c3b1-47d7-9949-055a336993d5
R07,Burke & Kings Park,18,R07-S18,Olley Ln & Chestnut Knolls Dr,38.832182,-77.267533,neighborhood entrance,,,882,VA,True,50,,R07-G2,Little River Turnpike & Glenbrook,6,5.14,2.5,1.65,0,0.99,0,False,quarter-mile on Olley Lane,R07-G2,198,entrance to a neighborhood of about 395 homes with 4 entrances; on a busy road; 198 large homes and 882 houses within 800 m,,,04b0d524-5a50-4fd4-82df-a5a0d75d1118
R07,Burke & Kings Park,19,R07-S19,Olley Ln & Eastwood Ct,38.828697,-77.267513,school,Little Run Elementary School,282,896,VA,True,50,"Use the public corner near the school, not school grounds.",R07-G2,Little River Turnpike & Glenbrook,7,7.09,2.5,1.31,3.0,0.28,0,False,school,R07-G2,157,Little Run Elementary School (school) is 282 m away; entrance to a neighborhood of about 28 homes with 1 entrances; on a busy road; 157 large homes and 896 houses within 800 m,8d48c12d-1ea8-4ead-aea8-b5647d81ff4d,,3466d9f7-32c5-465d-8ed1-f3ecb3833058
R07,Burke & Kings Park,20,R07-S20,Old Creek Dr & Branchview Way,38.830816,-77.274651,school,Olde Creek Elementary School,169,789,VA,True,50,"Use the public corner near the school, not school grounds.",R07-G2,Little River Turnpike & Glenbrook,8,4.78,0.5,1.27,3.0,0,0,False,school,R07-G2,153,Olde Creek Elementary School (school) is 169 m away; on a neighborhood street; 153 large homes and 789 houses within 800 m,bc682cc9-6bcc-4af8-978c-620ff86c0eb3,,9d91f425-99bb-48be-bd3b-be4166f9bed8
R07,Burke & Kings Park,21,R07-S21,Braddock Rd & Powell Rd,38.821078,-77.278536,neighborhood entrance,,,886,VA,True,50,,R07-G2,Little River Turnpike & Glenbrook,9,5.0,3,1.31,0,0.69,0,False,quarter-mile on Braddock Road,R07-G2,157,entrance to a neighborhood of about 551 homes with 8 entrances; on a main road; 157 large homes and 886 houses within 800 m,,,726d8da8-6876-4b4d-8aa0-29424e446d16
R07,Burke & Kings Park,22,R07-S22,Braddock Rd & Demby Dr,38.825159,-77.283101,neighborhood entrance,,,701,VA,True,50,,R07-G2,Little River Turnpike & Glenbrook,10,5.0,3,1.27,0,0.72,0,False,quarter-mile on Braddock Road,R07-G2,153,entrance to a neighborhood of about 215 homes with 3 entrances; on a main road; 153 large homes and 701 houses within 800 m,,,815774fd-e35e-4f68-a1d1-c68940ca46b6
R07,Burke & Kings Park,23,R07-S23,Braddock Rd & Burke Station Rd,38.826369,-77.288272,stoplight,,,679,VA,True,50,Set back from the corner so drivers stopped at the light can read it.,R07-G2,Little River Turnpike & Glenbrook,11,7.12,3,1.12,0,0,3.0,True,stoplight,R07-G2,134,traffic light here (OpenStreetMap); on a main road; 134 large homes and 679 houses within 800 m,,660066288;660065977,c6d5aba7-c2bd-4173-8fb7-24a9da613637
R07,Burke & Kings Park,24,R07-S24,Whitacre Rd & Trapp Rd,38.839404,-77.278533,school,Woodson Adult High School,126,443,VA,True,50,"Use the public corner near the school, not school grounds.",R07-G3,Main St & Burke Station,1,5.96,2,0.8,3.0,0.16,0,False,school,R07-G3,96,Woodson Adult High School (school) is 126 m away; Carter G. Woodson High School (school) is 227 m away; entrance to a neighborhood of about 32 homes with 2 entrances; on a collector road; 96 large homes and 443 houses within 800 m,77f181d1-8f59-4b34-a980-230c4fbaceb9;fd255c67-b2ef-4a38-a565-fd6503e324c7,,8bfc27be-a433-49f1-884e-1c7c2b89714d
R07,Burke & Kings Park,25,R07-S25,Main St & Whitacre Rd,38.842134,-77.278569,stoplight,Big Blue Swim School - Fairfax,294,321,VA,True,50,Set back from the corner so drivers stopped at the light can read it.,R07-G3,Main St & Burke Station,2,11.21,3,0.71,4.5,0,3.0,True,stoplight,R07-G3,85,traffic light here (OpenStreetMap); Big Blue Swim School - Fairfax (swim club / pool) is 294 m away; 11 storefronts within 150 m (strip center); on a main road; 85 large homes and 321 houses within 800 m,2ab2a653-da22-44be-b86e-49644ce252ba,1456405272;1456405290,d1ef3a7f-4c04-4e88-b8f9-e0b427f0da6a
R07,Burke & Kings Park,26,R07-S26,Main St & Estel Rd,38.842478,-77.282537,neighborhood entrance,,,465,VA,True,50,,R07-G3,Main St & Burke Station,3,4.45,3,0.93,0,0.52,0,False,quarter-mile on Main Street,R07-G3,112,entrance to a neighborhood of about 418 homes with 8 entrances; on a main road; 112 large homes and 465 houses within 800 m,,,1bfbbe2e-2e1e-4b25-a3a9-9076af1b1112
R07,Burke & Kings Park,27,R07-S27,Main St & Burke Station Rd,38.843354,-77.287993,stoplight,Fairfax Square Pool,202,676,VA,True,50,Set back from the corner so drivers stopped at the light can read it.,R07-G3,Main St & Burke Station,4,11.75,3,1.2,4.5,0.05,3.0,True,stoplight,R07-G3,144,traffic light here (OpenStreetMap); Fairfax Square Pool (swim club / pool) is 202 m away; 23 storefronts within 150 m (strip center); entrance to a neighborhood of about 45 homes with 9 entrances; on a main road; 144 large homes and 676 houses within 800 m,0db215e6-2007-4a10-9cb8-ee38e5ada490,663491934;49598042;5974341292,14b32d40-c4b4-437d-9063-930e3c81bbf1
R07,Burke & Kings Park,28,R07-S28,Estel Rd & Barlow Rd,38.849837,-77.282817,school,Beech Tree Elementary School,213,415,VA,True,50,"Use the public corner near the school, not school grounds.",R07-G3,Main St & Burke Station,5,4.15,0.5,0.65,3.0,0,0,False,school,R07-G3,78,Beech Tree Elementary School (school) is 213 m away; on a neighborhood street; 78 large homes and 415 houses within 800 m,3befb079-4b4f-415b-b575-40773297fb66,,818dce7a-5e39-400e-90db-1855f87098a5
R07,Burke & Kings Park,29,R07-S29,Pickett Rd & Colonial Ave,38.84823,-77.273126,stoplight,,,359,VA,True,50,Set back from the corner so drivers stopped at the light can read it.,R07-G3,Main St & Burke Station,6,7.2,3,1.2,0,0,3.0,True,stoplight,R07-G3,144,traffic light here (OpenStreetMap); on a main road; 144 large homes and 359 houses within 800 m,,1458081785;49597183,624e500f-4470-49be-9c1e-fcfcd0459dc3
R07,Burke & Kings Park,30,R07-S30,Pickett Rd & Mathy Dr,38.844448,-77.271851,stoplight,Safeway,169,303,VA,True,50,Set back from the corner so drivers stopped at the light can read it.,R07-G3,Main St & Burke Station,7,11.29,3,0.79,4.5,0,3.0,True,stoplight,R07-G3,95,traffic light here (OpenStreetMap); Safeway (grocery / big-box anchor) is 169 m away; Fair City Mall (shopping center) is 262 m away; on a main road; 95 large homes and 303 houses within 800 m,09c4c141-2c79-4f51-8f8b-4f056182e59a;d9b16e87-90eb-41cf-8269-e82c7dfa20c9,49596060;1458081796,7c208074-d7fe-4e7e-90af-b6c9c16d5d1a
R07,Burke & Kings Park,31,R07-S31,Pickett Rd & Main St,38.841284,-77.272003,stoplight,,,311,VA,True,50,Set back from the corner so drivers stopped at the light can read it.,R07-G3,Main St & Burke Station,8,6.73,3,0.73,0,0,3.0,True,stoplight,R07-G3,88,traffic light here (OpenStreetMap); on a main road; 88 large homes and 311 houses within 800 m,,1523971592;49597995;1245053564,96d1051c-b0fa-4df1-9567-00e6634332ac
R07,Burke & Kings Park,32,R07-S32,Little River Turnpike & Olley Ln,38.840384,-77.26641,stoplight,,,521,VA,True,50,Set back from the corner so drivers stopped at the light can read it.,R07-G3,Main St & Burke Station,9,7.46,3,1.46,0,0,3.0,True,stoplight,R07-G3,175,traffic light here (OpenStreetMap); on a main road; 175 large homes and 521 houses within 800 m,,1245053501;63663301,1c4a58f4-971b-4a5b-8e22-f45ffee110b3
R07,Burke & Kings Park,33,R07-S33,Little River Turnpike & Prince William Dr,38.839951,-77.261946,stoplight,,,604,VA,True,50,Set back from the corner so drivers stopped at the light can read it.,R07-G3,Main St & Burke Station,10,8.07,3,2.07,0,0,3.0,True,stoplight,R07-G3,248,traffic light here (OpenStreetMap); on a main road; 248 large homes and 604 houses within 800 m,,64067558;2404328512;1673191747,052b58a8-8709-446c-bdd8-72499802aed5
R07,Burke & Kings Park,34,R07-S34,Prince William Dr & Horner Ct,38.846793,-77.261873,school,Mantua Elementary School,227,700,VA,True,50,"Use the public corner near the school, not school grounds.",R07-G3,Main St & Burke Station,11,7.9,2,2.42,3.0,0.48,0,False,school,R07-G3,291,Mantua Elementary School (school) is 227 m away; entrance to a neighborhood of about 337 homes with 7 entrances; on a collector road; 291 large homes and 700 houses within 800 m,2459a0ca-7471-40e7-83c6-6b69ded21d98,,40596ca2-675a-49ee-9936-6f9a9016fd2c
R07,Burke & Kings Park,35,R07-S35,Pickett Rd & Shelly Krasnow Ln,38.853157,-77.271818,stoplight,,,512,VA,True,50,Set back from the corner so drivers stopped at the light can read it.,R07-G3,Main St & Burke Station,12,7.79,3,1.48,0,0.31,3.0,True,stoplight,R07-G3,178,traffic light here (OpenStreetMap); entrance to a neighborhood of about 125 homes with 4 entrances; on a main road; 178 large homes and 512 houses within 800 m,,1458081856;1446731184,14b7988b-3a63-48a2-bc5f-77ce811dfbd4
R07,Burke & Kings Park,36,R07-S36,Pickett Rd & Silver King Ct,38.859796,-77.270642,private school,The New School of Northern Virginia,139,409,VA,True,50,"Use the public corner near the school, not school grounds.",R07-G4,Pickett & Silver King Ct,1,7.96,3,0.96,4.0,0,0,False,school,R07-G4,115,The New School of Northern Virginia (private school) is 139 m away; Thaiss Park (park / playground) is 133 m away; on a main road; 115 large homes and 409 houses within 800 m,d72fbc90-21ce-4bfa-9284-1760470f3eec;1eb00d22-62e2-45f2-a4fa-fabf93de5f58;0d245163-401b-4658-b2de-4b02a07580d9,,158cb2ae-715a-433e-8617-7c785c8972a0
R07,Burke & Kings Park,37,R07-S37,Pickett Rd & Old Pickett Rd,38.862098,-77.270094,stoplight,Gateway Regional Park,55,296,VA,True,50,Set back from the corner so drivers stopped at the light can read it.,R07-G4,Pickett & Silver King Ct,2,7.62,3,0.62,1.0,0,3.0,True,stoplight,R07-G4,75,traffic light here (OpenStreetMap); Gateway Regional Park (park / playground) is 55 m away; on a main road; 75 large homes and 296 houses within 800 m,f25dd1c8-6741-47fd-839a-cbe4acbd794e,1837195611;49595726,026a7c0b-940a-4548-8af0-99094cf7f2f5
R07,Burke & Kings Park,38,R07-S38,Nutley St & Arlington Blvd Service Rd,38.864866,-77.261954,private school,Merritt Academy,123,220,VA,True,50,"Use the public corner near the school, not school grounds.",R07-G4,Pickett & Silver King Ct,3,4.17,0.5,0.68,3.0,0,0,False,school,R07-G4,81,Merritt Academy (private school) is 123 m away; on a neighborhood street; 81 large homes and 220 houses within 800 m,92e230d8-8244-438c-bfad-3d3c200cf505,,e0a41718-964d-4454-ac28-4cfbe8acb4ad
R07,Burke & Kings Park,39,R07-S39,Arlington Blvd & Covington St,38.865196,-77.258724,stoplight,,,276,VA,True,50,Set back from the corner so drivers stopped at the light can read it.,R07-G4,Pickett & Silver King Ct,4,6.86,3,0.8,0,0.06,3.0,True,stoplight,R07-G4,96,traffic light here (OpenStreetMap); entrance to a neighborhood of about 40 homes with 7 entrances; on a main road; 96 large homes and 276 houses within 800 m,,1826014285;63390417,ee7cb3e1-bff4-421a-a935-0c2156ca9346
R07,Burke & Kings Park,40,R07-S40,Ellenwood Dr & Arlington Blvd Service Rd,38.865427,-77.25546,private school,Veritas Collegiate Academy,155,365,VA,True,50,"Use the public corner near the school, not school grounds.",R07-G4,Pickett & Silver King Ct,5,6.2,2,1.14,3.0,0.06,0,False,school,R07-G4,137,Veritas Collegiate Academy (private school) is 155 m away; entrance to a neighborhood of about 40 homes with 7 entrances; on a collector road; 137 large homes and 365 houses within 800 m,d8e3bdfb-39f9-4060-84c8-e0ab88ac01c1,,d243dcd0-d1ce-44bf-b6c2-1851a8b7c1d6
R07,Burke & Kings Park,41,R07-S41,Arlington Blvd & Barkley Dr,38.865195,-77.251771,stoplight,,,475,VA,True,50,Set back from the corner so drivers stopped at the light can read it.,R07-G4,Pickett & Silver King Ct,6,7.49,3,1.49,0,0,3.0,True,stoplight,R07-G4,179,traffic light here (OpenStreetMap); on a main road; 179 large homes and 475 houses within 800 m,,1826014305;63808399,da41aac5-489c-4960-8225-79b46cf8c846
R07,Burke & Kings Park,42,R07-S42,Prosperity Ave & Overbrook Rd,38.86298,-77.241369,neighborhood entrance,A Child's Place,173,508,VA,True,50,,R07-G4,Pickett & Silver King Ct,7,6.25,2.5,1.65,1.5,0.6,0,False,quarter-mile on Prosperity Avenue,R07-G4,198,A Child's Place (preschool) is 173 m away; entrance to a neighborhood of about 181 homes with 3 entrances; on a busy road; 198 large homes and 508 houses within 800 m,b1d40a6a-a9da-408f-95e0-1b32e8c74b8c,,8614e231-34ed-403c-897c-59cfa7cf4688
R07,Burke & Kings Park,43,R07-S43,Prosperity Ave & Hillside Pl,38.858888,-77.24344,neighborhood entrance,,,508,VA,True,50,,R07-G4,Pickett & Silver King Ct,8,4.47,2.5,1.38,0,0.6,0,False,quarter-mile on Prosperity Avenue,R07-G4,165,entrance to a neighborhood of about 181 homes with 3 entrances; on a busy road; 165 large homes and 508 houses within 800 m,,,3a50379a-c24d-48e3-94d4-db68108e976d
R07,Burke & Kings Park,44,R07-S44,Prosperity Ave & Southwick St,38.850175,-77.247168,neighborhood entrance,,,337,VA,True,50,,R07-G4,Pickett & Silver King Ct,9,4.55,2.5,1.55,0,0.5,0,False,quarter-mile on Prosperity Avenue,R07-G4,186,entrance to a neighborhood of about 100 homes with 2 entrances; on a busy road; 186 large homes and 337 houses within 800 m,,,6a6b56b1-7b42-498d-879e-b03c1ac6a87b
R07,Burke & Kings Park,45,R07-S45,Wakefield Chapel Rd & Sugarbush Ct,38.825284,-77.238844,busy intersection,,,1015,VA,True,50,,R07-G5,Braddock & Kings Park,1,3.78,2.5,1.28,0,0,0,False,quarter-mile on Wakefield Chapel Road,R07-G5,154,on a busy road; 154 large homes and 1015 houses within 800 m,,,8bb2911a-09a2-40c7-aab4-5076adecac83
R07,Burke & Kings Park,46,R07-S46,Wakefield Chapel Rd & Pappas Way,38.821993,-77.239215,neighborhood entrance,,,1068,VA,True,50,,R07-G5,Braddock & Kings Park,2,4.43,2.5,1.31,0,0.62,0,False,quarter-mile on Wakefield Chapel Road,R07-G5,157,entrance to a neighborhood of about 4706 homes with 76 entrances; on a busy road; 157 large homes and 1068 houses within 800 m,,,a49e1b9e-e81d-44ca-8687-483926b0629b
R07,Burke & Kings Park,47,R07-S47,Wakefield Chapel Rd & Holborn Ave,38.819122,-77.236446,neighborhood entrance,,,932,VA,True,50,,R07-G5,Braddock & Kings Park,3,4.54,2.5,1.43,0,0.62,0,False,quarter-mile on Wakefield Chapel Road,R07-G5,171,entrance to a neighborhood of about 4706 homes with 76 entrances; on a busy road; 171 large homes and 932 houses within 800 m,,,02f8b9b2-68c0-4a31-af76-ecb3f9fe1658
R07,Burke & Kings Park,48,R07-S48,Wakefield Chapel Rd & Glen Park Rd,38.815137,-77.235277,busy intersection,,,753,VA,True,50,,R07-G5,Braddock & Kings Park,4,3.65,2.5,1.15,0,0,0,False,quarter-mile on Wakefield Chapel Road,R07-G5,138,on a busy road; 138 large homes and 753 houses within 800 m,,,7d637d01-4e82-465e-ad55-7de0ef162758
R07,Burke & Kings Park,49,R07-S49,Braddock Rd & Wakefield Chapel Rd,38.81108,-77.234868,stoplight,,,706,VA,True,50,Set back from the corner so drivers stopped at the light can read it.,R07-G5,Braddock & Kings Park,5,6.67,3,0.68,0,0,3.0,True,stoplight,R07-G5,81,traffic light here (OpenStreetMap); on a main road; 81 large homes and 706 houses within 800 m,,660058431;63640929,43d936c7-05a0-4eb7-a1a0-a530203971b8
R07,Burke & Kings Park,50,R07-S50,Southampton Dr & Thames St,38.808435,-77.239007,school,Kings Park Elementary School,396,738,VA,True,50,"Use the public corner near the school, not school grounds.",R07-G5,Braddock & Kings Park,6,7.22,2,0.47,4.25,0.5,0,False,school,R07-G5,56,Kings Park Elementary School (school) is 396 m away; Parliament Pool Association (swim club / pool) is 221 m away; entrance to a neighborhood of about 1345 homes with 27 entrances; on a collector road; 56 large homes and 738 houses within 800 m,9133df7e-e4b3-4dd9-92b9-30a74cbf97f6;6d95bdff-52a3-4df2-8d55-06e317082551,,56f39a44-0a53-4d8f-98cf-f556b40e700e
R07,Burke & Kings Park,51,R07-S51,Braddock Rd & Southampton Dr,38.810901,-77.24024,stoplight,,,810,VA,True,50,Set back from the corner so drivers stopped at the light can read it.,R07-G5,Braddock & Kings Park,7,6.69,3,0.69,0,0,3.0,True,stoplight,R07-G5,83,traffic light here (OpenStreetMap); on a main road; 83 large homes and 810 houses within 800 m,,660058430;63640948,6138210b-978e-4135-84f6-536994da9550
R07,Burke & Kings Park,52,R07-S52,Braddock Rd & Kings Park Dr,38.810535,-77.248846,stoplight,Kings Park Park,331,962,VA,True,50,Set back from the corner so drivers stopped at the light can read it.,R07-G5,Braddock & Kings Park,8,8.18,3,0.68,1.0,0.5,3.0,True,stoplight,R07-G5,82,traffic light here (OpenStreetMap); Kings Park Park (park / playground) is 331 m away; entrance to a neighborhood of about 1345 homes with 27 entrances; on a main road; 82 large homes and 962 houses within 800 m,cd94a05c-17f0-4367-bea8-7fea4d265ad8,660058454;63462199,d397f8e1-d237-442b-b4ed-e4e9b1245970
R07,Burke & Kings Park,53,R07-S53,Braeburn Dr & Pontiac Dr,38.822842,-77.250227,school,Canterbury Woods Elementary School,241,998,VA,True,50,"Use the public corner near the school, not school grounds.",R07-G5,Braddock & Kings Park,9,7.72,2,0.85,4.25,0.62,0,False,school,R07-G5,102,Canterbury Woods Elementary School (school) is 241 m away; Ilda Pool (swim club / pool) is 70 m away; entrance to a neighborhood of about 4706 homes with 76 entrances; on a collector road; 102 large homes and 998 houses within 800 m,ab6e0e76-4d62-4e17-800a-e80fa43cfd98;b2f56c6f-4b63-492a-b57e-4570befb8067,,10b463a6-d245-45cf-a7f6-732fbe85c85f
R07,Burke & Kings Park,54,R07-S54,Guinea Rd & Braeburn Dr,38.822021,-77.260983,stoplight,Rutherford Area Swim Club,290,903,VA,True,50,Set back from the corner so drivers stopped at the light can read it.,R07-G6,Braddock & Twinbrook,1,8.98,2.5,0.98,2.5,0,3.0,True,stoplight,R07-G6,118,traffic light here (OpenStreetMap); Rutherford Area Swim Club (swim club / pool) is 290 m away; on a busy road; 118 large homes and 903 houses within 800 m,2077c82c-bca2-4ddd-8ed9-cfe2c943f50e,63764022,3ae79388-a66b-4281-97dc-fb4f4a7733a2
R07,Burke & Kings Park,55,R07-S55,Guinea Rd & Bexley Ln,38.817851,-77.264709,neighborhood entrance,,,880,VA,True,50,,R07-G6,Braddock & Twinbrook,2,3.79,2.5,0.68,0,0.62,0,False,quarter-mile on Guinea Road,R07-G6,81,entrance to a neighborhood of about 4706 homes with 76 entrances; on a busy road; 81 large homes and 880 houses within 800 m,,,e1f1e957-5af3-4f11-8e2c-c0ba6605c376
R07,Burke & Kings Park,56,R07-S56,Olley Ln & Briar Patch Ln,38.820178,-77.269192,neighborhood entrance,,,785,VA,True,50,,R07-G6,Braddock & Twinbrook,3,3.94,2.5,0.82,0,0.62,0,False,quarter-mile on Olley Lane,R07-G6,98,entrance to a neighborhood of about 4706 homes with 76 entrances; on a busy road; 98 large homes and 785 houses within 800 m,,,e92f9dab-dbd4-4014-8c94-bf4c83daba29
R07,Burke & Kings Park,57,R07-S57,Braddock Rd & Twinbrook Rd,38.817389,-77.27396,stoplight,,,837,VA,True,50,Set back from the corner so drivers stopped at the light can read it.,R07-G6,Braddock & Twinbrook,4,10.12,3,1.15,2.0,0.97,3.0,True,stoplight,R07-G6,138,traffic light here (OpenStreetMap); 7 storefronts within 150 m (strip center); entrance to a neighborhood of about 388 homes with 4 entrances; on a main road; 138 large homes and 837 houses within 800 m,,63641183;660058509,e6ed703d-0344-43b9-9b26-1b8e606685ac
R07,Burke & Kings Park,58,R07-S58,Braddock Rd & Olley Ln,38.814936,-77.269907,stoplight,,,853,VA,True,50,Set back from the corner so drivers stopped at the light can read it.,R07-G6,Braddock & Twinbrook,5,7.09,3,1.09,0,0,3.0,True,stoplight,R07-G6,131,traffic light here (OpenStreetMap); on a main road; 131 large homes and 853 houses within 800 m,,63641116;660058498,7639de03-81e1-4134-9c5d-94bed9e6d82c
R07,Burke & Kings Park,59,R07-S59,Braddock Rd & Guinea Rd,38.811595,-77.266118,stoplight,,,934,VA,True,50,Set back from the corner so drivers stopped at the light can read it.,R07-G6,Braddock & Twinbrook,6,6.83,3,0.82,0,0,3.0,True,stoplight,R07-G6,99,traffic light here (OpenStreetMap); on a main road; 99 large homes and 934 houses within 800 m,,63641071;1320873085;660058482;1320865483,863d7995-3273-47e0-a345-7ee3d3bad49f
R07,Burke & Kings Park,60,R07-S60,Braddock Rd & King David Blvd,38.810679,-77.261456,neighborhood entrance,St. Stephen's United Methodist Church,158,930,VA,True,50,,R07-G6,Braddock & Twinbrook,7,5.91,3,0.79,1.5,0.62,0,False,quarter-mile on Braddock Road,R07-G6,95,St. Stephen's United Methodist Church (church) is 158 m away; entrance to a neighborhood of about 4706 homes with 76 entrances; on a main road; 95 large homes and 930 houses within 800 m,4d35bdf4-02ad-4a14-a304-0c583c593a81,,e32852f3-154a-4d6f-b48e-fe1425c0dcf6
R07,Burke & Kings Park,61,R07-S61,Rolling Rd & Braddock Rd,38.810722,-77.25643,stoplight,,,1000,VA,True,50,Set back from the corner so drivers stopped at the light can read it.,R07-G6,Braddock & Twinbrook,8,8.93,3,0.93,2.0,0,3.0,True,stoplight,R07-G6,112,traffic light here (OpenStreetMap); 7 storefronts within 150 m (strip center); on a main road; 112 large homes and 1000 houses within 800 m,,63558180;1317288004;660058461,92447fe4-9eac-4f65-bcff-1739f733b2f0
R07,Burke & Kings Park,62,R07-S62,Rolling Rd & Burke Lake Rd,38.807837,-77.254833,stoplight,,,1009,VA,True,50,Set back from the corner so drivers stopped at the light can read it.,R07-G6,Braddock & Twinbrook,9,8.96,3,0.96,2.0,0,3.0,True,stoplight,R07-G6,115,traffic light here (OpenStreetMap); 8 storefronts within 150 m (strip center); on a main road; 115 large homes and 1009 houses within 800 m,,6537191554;6537191555;6537191557;6537191556,28edbd1b-7f14-4748-b89a-7a310a644e0b
R07,Burke & Kings Park,63,R07-S63,Guinea Rd & Queens Wood Dr,38.810226,-77.273286,neighborhood entrance,,,789,VA,True,50,,R07-G6,Braddock & Twinbrook,10,3.91,2.5,0.99,0,0.42,0,False,quarter-mile on Guinea Road,R07-G6,119,entrance to a neighborhood of about 126 homes with 3 entrances; on a busy road; 119 large homes and 789 houses within 800 m,,,d5a102c2-0cf8-4326-b290-d1cb0e937867
R07,Burke & Kings Park,64,R07-S64,Twinbrook Rd & Pine Meadows Ln,38.811939,-77.276098,church,Lord of Life Lutheran Church,105,841,VA,True,50,,R07-G6,Braddock & Twinbrook,11,6.04,2.5,0.97,2.25,0.32,0,False,quarter-mile on Twinbrook Road,R07-G6,116,Lord of Life Lutheran Church (church) is 105 m away; Lord of Life Preschool (preschool) is 61 m away; entrance to a neighborhood of about 32 homes with 1 entrances; on a busy road; 116 large homes and 841 houses within 800 m,13035b6f-d731-4417-9fa9-133d6dea8a13;1e8b0a7d-917f-4d7e-980c-975a2ade4ce1,,8c1f41df-0d65-43df-b3e4-dbc20d8563c1
R08,Bowie,1,R08-S01,Fairwood Pkwy & Roberts Prospect Dr,38.964034,-76.790728,grocery / big-box anchor,Safeway,180,431,MD/DC,True,50,"Use the corner at the entrance, not the private lot.",R08-G1,Annapolis & High Bridge,1,8.06,2.5,1.65,3.5,0.41,0,False,quarter-mile on Fairwood Parkway,R08-G1,198,Safeway (grocery / big-box anchor) is 180 m away; Fairwood Community Park (park / playground) is 149 m away; entrance to a neighborhood of about 82 homes with 2 entrances; on a busy road; 198 large homes and 431 houses within 800 m,b3785167-3876-4a26-8afa-34f035ee80a8;e2f28dea-ffa0-47d0-b697-1a50dc95175a,,92791d28-33ab-4ad1-bc02-a912e581820f
R08,Bowie,2,R08-S02,Fairview Vista Dr & Goodloes Promise Dr,38.951571,-76.781946,neighborhood entrance,,,653,MD/DC,True,50,,R08-G1,Annapolis & High Bridge,2,5.48,2,2.03,0,1.45,0,False,top score,R08-G1,244,entrance to a neighborhood of about 145 homes with 1 entrances; on a collector road; 244 large homes and 653 houses within 800 m,,,2aef9e6f-be86-432e-afda-2ef24e10dccc
R08,Bowie,3,R08-S03,Fairview Vista Dr & Lees Progress Dr,38.951335,-76.777765,neighborhood entrance,,,640,MD/DC,True,50,,R08-G1,Annapolis & High Bridge,3,5.58,2,1.73,0,1.85,0,False,top score,R08-G1,207,entrance to a neighborhood of about 185 homes with 1 entrances; on a collector road; 207 large homes and 640 houses within 800 m,,,448caa37-5742-4a6f-b8af-e3253d139c80
R08,Bowie,4,R08-S04,Church Rd North & Fairview Vista Dr,38.950691,-76.771131,busy intersection,,,551,MD/DC,True,50,,R08-G1,Annapolis & High Bridge,4,3.53,2.5,1.03,0,0,0,False,quarter-mile on Church Road North,R08-G1,124,on a busy road; 124 large homes and 551 houses within 800 m,,,7a338a09-f51f-4d72-9343-5ecd350a86ec
R08,Bowie,5,R08-S05,Fairwood Pkwy & Church Rd North,38.958071,-76.770618,church,Woodlawn Baptist Church,76,479,MD/DC,True,50,,R08-G1,Annapolis & High Bridge,5,4.78,2.5,0.78,1.5,0,0,False,quarter-mile on Church Road North,R08-G1,94,Woodlawn Baptist Church (church) is 76 m away; on a busy road; 94 large homes and 479 houses within 800 m,8a201004-7a92-422c-871b-097ea3f470c9,,822fd4b6-f1c2-4947-b5f4-cb89fb43d0ed
R08,Bowie,6,R08-S06,Fairwood Pkwy & Earths Bounty Dr,38.95796,-76.775356,busy intersection,,,531,MD/DC,True,50,,R08-G1,Annapolis & High Bridge,6,3.88,2.5,1.38,0,0,0,False,quarter-mile on Fairwood Parkway,R08-G1,166,on a busy road; 166 large homes and 531 houses within 800 m,,,12ff64e2-f4c0-4883-a121-f2a45dd725ec
R08,Bowie,7,R08-S07,Fairwood Pkwy & Mount Oaks Sanctuary Dr,38.958476,-76.779388,neighborhood entrance,,,602,MD/DC,True,50,,R08-G1,Annapolis & High Bridge,7,4.75,2.5,1.79,0,0.46,0,False,quarter-mile on Fairwood Parkway,R08-G1,215,entrance to a neighborhood of about 46 homes with 1 entrances; on a busy road; 215 large homes and 602 houses within 800 m,,,ba9a83c7-c53b-4268-b4b5-8bae17f7ad9e
R08,Bowie,8,R08-S08,Fairwood Pkwy & Princetons Delight Dr,38.960627,-76.784347,busy intersection,,,472,MD/DC,True,50,,R08-G1,Annapolis & High Bridge,8,4.53,2.5,1.93,0,0.1,0,False,quarter-mile on Fairwood Parkway,R08-G1,232,entrance to a neighborhood of about 52 homes with 5 entrances; on a busy road; 232 large homes and 472 houses within 800 m,,,af145698-4986-4318-808d-71d44ff8c1ca
R08,Bowie,9,R08-S09,Fairwood Pkwy & Hillmeade Rd,38.962664,-76.787684,busy intersection,,,404,MD/DC,True,50,,R08-G1,Annapolis & High Bridge,9,4.2,2.5,1.7,0,0,0,False,quarter-mile on Hillmeade Road,R08-G1,204,on a busy road; 204 large homes and 404 houses within 800 m,,,5ca2c0b6-dcb2-4efd-9347-5e67151fcab6
R08,Bowie,10,R08-S10,Annapolis Rd & Sir Walter Dr,38.970194,-76.787143,neighborhood entrance,,,684,MD/DC,True,50,,R08-G1,Annapolis & High Bridge,10,5.84,3,2.04,0,0.8,0,False,quarter-mile on Annapolis Road,R08-G1,245,entrance to a neighborhood of about 643 homes with 8 entrances; on a main road; 245 large homes and 684 houses within 800 m,,,916caa88-978d-4a6e-b760-940ba8a440cf
R08,Bowie,11,R08-S11,Annapolis Rd & Marthas Choice Cir,38.972913,-76.780836,neighborhood entrance,,,654,MD/DC,True,50,,R08-G1,Annapolis & High Bridge,11,5.71,3,1.91,0,0.8,0,False,quarter-mile on Annapolis Road,R08-G1,229,entrance to a neighborhood of about 643 homes with 8 entrances; on a main road; 229 large homes and 654 houses within 800 m,,,4fc715b7-5ffc-40d4-b674-67387ab67778
R08,Bowie,12,R08-S12,Annapolis Rd & High Bridge Rd,38.972178,-76.773604,stoplight,Lidl,119,553,MD/DC,True,50,Set back from the corner so drivers stopped at the light can read it.,R08-G1,Annapolis & High Bridge,12,10.42,3,1.42,3.0,0,3.0,True,stoplight,R08-G1,170,traffic light here (OpenStreetMap); Lidl (grocery / big-box anchor) is 119 m away; on a main road; 170 large homes and 553 houses within 800 m,03b551a7-dff9-4645-aef8-f0c668ab9b72,965543934;965806280,bce513c4-ef79-42e5-9107-ea3cde2d33a5
R08,Bowie,13,R08-S13,Annapolis Rd & Grenville Ln,38.972256,-76.767811,stoplight,,,472,MD/DC,True,50,Set back from the corner so drivers stopped at the light can read it.,R08-G2,Collington & Tulip Grove,1,6.84,3,0.84,0,0,3.0,True,stoplight,R08-G2,101,traffic light here (OpenStreetMap); on a main road; 101 large homes and 472 houses within 800 m,,50717093;50717094,867b889f-caf7-467c-ac6d-541526fdec67
R08,Bowie,14,R08-S14,Old Annapolis Rd & Woodcliff Rd,38.969615,-76.759593,church,Christ Apostolic Church Liberty Center,257,576,MD/DC,True,50,,R08-G2,Collington & Tulip Grove,2,5.54,2,1.29,2.25,0,0,False,top score,R08-G2,155,Christ Apostolic Church Liberty Center (church) is 257 m away; The Goddard School of Bowie (preschool) is 67 m away; on a collector road; 155 large homes and 576 houses within 800 m,0ea3578c-a13a-410e-bd53-cd6ae91b9025;7d0d4064-c5bd-4d3f-83f4-9054b42e3805,,b3cb80cd-608a-464c-ab7c-4ef71a8d90c1
R08,Bowie,15,R08-S15,Laurel Bowie Rd & Annapolis Rd,38.973995,-76.75598,stoplight,,,683,MD/DC,True,50,Set back from the corner so drivers stopped at the light can read it.,R08-G2,Collington & Tulip Grove,3,7.62,3,1.62,0,0,3.0,True,stoplight,R08-G2,194,traffic light here (OpenStreetMap); on a main road; 194 large homes and 683 houses within 800 m,,965806330;965806334;965806256;965806257,612e21de-fff6-411a-8310-b460747b9621
R08,Bowie,16,R08-S16,Laurel Bowie Rd & Collington Rd,38.970945,-76.75546,busy intersection,,,751,MD/DC,True,50,,R08-G2,Collington & Tulip Grove,4,4.92,3,1.92,0,0,0,False,quarter-mile on Laurel Bowie Road,R08-G2,230,on a main road; 230 large homes and 751 houses within 800 m,,,c0b7d892-8c60-49a1-a4a8-a0980b13a879
R08,Bowie,17,R08-S17,Collington Rd & Tulip Grove Dr,38.968398,-76.754673,stoplight,,,803,MD/DC,True,50,Set back from the corner so drivers stopped at the light can read it.,R08-G2,Collington & Tulip Grove,5,8.39,3,1.98,0,0.41,3.0,True,stoplight,R08-G2,238,traffic light here (OpenStreetMap); entrance to a neighborhood of about 450 homes with 11 entrances; on a main road; 238 large homes and 803 houses within 800 m,,50562598,139d4122-b140-47b1-b30a-6f54f968b559
R08,Bowie,18,R08-S18,Tulip Grove Dr & Foxhill Ln,38.9668,-76.749349,school,Tulip Grove Elementary School,199,947,MD/DC,True,50,"Use the public corner near the school, not school grounds.",R08-G2,Collington & Tulip Grove,6,7.81,2,2.4,3.0,0.41,0,False,school,R08-G2,288,Tulip Grove Elementary School (school) is 199 m away; entrance to a neighborhood of about 450 homes with 11 entrances; on a collector road; 288 large homes and 947 houses within 800 m,2d4cd2af-d5a6-4aa4-9c96-1f75f01a2a73,,77b994a7-760a-445f-bfb6-f2eb333d35e5
R08,Bowie,19,R08-S19,Collington Rd & Lyle Ln,38.962464,-76.751503,neighborhood entrance,,,602,MD/DC,True,50,,R08-G2,Collington & Tulip Grove,7,5.2,3,1.79,0,0.41,0,False,quarter-mile on Collington Road,R08-G2,215,entrance to a neighborhood of about 450 homes with 11 entrances; on a main road; 215 large homes and 602 houses within 800 m,,,f8d6c635-77c2-4a5f-b595-85eda697a9fc
R08,Bowie,20,R08-S20,Collington Rd & Lerner Pl,38.959147,-76.748265,park / playground,Foxhill Park,137,576,MD/DC,True,50,,R08-G2,Collington & Tulip Grove,8,5.59,3,1.46,1.0,0.13,0,False,quarter-mile on Collington Road,R08-G2,175,Foxhill Park (park / playground) is 137 m away; entrance to a neighborhood of about 26 homes with 2 entrances; on a main road; 175 large homes and 576 houses within 800 m,ba57a31f-131d-4e51-8294-ca0c11967ca5,,8faf04a8-8f59-4a44-a3dd-2e384f0f3b5e
R08,Bowie,21,R08-S21,Old Stage Rd & Denmar Ln,38.95875,-76.759228,private school,Patuxent Montessori School,131,564,MD/DC,True,50,"Use the public corner near the school, not school grounds.",R08-G2,Collington & Tulip Grove,9,7.32,2,0.82,4.5,0,0,False,school,R08-G2,98,Patuxent Montessori School (private school) is 131 m away; The Church at Bowie (church) is 142 m away; on a collector road; 98 large homes and 564 houses within 800 m,85e47b0f-9b37-4e3e-be75-ff5db237cf6a;267429a6-dc1d-4ea6-89b5-6681b69ce84a;c06286b7-3f9c-496d-bdc8-b066f4ecdb14,,30bd4ea7-a136-48df-ab8f-5bf33618f550
R08,Bowie,22,R08-S22,Kenhill Dr & Fair Ln,38.95928,-76.741885,neighborhood entrance,Bowie Church of Christ,40,848,MD/DC,True,50,,R08-G3,Annapolis & Trinity,1,5.81,2,1.9,1.5,0.41,0,False,top score,R08-G3,228,Bowie Church of Christ (church) is 40 m away; entrance to a neighborhood of about 450 homes with 11 entrances; on a collector road; 228 large homes and 848 houses within 800 m,a9a8b994-3a1e-4023-bc28-f5c88b684d96,,62ce6e83-1889-4551-8e58-63d3e7ecbca4
R08,Bowie,23,R08-S23,Kenhill Dr & Keystone Ln,38.96137,-76.740071,library / rec center,Bowie Community Center,161,1082,MD/DC,True,50,,R08-G3,Annapolis & Trinity,2,6.52,2,2.23,2.0,0.29,0,False,top score,R08-G3,268,Bowie Community Center (library / rec center) is 161 m away; entrance to a neighborhood of about 353 homes with 12 entrances; on a collector road; 268 large homes and 1082 houses within 800 m,2ce6afec-a3f3-4efb-9474-ffc7bae55017,,79f77f83-e034-42de-b25e-700f3e46cdf8
R08,Bowie,24,R08-S24,Belair Dr & Spangler Ln,38.964114,-76.73972,private school,Belair Baptist Christian Academy,70,1156,MD/DC,True,50,"Use the public corner near the school, not school grounds.",R08-G3,Annapolis & Trinity,3,7.69,2,2.33,3.0,0.36,0,False,school,R08-G3,280,Belair Baptist Christian Academy (private school) is 70 m away; entrance to a neighborhood of about 824 homes with 23 entrances; on a collector road; 280 large homes and 1156 houses within 800 m,b66f7f7a-775d-405e-9a22-acd35a02b30d,,59f56166-5bba-4abb-acc7-761b0f9ad2c1
R08,Bowie,25,R08-S25,Tulip Grove Dr & Tallow Ln,38.966841,-76.745083,library / rec center,Pr Georges County Genealogical Society of Maryland,34,1133,MD/DC,True,50,,R08-G3,Annapolis & Trinity,4,6.83,2,2.37,2.0,0.46,0,False,top score,R08-G3,284,Pr Georges County Genealogical Society of Maryland (library / rec center) is 34 m away; entrance to a neighborhood of about 413 homes with 9 entrances; on a collector road; 284 large homes and 1133 houses within 800 m,c5627148-aed9-4758-8ec1-17e439d48932,,b5d90703-7827-4ae8-bf5e-9c9d70566355
R08,Bowie,26,R08-S26,Trinity Dr & Belair Dr,38.971422,-76.744741,school,Bowie High School Annex,159,1141,MD/DC,True,50,"Use the public corner near the school, not school grounds.",R08-G3,Annapolis & Trinity,5,6.16,2,2.16,2.0,0,0,False,school,R08-G3,259,Bowie High School Annex (school) is 159 m away; on a collector road; 259 large homes and 1141 houses within 800 m,1da9d799-934a-4bd1-91cf-138cc1a48222,,84dfff89-fa74-4c21-afce-1992b6bbdab1
R08,Bowie,27,R08-S27,Annapolis Rd & Trinity Dr,38.975619,-76.747924,stoplight,,,993,MD/DC,True,50,Set back from the corner so drivers stopped at the light can read it.,R08-G3,Annapolis & Trinity,6,8.32,3,2.32,0,0,3.0,True,stoplight,R08-G3,278,traffic light here (OpenStreetMap); on a main road; 278 large homes and 993 houses within 800 m,,50607446;965806332,4dfd123c-3e9a-49a2-950c-f1b417a9d8c2
R08,Bowie,28,R08-S28,Annapolis Rd & Belair Dr,38.977498,-76.741504,stoplight,,,871,MD/DC,True,50,Set back from the corner so drivers stopped at the light can read it.,R08-G3,Annapolis & Trinity,7,7.86,3,1.86,0,0,3.0,True,stoplight,R08-G3,223,traffic light here (OpenStreetMap); on a main road; 223 large homes and 871 houses within 800 m,,50233175;965806323,0d4d472f-f463-48b7-88ff-6950c00dd48c
R08,Bowie,29,R08-S29,Belair Dr & Sedgwick Ln,38.974525,-76.742347,church,Christian Community Presbyterian Church,91,1002,MD/DC,True,50,,R08-G3,Annapolis & Trinity,8,5.83,2,1.98,1.5,0.36,0,False,top score,R08-G3,237,Christian Community Presbyterian Church (church) is 91 m away; entrance to a neighborhood of about 824 homes with 23 entrances; on a collector road; 237 large homes and 1002 houses within 800 m,2376e4f4-0e22-467c-a594-4436b30f6ffa,,fac3d92f-ab71-4bb7-b2c3-e014408d2e1e
R08,Bowie,30,R08-S30,Stonybrook Dr & Blackwell Ln,38.967199,-76.735223,park / playground,Somerset Park,195,1266,MD/DC,True,50,,R08-G3,Annapolis & Trinity,9,5.73,2,2.45,1.0,0.28,0,False,top score,R08-G3,294,Somerset Park (park / playground) is 195 m away; entrance to a neighborhood of about 197 homes with 7 entrances; on a collector road; 294 large homes and 1266 houses within 800 m,bb21f970-843d-4eeb-9e81-be220dd272aa,,3190f78e-f6f0-4c75-9e35-deb12f45c286
R08,Bowie,31,R08-S31,Belair Dr & Kenway Ln,38.962912,-76.730834,church,Excel Church,75,1212,MD/DC,True,50,,R08-G3,Annapolis & Trinity,10,6.82,2,2.28,2.25,0.29,0,False,top score,R08-G3,274,Excel Church (church) is 75 m away; Grace Lutheran Church (church) is 71 m away; entrance to a neighborhood of about 353 homes with 12 entrances; on a collector road; 274 large homes and 1212 houses within 800 m,787df8be-5956-4904-9ce8-794e8d3d31cc;54f546e5-3431-4d82-9471-2988bca1bad7,,26d376eb-37dd-41d4-8c96-68be9ed76be4
R08,Bowie,32,R08-S32,Belair Dr & Beechtree Ln,38.962985,-76.719617,stoplight,Belcroft Bible Church,227,410,MD/DC,True,50,Set back from the corner so drivers stopped at the light can read it.,R08-G3,Annapolis & Trinity,11,7.65,2,0.69,1.5,0.46,3.0,True,stoplight,R08-G3,83,traffic light here (OpenStreetMap); Belcroft Bible Church (church) is 227 m away; entrance to a neighborhood of about 459 homes with 10 entrances; on a collector road; 83 large homes and 410 houses within 800 m,008fd781-ece2-46a0-9216-7f2222acd46c,1849276221;1849276223;1849276222;1849276224,4c686029-ea96-4eed-a188-f5907a876c27
R08,Bowie,33,R08-S33,Old Collington Rd & Northview Dr,38.950846,-76.734,school,Heather Hills Elementary School,210,637,MD/DC,True,50,"Use the public corner near the school, not school grounds.",R08-G4,Collington & Town Center Blvd,1,6.47,2,1.48,3.0,0,0,False,school,R08-G4,177,Heather Hills Elementary School (school) is 210 m away; on a collector road; 177 large homes and 637 houses within 800 m,ffc265d9-d47b-4497-80ba-b0a485fbd766,,aca64051-c750-41f0-9717-52e42b9771aa
R08,Bowie,34,R08-S34,Collington Rd & Town Center Blvd,38.946348,-76.733906,stoplight,,,330,MD/DC,True,50,Set back from the corner so drivers stopped at the light can read it.,R08-G4,Collington & Town Center Blvd,2,9.09,3,1.05,2.0,0.04,3.0,True,stoplight,R08-G4,126,traffic light here (OpenStreetMap); 7 storefronts within 150 m (strip center); entrance to a neighborhood of about 63 homes with 17 entrances; on a main road; 126 large homes and 330 houses within 800 m,,9322283834;9322283835;50493563;2630708917,df8a7223-d5ab-4aa1-bc66-f54ef2d74429
R08,Bowie,35,R08-S35,Collington Rd & Northview Dr,38.947495,-76.737313,stoplight,,,330,MD/DC,True,50,Set back from the corner so drivers stopped at the light can read it.,R08-G4,Collington & Town Center Blvd,3,6.67,3,0.68,0,0,3.0,True,stoplight,R08-G4,81,traffic light here (OpenStreetMap); on a main road; 81 large homes and 330 houses within 800 m,,50598171;50598434;50598173;50598436,2391e8e4-7e66-4879-a9eb-dc27873394ee
R08,Bowie,36,R08-S36,Northview Dr & Evergreen Pkwy,38.943723,-76.741102,stoplight,Enfield Chase Park,345,342,MD/DC,True,50,Set back from the corner so drivers stopped at the light can read it.,R08-G4,Collington & Town Center Blvd,4,6.72,2.5,0.22,1.0,0,3.0,True,stoplight,R08-G4,26,traffic light here (OpenStreetMap); Enfield Chase Park (park / playground) is 345 m away; on a busy road; 26 large homes and 342 houses within 800 m,0a3597c1-21ca-4206-b7cc-89ba3bc1dc66,9322283923;50477306;9322283922,8d5b4e80-075f-47f0-902c-e89c6f70f771
R08,Bowie,37,R08-S37,Nutcracker Pl & Nashua Ln,38.941964,-76.74621,school,Northview Elementary School,287,459,MD/DC,True,50,"Use the public corner near the school, not school grounds.",R08-G4,Collington & Town Center Blvd,5,4.28,0.5,0.78,3.0,0,0,False,school,R08-G4,94,Northview Elementary School (school) is 287 m away; on a neighborhood street; 94 large homes and 459 houses within 800 m,fba4e953-ab14-48ef-a993-969882611341,,8f8a6f45-c705-4776-840d-94ca8e3e17b9
R08,Bowie,38,R08-S38,Collington Rd & Kenhill Dr,38.956209,-76.745167,stoplight,,,481,MD/DC,True,50,Set back from the corner so drivers stopped at the light can read it.,R08-G4,Collington & Town Center Blvd,6,7.17,3,1.18,0,0,3.0,True,stoplight,R08-G4,141,traffic light here (OpenStreetMap); on a main road; 141 large homes and 481 houses within 800 m,,50598236;3613983379,4190d094-df66-461d-b71f-56f2f84195c3
R08,Bowie,39,R08-S39,Annapolis Rd & Stonybrook Dr,38.978638,-76.737608,stoplight,,,696,MD/DC,True,50,Set back from the corner so drivers stopped at the light can read it.,R08-G5,Annapolis & Superior Ln,1,7.35,3,1.35,0,0,3.0,True,stoplight,R08-G5,162,traffic light here (OpenStreetMap); on a main road; 162 large homes and 696 houses within 800 m,,965806329;50486480,9c335d1f-96f3-48b4-9bfb-3019fd61eac1
R08,Bowie,40,R08-S40,Annapolis Rd & Superior Ln,38.979865,-76.733349,stoplight,Village Marketplace,157,435,MD/DC,True,50,Set back from the corner so drivers stopped at the light can read it.,R08-G5,Annapolis & Superior Ln,2,13.09,3,0.88,6.0,0.21,3.0,True,stoplight,R08-G5,105,traffic light here (OpenStreetMap); Village Marketplace (shopping center) is 157 m away; Free State Shopping Center (shopping center) is 200 m away; entrance to a neighborhood of about 63 homes with 3 entrances; on a main road; 105 large homes and 435 houses within 800 m,9156173b-60dc-438c-bb85-6a40a269da65;2ddcffd6-7058-4a25-a73a-4e63c8412308;d22011ee-b35e-417f-b30f-773e7358899c,2710162998;50363192,5417a5e8-24b7-4fa5-874c-b868fa365d8e
R08,Bowie,41,R08-S41,Annapolis Rd & Scarlet Oak Ter,38.9809,-76.730727,shopping center,Hilltop Plaza,186,313,MD/DC,True,50,"Use the corner at the entrance, not the private lot.",R08-G5,Annapolis & Superior Ln,3,9.72,3,0.72,6.0,0,0,False,top score,R08-G5,86,Hilltop Plaza (shopping center) is 186 m away; MOM's Organic Market (grocery / big-box anchor) is 175 m away; on a main road; 86 large homes and 313 houses within 800 m,a204ce33-2372-4f29-b833-39331523f71d;777a6df1-b1b0-4e2f-bf8d-d21d2492c2ca;4a3478b8-170e-4ca6-970d-8929e9e59761,,594f26fd-c0e8-49ee-bd21-d7a4ccdb3707
R08,Bowie,42,R08-S42,Annapolis Rd & Race Track Rd,38.982332,-76.728141,private school,Cornerstone Christian Academy,212,291,MD/DC,True,50,"Use the public corner near the school, not school grounds.",R08-G5,Annapolis & Superior Ln,4,10.53,3,0.78,3.75,0,3.0,True,stoplight,R08-G5,93,traffic light here (OpenStreetMap); Cornerstone Christian Academy (private school) is 212 m away; Cornerstone Church (church) is 201 m away; on a main road; 93 large homes and 291 houses within 800 m,8054c632-d30a-446a-8a06-ef281877939d;8495e135-aaad-4afd-b633-d7be127c3ba0,50607479,1a73de28-afb3-47dc-855f-eca112fa0e3e
R08,Bowie,43,R08-S43,Race Track Rd & Idlewild Dr,38.985538,-76.730482,neighborhood entrance,,,608,MD/DC,True,50,,R08-G5,Annapolis & Superior Ln,5,5.61,2,1.48,0,2.13,0,False,top score,R08-G5,177,entrance to a neighborhood of about 213 homes with 1 entrances; on a collector road; 177 large homes and 608 houses within 800 m,,,ae39db7e-716f-4398-bbc1-e1f17eb6a2f9
R08,Bowie,44,R08-S44,Race Track Rd & Yorktown Dr,38.988117,-76.7324,private school,Grace Christian School,144,908,MD/DC,True,50,"Use the public corner near the school, not school grounds.",R08-G5,Annapolis & Superior Ln,6,9.96,2,2.2,4.5,1.26,0,False,school,R08-G5,264,Grace Christian School (private school) is 144 m away; Church of the Redeemer (church) is 179 m away; entrance to a neighborhood of about 252 homes with 2 entrances; on a collector road; 264 large homes and 908 houses within 800 m,e6612f47-e869-4b6c-86ff-9930d77a87e9;93630282-fffa-459b-ae36-cb1494383722;c9bffead-4c48-4b59-8988-6f116d4b8720,,5bf2c19a-6c6c-4a90-b0f1-0872e43dbeb2
R08,Bowie,45,R08-S45,Race Track Rd & Yorktown Dr,38.990423,-76.734692,school,Yorktown Elementary School,157,1071,MD/DC,True,50,"Use the public corner near the school, not school grounds.",R08-G5,Annapolis & Superior Ln,7,8.84,2,2.58,3.0,1.26,0,False,school,R08-G5,310,Yorktown Elementary School (school) is 157 m away; entrance to a neighborhood of about 252 homes with 2 entrances; on a collector road; 310 large homes and 1071 houses within 800 m,a564fe1b-4bef-45db-900b-0ac2d184bd20,,2f8b3aab-95d6-40e0-9b75-91c8645819d0
R08,Bowie,46,R08-S46,Race Track Rd & Ovalstone Ln,38.994082,-76.73759,neighborhood entrance,,,1006,MD/DC,True,50,,R08-G5,Annapolis & Superior Ln,8,5.66,2,2.15,0,1.51,0,False,top score,R08-G5,258,entrance to a neighborhood of about 302 homes with 2 entrances; on a collector road; 258 large homes and 1006 houses within 800 m,,,3602688e-4980-45da-aa88-f48b11958d10
R08,Bowie,47,R08-S47,Old Chapel Rd & Wakefield Ln,38.993883,-76.742868,school,Samuel Ogle Middle School,100,1050,MD/DC,True,50,"Use the public corner near the school, not school grounds.",R08-G5,Annapolis & Superior Ln,9,7.68,2,2.45,3.0,0.23,0,False,school,R08-G5,294,Samuel Ogle Middle School (school) is 100 m away; entrance to a neighborhood of about 69 homes with 3 entrances; on a collector road; 294 large homes and 1050 houses within 800 m,d0d74a76-e4ce-4921-a48e-6d4c6a247ede,,0a68d77a-c6ad-4e39-8409-1e8795a40897
R08,Bowie,48,R08-S48,Chapel Forge Dr & Craft Ln,38.990201,-76.744731,neighborhood entrance,,,1158,MD/DC,True,50,,R08-G5,Annapolis & Superior Ln,10,5.34,2,2.91,0,0.43,0,False,top score,R08-G5,349,entrance to a neighborhood of about 301 homes with 7 entrances; on a collector road; 349 large homes and 1158 houses within 800 m,,,3792df1d-40c6-4630-a602-c7db73024582
R08,Bowie,49,R08-S49,Old Chapel Rd & Chalford Ln,38.98889,-76.750175,school,Whitehall Elementary School,128,1185,MD/DC,True,50,"Use the public corner near the school, not school grounds.",R08-G6,Moylan & Maddox Ln,1,8.48,2,3.17,3.0,0.3,0,False,school,R08-G6,381,Whitehall Elementary School (school) is 128 m away; entrance to a neighborhood of about 213 homes with 7 entrances; on a collector road; 381 large homes and 1185 houses within 800 m,7ff9ce08-5a9d-4626-a114-150a313d7744,,5a05c31a-66ab-4a1a-9354-187affc6239a
R08,Bowie,50,R08-S50,Millstream Dr & Maroon Ln,38.985764,-76.748841,busy intersection,,,1208,MD/DC,True,50,,R08-G6,Moylan & Maddox Ln,2,5.33,2,3.03,0,0.3,0,False,top score,R08-G6,364,entrance to a neighborhood of about 152 homes with 5 entrances; on a collector road; 364 large homes and 1208 houses within 800 m,,,7ada535b-d971-49b5-8625-bcc9c17b5b49
R08,Bowie,51,R08-S51,Moylan Dr & Maddox Ln,38.979336,-76.750587,school,Mitchellville School,191,982,MD/DC,True,50,"Use the public corner near the school, not school grounds.",R08-G6,Moylan & Maddox Ln,3,11.07,2,2.36,6.0,0.71,0,False,school,R08-G6,283,Mitchellville School (school) is 191 m away; Woodmore Elementary School (school) is 185 m away; entrance to a neighborhood of about 356 homes with 5 entrances; on a collector road; 283 large homes and 982 houses within 800 m,4b8becdf-5b76-48bf-8868-33c4f975cb6e;a340f9dd-0a47-4a4f-a781-bcd9974152e3;e8dc078b-790a-4424-bcf7-061e4930be43,,2e46db4c-74ea-42cf-9d2f-775ef7147761
R08,Bowie,52,R08-S52,Laurel Bowie Rd & Maddox Ln,38.978574,-76.756004,neighborhood entrance,The Gathering Place Church in Bowie,150,714,MD/DC,True,50,,R08-G6,Moylan & Maddox Ln,4,7.63,3,1.68,2.25,0.71,0,False,quarter-mile on Laurel Bowie Road,R08-G6,201,The Gathering Place Church in Bowie (church) is 150 m away; Cresthill Church (church) is 138 m away; entrance to a neighborhood of about 356 homes with 5 entrances; on a main road; 201 large homes and 714 houses within 800 m,8090a526-0b11-40f1-9d1c-d94329f2367c;8316ed64-8bb3-423d-82bc-e55543ea5967,,222eae40-0fd0-4380-ab33-8ed2e6c9ead9
R08,Bowie,53,R08-S53,Laurel Bowie Rd & Millstream Dr,38.982361,-76.756735,private school,A Charm School,111,786,MD/DC,True,50,"Use the public corner near the school, not school grounds.",R08-G6,Moylan & Maddox Ln,5,7.83,3,1.83,3.0,0,0,False,school,R08-G6,220,A Charm School (private school) is 111 m away; on a main road; 220 large homes and 786 houses within 800 m,8f774dd5-8967-4612-b605-058d7dc1ae22,,a60e256e-3fb7-442e-95bc-424a909a1d60
R08,Bowie,54,R08-S54,Laurel Bowie Rd & Old Chapel Rd,38.98462,-76.757228,garden center / hardware,Sherwin-Williams,136,769,MD/DC,True,50,,R08-G6,Moylan & Maddox Ln,6,8.69,3,1.69,4.0,0,0,False,quarter-mile on Old Chapel Road,R08-G6,203,Sherwin-Williams (garden center / hardware) is 136 m away; 23 storefronts within 150 m (strip center); on a main road; 203 large homes and 769 houses within 800 m,a8531ced-2986-49c0-8c2c-461b735fc283,,4aa50521-3998-4f65-b8fc-367407e43333
R08,Bowie,55,R08-S55,Old Chapel Rd & Garth St,38.986148,-76.760169,strip center,,,595,MD/DC,True,50,"Use the corner at the entrance, not the private lot.",R08-G6,Moylan & Maddox Ln,7,5.61,2,1.29,2.0,0.32,0,False,top score,R08-G6,155,6 storefronts within 150 m (strip center); entrance to a neighborhood of about 32 homes with 1 entrances; on a collector road; 155 large homes and 595 houses within 800 m,,,45a17b58-a2c2-4fa8-99dc-627bbcd4d7aa
R08,Bowie,56,R08-S56,Laurel Bowie Rd & Whitehall Dr,38.991594,-76.758291,neighborhood entrance,,,703,MD/DC,True,50,,R08-G6,Moylan & Maddox Ln,8,6.26,3,1.9,0,1.36,0,False,quarter-mile on Laurel Bowie Road,R08-G6,228,entrance to a neighborhood of about 953 homes with 7 entrances; on a main road; 228 large homes and 703 houses within 800 m,,,8be74ece-b0e5-46bc-94d4-14d7fec1a0a3
R08,Bowie,57,R08-S57,Laurel Bowie Rd & Rockledge Dr,38.995723,-76.75865,school,Rockledge Elementary,137,669,MD/DC,True,50,"Use the public corner near the school, not school grounds.",R08-G6,Moylan & Maddox Ln,9,9.19,3,1.83,3.0,1.36,0,False,school,R08-G6,220,Rockledge Elementary (school) is 137 m away; entrance to a neighborhood of about 953 homes with 7 entrances; on a main road; 220 large homes and 669 houses within 800 m,3e8e3fe5-936f-437c-89b2-83a8a80b3a1c,,2d41b7b3-c8cc-4f9e-8265-16cb566876ad
R08,Bowie,58,R08-S58,Laurel Bowie Rd & Rustic Hill Dr,39.00038,-76.759009,neighborhood entrance,,,400,MD/DC,True,50,,R08-G6,Moylan & Maddox Ln,10,5.4,3,1.04,0,1.36,0,False,quarter-mile on Laurel Bowie Road,R08-G6,125,entrance to a neighborhood of about 953 homes with 7 entrances; on a main road; 125 large homes and 400 houses within 800 m,,,bdb54293-3f13-4c11-a0dc-2d6d74067d9c
R08,Bowie,59,R08-S59,High Bridge Rd & Zircon Dr,38.987766,-76.77348,school,High Bridge Elementary School,127,350,MD/DC,True,50,"Use the public corner near the school, not school grounds.",R08-G6,Moylan & Maddox Ln,11,5.39,2,0.39,3.0,0,0,False,school,R08-G6,47,High Bridge Elementary School (school) is 127 m away; on a collector road; 47 large homes and 350 houses within 800 m,ea4b71e8-6b68-4896-bd27-be169006e73e,,e7e03bea-6e25-4b18-9228-884221e93f8f
R08,Bowie,60,R08-S60,High Bridge Rd & Gullivers Trl,38.975642,-76.772548,library / rec center,Little Free Library #167099 - V. Helena's Rose Garden,266,578,MD/DC,True,50,,R08-G6,Moylan & Maddox Ln,12,5.45,2,0.85,2.0,0.6,0,False,top score,R08-G6,102,Little Free Library #167099 - V. Helena's Rose Garden (library / rec center) is 266 m away; entrance to a neighborhood of about 241 homes with 4 entrances; on a collector road; 102 large homes and 578 houses within 800 m,5ea98611-82f2-4f9f-8a91-881dd79dd827,,959d888a-eee7-4ff6-acf7-00bf9ac9739c
R09,Fairfax Station & South Springfield,1,R09-S01,Harland Dr & Barnack Dr,38.769827,-77.231838,school,Rolling Valley Elementary School,71,791,VA,True,50,"Use the public corner near the school, not school grounds.",R09-G1,Sydenstricker & Kentford,1,5.36,0.5,0.36,4.5,0,0,False,school,R09-G1,43,Rolling Valley Elementary School (school) is 71 m away; Fairfax County Public Schools (school) is 53 m away; on a neighborhood street; 43 large homes and 791 houses within 800 m,f9edb913-70ef-4524-a707-51aefb015b62;b0c58b8a-9614-4b16-b838-e91152835f42,,f6e8e2a5-233b-4991-a4bb-9a0a6ccf7519
R09,Fairfax Station & South Springfield,2,R09-S02,Fairfax County Pkwy & Whitlers Creek Dr,38.758174,-77.224924,stoplight,,,450,VA,True,50,Set back from the corner so drivers stopped at the light can read it.,R09-G1,Sydenstricker & Kentford,2,6.28,3,0.28,0,0,3.0,True,stoplight,R09-G1,34,traffic light here (OpenStreetMap); on a highway; 34 large homes and 450 houses within 800 m,,1636094632;63425145,cdae6e24-7ad6-4439-9b12-1b6cef25cbaf
R09,Fairfax Station & South Springfield,3,R09-S03,Hooes Rd & Gambrill Rd,38.756975,-77.233222,stoplight,,,648,VA,True,50,Set back from the corner so drivers stopped at the light can read it.,R09-G1,Sydenstricker & Kentford,3,6.46,3,0.46,0,0,3.0,True,stoplight,R09-G1,55,traffic light here (OpenStreetMap); on a highway; 55 large homes and 648 houses within 800 m,,63434377;63417859,0e3cca19-3065-4718-ba31-aefadb5c1a84
R09,Fairfax Station & South Springfield,4,R09-S04,Sydenstricker Rd & Hooes Rd,38.755983,-77.237182,stoplight,,,773,VA,True,50,Set back from the corner so drivers stopped at the light can read it.,R09-G1,Sydenstricker & Kentford,4,6.52,3,0.52,0,0,3.0,True,stoplight,R09-G1,62,traffic light here (OpenStreetMap); on a highway; 62 large homes and 773 houses within 800 m,,63417838;1273177588;63434396,832a16af-2ea8-4df3-a66d-b1c7f4e23d7d
R09,Fairfax Station & South Springfield,5,R09-S05,Sydenstricker Rd & Galgate Dr,38.759191,-77.242417,neighborhood entrance,,,1006,VA,True,50,,R09-G1,Sydenstricker & Kentford,5,3.62,2.5,0.44,0,0.68,0,False,quarter-mile on Sydenstricker Road,R09-G1,53,entrance to a neighborhood of about 2712 homes with 40 entrances; on a busy road; 53 large homes and 1006 houses within 800 m,,,b37c7a13-557c-4ea1-896c-951823c1120c
R09,Fairfax Station & South Springfield,6,R09-S06,Sydenstricker Rd & Kentford Dr,38.762676,-77.245102,school,Hunt Valley Elementary School,137,1199,VA,True,50,"Use the public corner near the school, not school grounds.",R09-G1,Sydenstricker & Kentford,6,7.56,2.5,0.63,3.75,0.68,0,False,school,R09-G1,76,Hunt Valley Elementary School (school) is 137 m away; Community Covenant Church (church) is 85 m away; entrance to a neighborhood of about 2712 homes with 40 entrances; on a busy road; 76 large homes and 1199 houses within 800 m,58bbb6d5-e28a-4ad8-a34a-e40475df1821;602017ae-eaf2-41b0-891d-667fb038c680,,2310a445-60e5-43d5-8ac8-ca782e46964e
R09,Fairfax Station & South Springfield,7,R09-S07,Fairfax County Pkwy & Hooes Rd,38.749681,-77.24398,busy intersection,,,804,VA,True,50,,R09-G1,Sydenstricker & Kentford,7,3.29,3,0.29,0,0,0,False,quarter-mile on Fairfax County Parkway,R09-G1,35,on a highway; 35 large homes and 804 houses within 800 m,,,ba9e67df-816e-425f-8fed-22481def6b13
R09,Fairfax Station & South Springfield,8,R09-S08,Pohick Rd & Newington Forest Ave,38.743686,-77.240145,busy intersection,,,720,VA,True,50,,R09-G2,Hooes & Seabrook Ln,1,3.02,2.5,0.52,0,0,0,False,quarter-mile on Newington Forest Avenue,R09-G2,62,on a busy road; 62 large homes and 720 houses within 800 m,,,8c174363-6552-4bc7-87d7-7afafef3d933
R09,Fairfax Station & South Springfield,9,R09-S09,Pohick Rd & Flint St,38.742894,-77.243892,neighborhood entrance,First Virginia Baptist Church,72,640,VA,True,50,,R09-G2,Hooes & Seabrook Ln,2,6.24,2.5,0.47,2.25,1.02,0,False,quarter-mile on Pohick Road,R09-G2,56,First Virginia Baptist Church (church) is 72 m away; Grace International Christian Church (church) is 77 m away; entrance to a neighborhood of about 1224 homes with 12 entrances; on a busy road; 56 large homes and 640 houses within 800 m,c8078af6-35d7-4fbd-8349-72250b13a8e0;440a3a52-cde8-429e-a1a9-f31411668358,,180debf1-73f2-400d-8f53-628a2e4cc2e3
R09,Fairfax Station & South Springfield,10,R09-S10,Newington Forest Ave & Athena St,38.739983,-77.240678,private school,Newington Forest Elementary School,77,560,VA,True,50,"Use the public corner near the school, not school grounds.",R09-G2,Hooes & Seabrook Ln,3,7.31,2,0.39,4.5,0.42,0,False,school,R09-G2,47,Newington Forest Elementary School (private school) is 77 m away; Fairfax County Public Schools (school) is 87 m away; entrance to a neighborhood of about 83 homes with 2 entrances; on a collector road; 47 large homes and 560 houses within 800 m,c0f7a7b1-ab4b-46a3-975d-58ba5499e753;821e7011-48f2-405e-8025-ff68fbc5791e,,d37bee3d-bf56-4313-95ca-848fc277a753
R09,Fairfax Station & South Springfield,11,R09-S11,Pohick Rd & Gambrill Rd,38.743337,-77.234168,stoplight,,,726,VA,True,50,Set back from the corner so drivers stopped at the light can read it.,R09-G2,Hooes & Seabrook Ln,4,6.05,2.5,0.55,0,0,3.0,True,stoplight,R09-G2,66,traffic light here (OpenStreetMap); on a busy road; 66 large homes and 726 houses within 800 m,,63614067,dfac34f7-9bde-408a-8000-7b6feaee552f
R09,Fairfax Station & South Springfield,12,R09-S12,Pohick Rd & Magic Leaf Rd,38.740528,-77.231224,neighborhood entrance,,,599,VA,True,50,,R09-G2,Hooes & Seabrook Ln,5,3.75,2.5,0.53,0,0.72,0,False,quarter-mile on Pohick Road,R09-G2,63,entrance to a neighborhood of about 143 homes with 2 entrances; on a busy road; 63 large homes and 599 houses within 800 m,,,e96fa78e-85f3-4304-bae5-3f06573a1926
R09,Fairfax Station & South Springfield,13,R09-S13,Pohick Rd & Clifforest Dr,38.73673,-77.226583,library / rec center,Newington Forest Community Center,168,431,VA,True,50,,R09-G2,Hooes & Seabrook Ln,6,4.77,2.5,0.27,2.0,0,0,False,quarter-mile on Pohick Road,R09-G2,32,Newington Forest Community Center (library / rec center) is 168 m away; on a busy road; 32 large homes and 431 houses within 800 m,2f171518-4342-4b0b-9f00-8768cc8890ad,,b20faa46-7553-4ad9-84c3-5941b8b90836
R09,Fairfax Station & South Springfield,14,R09-S14,Southrun Rd & Silverdale Rd,38.727055,-77.238604,garden center / hardware,Silverbrook Nursery and Landscaping,338,214,VA,True,50,,R09-G2,Hooes & Seabrook Ln,7,5.86,2,0.7,3.0,0.16,0,False,top score,R09-G2,84,Silverbrook Nursery and Landscaping (garden center / hardware) is 338 m away; Newington Heights Park (park / playground) is 323 m away; entrance to a neighborhood of about 32 homes with 2 entrances; on a collector road; 84 large homes and 214 houses within 800 m,765e66e9-7f1b-4e68-9aa7-b1c93d36ab57;a8090104-4653-4529-8475-ae4ed05fdab8;58c17e51-6eb7-41c7-a42d-3c879becb545,,c9dd632f-5241-4da1-8bc8-2a5eee2e097b
R09,Fairfax Station & South Springfield,15,R09-S15,Silverbrook Rd & Sullenberger Ct,38.726214,-77.244527,church,Silverbrook United Methodist Church,146,257,VA,True,50,,R09-G2,Hooes & Seabrook Ln,8,4.6,2.5,0.6,1.5,0,0,False,quarter-mile on Silverbrook Road,R09-G2,72,Silverbrook United Methodist Church (church) is 146 m away; on a busy road; 72 large homes and 257 houses within 800 m,54524be4-51a8-4b87-ac00-da9dc5b619f6,,ea9a00c4-2786-4939-bbd5-fa4ae9bed1e2
R09,Fairfax Station & South Springfield,16,R09-S16,Hooes Rd & Southern Oaks Dr,38.731431,-77.249336,busy intersection,,,428,VA,True,50,,R09-G2,Hooes & Seabrook Ln,9,3.08,2.5,0.57,0,0,0,False,quarter-mile on Hooes Road,R09-G2,69,on a busy road; 69 large homes and 428 houses within 800 m,,,bab13098-da5f-4cf2-a3f1-299362abee72
R09,Fairfax Station & South Springfield,17,R09-S17,Hooes Rd & Triple Ridge Rd,38.734853,-77.251391,neighborhood entrance,Karlyns Little Blessings Daycare and Preschool,46,425,VA,True,50,,R09-G2,Hooes & Seabrook Ln,10,6.06,2.5,0.42,1.5,1.64,0,False,quarter-mile on Hooes Road,R09-G2,51,Karlyns Little Blessings Daycare and Preschool (preschool) is 46 m away; entrance to a neighborhood of about 820 homes with 5 entrances; on a busy road; 51 large homes and 425 houses within 800 m,2247eff9-44d3-4415-aafa-4f24ef1dcfc9,,20ae8cbb-0304-45ed-bd95-be9613eb9ed6
R09,Fairfax Station & South Springfield,18,R09-S18,Hooes Rd & Newington Forest Ave,38.740469,-77.251442,stoplight,,,469,VA,True,50,Set back from the corner so drivers stopped at the light can read it.,R09-G2,Hooes & Seabrook Ln,11,6.96,2.5,0.44,0,1.02,3.0,True,stoplight,R09-G2,53,traffic light here (OpenStreetMap); entrance to a neighborhood of about 1224 homes with 12 entrances; on a busy road; 53 large homes and 469 houses within 800 m,,63557675,cbe2629a-7897-4399-84b7-79a0a23e0bd1
R09,Fairfax Station & South Springfield,19,R09-S19,Hooes Rd & Seabrook Ln,38.745821,-77.251023,stoplight,,,894,VA,True,50,Set back from the corner so drivers stopped at the light can read it.,R09-G2,Hooes & Seabrook Ln,12,7.56,3,0.54,0,1.02,3.0,True,stoplight,R09-G2,65,traffic light here (OpenStreetMap); entrance to a neighborhood of about 1224 homes with 12 entrances; on a highway; 65 large homes and 894 houses within 800 m,,63408081,b2c05111-e9fe-40bf-bb22-fbbc38fcf598
R09,Fairfax Station & South Springfield,20,R09-S20,Silverbrook Rd & Hooes Rd,38.728115,-77.25069,stoplight,,,514,VA,True,50,Set back from the corner so drivers stopped at the light can read it.,R09-G3,Ox & Silverbrook,1,6.53,2.5,1.02,0,0,3.0,True,stoplight,R09-G3,123,traffic light here (OpenStreetMap); on a busy road; 123 large homes and 514 houses within 800 m,,63636423,f813ebf4-05bd-4910-bed0-92122cc87229
R09,Fairfax Station & South Springfield,21,R09-S21,Hooes Rd & Laurel Crest Dr,38.7224,-77.251718,neighborhood entrance,,,393,VA,True,50,,R09-G3,Ox & Silverbrook,2,4.26,2.5,1.02,0,0.74,0,False,quarter-mile on Hooes Road,R09-G3,123,entrance to a neighborhood of about 149 homes with 2 entrances; on a busy road; 123 large homes and 393 houses within 800 m,,,700c0306-c728-4a2f-b4c1-ea5e2a29f0b8
R09,Fairfax Station & South Springfield,22,R09-S22,Silverbrook Rd & Bayberry Ridge Rd,38.72809,-77.255628,neighborhood entrance,,,774,VA,True,50,,R09-G3,Ox & Silverbrook,3,5.82,2.5,1.68,0,1.64,0,False,quarter-mile on Silverbrook Road,R09-G3,202,entrance to a neighborhood of about 820 homes with 5 entrances; on a busy road; 202 large homes and 774 houses within 800 m,,,991a9075-8481-4479-9f72-87db790fbe9a
R09,Fairfax Station & South Springfield,23,R09-S23,Silverbrook Rd & Oak Chase Cir,38.728098,-77.259532,neighborhood entrance,,,790,VA,True,50,,R09-G3,Ox & Silverbrook,4,6.04,2.5,1.9,0,1.64,0,False,top score,R09-G3,228,entrance to a neighborhood of about 820 homes with 5 entrances; on a busy road; 228 large homes and 790 houses within 800 m,,,e7634bd1-e433-4a46-bb53-6a865abf0aff
R09,Fairfax Station & South Springfield,24,R09-S24,Silverbrook Rd & Silverthorn Rd,38.728544,-77.26287,neighborhood entrance,,,713,VA,True,50,,R09-G3,Ox & Silverbrook,5,6.05,2.5,1.91,0,1.64,0,False,quarter-mile on Silverbrook Road,R09-G3,229,entrance to a neighborhood of about 820 homes with 5 entrances; on a busy road; 229 large homes and 713 houses within 800 m,,,dd2894ba-3676-4ccc-aba3-e4c587347f46
R09,Fairfax Station & South Springfield,25,R09-S25,Crosspointe Dr & Lake Crest Ter,38.728254,-77.267831,school,Silverbrook Elementary School,156,670,VA,True,50,"Use the public corner near the school, not school grounds.",R09-G3,Ox & Silverbrook,6,7.62,2,2.62,3.0,0,0,False,school,R09-G3,314,Silverbrook Elementary School (school) is 156 m away; on a collector road; 314 large homes and 670 houses within 800 m,787e1c39-f35b-4340-ba22-2f6da8c607ce,,68fe1348-d297-4a50-bade-c02ee96b5d31
R09,Fairfax Station & South Springfield,26,R09-S26,Silverbrook Rd & Gauge Dr,38.731988,-77.269972,neighborhood entrance,,,784,VA,True,50,,R09-G3,Ox & Silverbrook,7,6.32,2.5,3.11,0,0.71,0,False,quarter-mile on Silverbrook Road,R09-G3,373,entrance to a neighborhood of about 1427 homes with 20 entrances; on a busy road; 373 large homes and 784 houses within 800 m,,,226f9a85-544e-4352-ae96-21e1b5f5d28b
R09,Fairfax Station & South Springfield,27,R09-S27,Silverbrook Rd & Old Barrington Blvd,38.735801,-77.27486,neighborhood entrance,,,872,VA,True,50,,R09-G3,Ox & Silverbrook,8,6.1,2.5,2.89,0,0.71,0,False,quarter-mile on Silverbrook Road,R09-G3,347,entrance to a neighborhood of about 1427 homes with 20 entrances; on a busy road; 347 large homes and 872 houses within 800 m,,,9cdbda8d-f5c3-48e7-a235-29b84f11a40e
R09,Fairfax Station & South Springfield,28,R09-S28,Ox Rd & Silverbrook Rd,38.735201,-77.27994,stoplight,,,580,VA,True,50,Set back from the corner so drivers stopped at the light can read it.,R09-G3,Ox & Silverbrook,9,7.79,3,1.79,0,0,3.0,True,stoplight,R09-G3,215,traffic light here (OpenStreetMap); on a highway; 215 large homes and 580 houses within 800 m,,1621904582;1621904565;506696691;63775628,22957d44-f22a-42b6-a59a-c33755baeac6
R09,Fairfax Station & South Springfield,29,R09-S29,Ox Rd & Thorn Bush Dr,38.730973,-77.28009,neighborhood entrance,,,432,VA,True,50,,R09-G3,Ox & Silverbrook,10,5.35,3,1.64,0,0.71,0,False,quarter-mile on Ox Road,R09-G3,197,entrance to a neighborhood of about 1427 homes with 20 entrances; on a highway; 197 large homes and 432 houses within 800 m,,,7b70cc3a-0034-41f0-b992-9367aac083a6
R09,Fairfax Station & South Springfield,30,R09-S30,Ox Rd & Crosspointe Dr,38.727868,-77.2811,stoplight,,,385,VA,True,50,Set back from the corner so drivers stopped at the light can read it.,R09-G3,Ox & Silverbrook,11,7.62,3,1.62,0,0,3.0,True,stoplight,R09-G3,195,traffic light here (OpenStreetMap); on a highway; 195 large homes and 385 houses within 800 m,,1621903607;1621903560;1621903563;1621903614,7c53089b-bec6-48ce-b244-e222fe08edbf
R09,Fairfax Station & South Springfield,31,R09-S31,Ox Rd & Long Shadows Dr,38.738833,-77.2847,busy intersection,,,413,VA,True,50,,R09-G4,Fairfax County Pkwy & Reservation,1,3.98,3,0.98,0,0,0,False,quarter-mile on Ox Road,R09-G4,118,on a highway; 118 large homes and 413 houses within 800 m,,,d3fcdc96-32d3-4200-aae4-8b2f6eccd487
R09,Fairfax Station & South Springfield,32,R09-S32,Ox Rd & Lee Chapel Rd,38.742526,-77.28747,stoplight,,,346,VA,True,50,Set back from the corner so drivers stopped at the light can read it.,R09-G4,Fairfax County Pkwy & Reservation,2,7.6,3,1.14,0,0.46,3.0,True,stoplight,R09-G4,137,traffic light here (OpenStreetMap); entrance to a neighborhood of about 46 homes with 1 entrances; on a highway; 137 large homes and 346 houses within 800 m,,63560827;506696632,810dab3c-8100-4d1a-a632-97100677a602
R09,Fairfax Station & South Springfield,33,R09-S33,Lee Chapel Rd & Viewcrest Dr,38.74546,-77.284467,neighborhood entrance,,,431,VA,True,50,,R09-G4,Fairfax County Pkwy & Reservation,3,4.35,2.5,1.37,0,0.48,0,False,quarter-mile on Lee Chapel Road,R09-G4,164,entrance to a neighborhood of about 242 homes with 5 entrances; on a busy road; 164 large homes and 431 houses within 800 m,,,06af9c6a-bdba-474b-8e0c-4e0735878b60
R09,Fairfax Station & South Springfield,34,R09-S34,Ox Rd & Old Ox Rd,38.749408,-77.296115,neighborhood entrance,Greentree Christian School,174,185,VA,True,50,,R09-G4,Fairfax County Pkwy & Reservation,4,6.4,3,0.67,2.25,0.48,0,False,quarter-mile on Ox Road,R09-G4,80,Greentree Christian School (preschool) is 174 m away; Christ Church (church) is 196 m away; entrance to a neighborhood of about 242 homes with 5 entrances; on a highway; 80 large homes and 185 houses within 800 m,c1b20451-89e3-45cb-a74b-40f406b8448d;8a7ccc14-924b-490e-ae18-4d97c115edd1,,1bd81bad-ad32-4fb4-97c2-f90978e1c5e9
R09,Fairfax Station & South Springfield,35,R09-S35,Fairfax County Pkwy & Rolling View Dr,38.758214,-77.279251,neighborhood entrance,,,743,VA,True,50,,R09-G4,Fairfax County Pkwy & Reservation,5,5.93,3,1.93,0,1.0,0,False,quarter-mile on Fairfax County Parkway,R09-G4,232,entrance to a neighborhood of about 1503 homes with 15 entrances; on a highway; 232 large homes and 743 houses within 800 m,,,2524e28a-e616-41c0-b1b2-9c7001ab0807
R09,Fairfax Station & South Springfield,36,R09-S36,Fairfax County Pkwy & Lee Chapel Rd,38.755562,-77.276914,stoplight,,,616,VA,True,50,Set back from the corner so drivers stopped at the light can read it.,R09-G4,Fairfax County Pkwy & Reservation,6,7.48,3,1.48,0,0,3.0,True,stoplight,R09-G4,178,traffic light here (OpenStreetMap); on a highway; 178 large homes and 616 houses within 800 m,,1252410073;63669693;2414184139;2414184133,c709bbbb-72e2-4216-97eb-40dab7608c1d
R09,Fairfax Station & South Springfield,37,R09-S37,Fairfax County Pkwy & Reservation Dr,38.752337,-77.272917,school,Sangster Elementary School,317,537,VA,True,50,"Use the public corner near the school, not school grounds.",R09-G4,Fairfax County Pkwy & Reservation,7,11.71,3,1.28,3.75,0.68,3.0,True,stoplight,R09-G4,154,traffic light here (OpenStreetMap); Sangster Elementary School (school) is 317 m away; Parkway Bible Church VA (church) is 299 m away; entrance to a neighborhood of about 2712 homes with 40 entrances; on a highway; 154 large homes and 537 houses within 800 m,53c380f3-3303-4061-89ee-a0bdcde0364a;e9db36bf-0f77-4d98-aff1-7fcd14506c18,63830673;1581830915,f369308e-f268-4090-8594-f5f5fc6975a9
R09,Fairfax Station & South Springfield,38,R09-S38,Fairfax County Pkwy & Huntsman Blvd,38.751608,-77.266804,stoplight,,,660,VA,True,50,Set back from the corner so drivers stopped at the light can read it.,R09-G4,Fairfax County Pkwy & Reservation,8,9.03,3,1.03,2.0,0,3.0,True,stoplight,R09-G4,124,traffic light here (OpenStreetMap); 6 storefronts within 150 m (strip center); on a highway; 124 large homes and 660 houses within 800 m,,2406471729;2414030634;63830637,9548584f-e032-493c-97eb-b945a0b7beaf
R09,Fairfax Station & South Springfield,39,R09-S39,Fairfax County Pkwy & Huntsman Ct,38.750554,-77.26402,shopping center,Huntsman Square,146,756,VA,True,50,"Use the corner at the entrance, not the private lot.",R09-G4,Fairfax County Pkwy & Reservation,9,8.47,3,0.97,4.5,0,0,False,top score,R09-G4,117,Huntsman Square (shopping center) is 146 m away; Giant Food (grocery / big-box anchor) is 148 m away; on a highway; 117 large homes and 756 houses within 800 m,ff330ab5-5c98-46eb-a466-ef0211551eb5;bba86586-a141-4008-a8b5-a941491b4f92,,92865868-5b55-4865-94e5-ede198b45dde
R09,Fairfax Station & South Springfield,40,R09-S40,Fairfax County Pkwy & Modisto Ln,38.749113,-77.260724,neighborhood entrance,,,835,VA,True,50,,R09-G4,Fairfax County Pkwy & Reservation,10,4.84,3,0.82,0,1.02,0,False,quarter-mile on Fairfax County Parkway,R09-G4,98,entrance to a neighborhood of about 1224 homes with 12 entrances; on a highway; 98 large homes and 835 houses within 800 m,,,e84c6219-dcd4-4e8d-9726-2ec7626944af
R09,Fairfax Station & South Springfield,41,R09-S41,Sydenstricker Rd & Huntsman Blvd,38.766326,-77.253849,school,Orange Hunt Elementary School,164,1095,VA,True,50,"Use the public corner near the school, not school grounds.",R09-G5,Old Keene Mill & Sydenstricker,1,6.33,2.5,0.83,3.0,0,0,False,school,R09-G5,100,Orange Hunt Elementary School (school) is 164 m away; on a busy road; 100 large homes and 1095 houses within 800 m,e5c9d996-a1fe-4f13-bb1f-108cd48b6282,,6d976326-9784-4220-a7e6-269bc879a2e0
R09,Fairfax Station & South Springfield,42,R09-S42,Sydenstricker Rd & Etta Dr,38.765373,-77.248154,neighborhood entrance,,,1160,VA,True,50,,R09-G5,Old Keene Mill & Sydenstricker,2,3.76,2.5,0.58,0,0.68,0,False,quarter-mile on Sydenstricker Road,R09-G5,70,entrance to a neighborhood of about 2712 homes with 40 entrances; on a busy road; 70 large homes and 1160 houses within 800 m,,,a07f006e-0497-4e0d-858f-dfeea38ae66e
R09,Fairfax Station & South Springfield,43,R09-S43,Sydenstricker Rd & Field Master Dr,38.769416,-77.25902,stoplight,,,781,VA,True,50,Set back from the corner so drivers stopped at the light can read it.,R09-G5,Old Keene Mill & Sydenstricker,3,6.67,2.5,1.17,0,0,3.0,True,stoplight,R09-G5,140,traffic light here (OpenStreetMap); on a busy road; 140 large homes and 781 houses within 800 m,,2414003775;2414003774,5038014c-a857-4c3b-b9b9-fb70c99c9eb7
R09,Fairfax Station & South Springfield,44,R09-S44,Sydenstricker Rd & Mainsail Dr,38.772784,-77.263952,neighborhood entrance,St Andrew's Episcopal Preschool,203,579,VA,True,50,,R09-G5,Old Keene Mill & Sydenstricker,4,6.14,2.5,1.67,1.5,0.47,0,False,quarter-mile on Sydenstricker Road,R09-G5,200,St Andrew's Episcopal Preschool (preschool) is 203 m away; entrance to a neighborhood of about 141 homes with 3 entrances; on a busy road; 200 large homes and 579 houses within 800 m,f4540f21-acfc-4050-af5c-da685dd5f838,,8fc52ee6-e16f-45c1-89ce-be38558ba475
R09,Fairfax Station & South Springfield,45,R09-S45,Old Keene Mill Rd & Sydenstricker Rd,38.77613,-77.268086,stoplight,Service Information Management Association,73,625,VA,True,50,Set back from the corner so drivers stopped at the light can read it.,R09-G5,Old Keene Mill & Sydenstricker,5,11.43,3,1.43,4.0,0,3.0,True,stoplight,R09-G5,171,traffic light here (OpenStreetMap); Service Information Management Association (library / rec center) is 73 m away; 10 storefronts within 150 m (strip center); on a main road; 171 large homes and 625 houses within 800 m,107d8ad7-a010-4694-84d2-064e9eef4f70,63630180;1603804893,a668fc97-56ed-4956-a18b-51de0cd5f117
R09,Fairfax Station & South Springfield,46,R09-S46,Shiplett Blvd & Draco St,38.778699,-77.26538,shopping center,Rolling Valley Mall,173,634,VA,True,50,"Use the corner at the entrance, not the private lot.",R09-G5,Old Keene Mill & Sydenstricker,6,6.96,2,1.32,3.0,0.64,0,False,top score,R09-G5,159,Rolling Valley Mall (shopping center) is 173 m away; entrance to a neighborhood of about 254 homes with 4 entrances; on a collector road; 159 large homes and 634 houses within 800 m,9cf0375a-f233-459e-ac64-addb8b7e8a77,,5081242b-cf1a-4c5e-b82f-4422ebf92250
R09,Fairfax Station & South Springfield,47,R09-S47,Old Keene Mill Rd & Keene Dr,38.773685,-77.259538,neighborhood entrance,,,521,VA,True,50,,R09-G5,Old Keene Mill & Sydenstricker,7,5.35,3,1.67,0,0.68,0,False,quarter-mile on Old Keene Mill Road,R09-G5,200,entrance to a neighborhood of about 2712 homes with 40 entrances; on a main road; 200 large homes and 521 houses within 800 m,,,192bd97d-2aa5-44dd-a5bf-a72225542236
R09,Fairfax Station & South Springfield,48,R09-S48,Old Keene Mill Rd & Field Master Dr,38.773007,-77.25582,stoplight,,,582,VA,True,50,Set back from the corner so drivers stopped at the light can read it.,R09-G5,Old Keene Mill & Sydenstricker,8,7.45,3,1.45,0,0,3.0,True,stoplight,R09-G5,174,traffic light here (OpenStreetMap); on a main road; 174 large homes and 582 houses within 800 m,,63673925;11541700742;11541700743;2414003777,2724f823-5d24-490d-af12-74829c6f2ee3
R09,Fairfax Station & South Springfield,49,R09-S49,Old Keene Mill Rd & Huntsman Blvd,38.77418,-77.249117,stoplight,,,618,VA,True,50,Set back from the corner so drivers stopped at the light can read it.,R09-G5,Old Keene Mill & Sydenstricker,9,7.69,3,1.01,0,0.68,3.0,True,stoplight,R09-G5,121,traffic light here (OpenStreetMap); entrance to a neighborhood of about 2712 homes with 40 entrances; on a main road; 121 large homes and 618 houses within 800 m,,1603804112;64049866;1603804128;2414008650,5be136a9-dec3-4942-95b1-2085ba9333ae
R09,Fairfax Station & South Springfield,50,R09-S50,Old Keene Mill Rd & Hillside Rd,38.77625,-77.244353,stoplight,,,595,VA,True,50,Set back from the corner so drivers stopped at the light can read it.,R09-G5,Old Keene Mill & Sydenstricker,10,6.84,3,0.84,0,0,3.0,True,stoplight,R09-G5,101,traffic light here (OpenStreetMap); on a main road; 101 large homes and 595 houses within 800 m,,63690595;63690584,8b275485-9159-49f9-8588-6e636f027d3d
R09,Fairfax Station & South Springfield,51,R09-S51,Lee Chapel Rd & Ironmaster Dr,38.772582,-77.272854,neighborhood entrance,,,826,VA,True,50,,R09-G6,Old Keene Mill & Torrence St,1,4.76,2.5,1.26,0,1.0,0,False,quarter-mile on Lee Chapel Road,R09-G6,151,entrance to a neighborhood of about 1503 homes with 15 entrances; on a busy road; 151 large homes and 826 houses within 800 m,,,76ea1b68-560a-4962-9d2a-0f0fa5054936
R09,Fairfax Station & South Springfield,52,R09-S52,Old Keene Mill Rd & Torrence St,38.776734,-77.273932,stoplight,Burke Town Plaza,147,765,VA,True,50,Set back from the corner so drivers stopped at the light can read it.,R09-G6,Old Keene Mill & Torrence St,2,10.57,3,1.34,3.0,0.23,3.0,True,stoplight,R09-G6,161,traffic light here (OpenStreetMap); Burke Town Plaza (shopping center) is 147 m away; entrance to a neighborhood of about 183 homes with 8 entrances; on a main road; 161 large homes and 765 houses within 800 m,10929dd1-d29c-42b6-ba70-c505fd008ddf,1603805362;1603805269,31fdcc53-cfce-4155-a13a-904dea99ad53
R09,Fairfax Station & South Springfield,53,R09-S53,Old Keene Mill Rd & Villagesmith Way,38.77551,-77.279186,private school,Nativity Catholic School,224,931,VA,True,50,"Use the public corner near the school, not school grounds.",R09-G6,Old Keene Mill & Torrence St,3,9.25,3,1.5,3.75,1.0,0,False,school,R09-G6,180,Nativity Catholic School (private school) is 224 m away; Nativity Parish Burke (church) is 158 m away; entrance to a neighborhood of about 1503 homes with 15 entrances; on a main road; 180 large homes and 931 houses within 800 m,7567801e-fd2b-4397-8d6b-34f611f87186;5ab634bb-3adc-4d78-bed1-9df6003f1e1a,,b7962712-2d62-4090-9c95-45ccc15d643c
R09,Fairfax Station & South Springfield,54,R09-S54,Old Keene Mill Rd & Spring Lake Dr,38.774416,-77.282079,neighborhood entrance,,,896,VA,True,50,,R09-G6,Old Keene Mill & Torrence St,4,5.19,3,1.6,0,0.59,0,False,top score,R09-G6,192,entrance to a neighborhood of about 762 homes with 13 entrances; on a main road; 192 large homes and 896 houses within 800 m,,,c56d3ee3-840b-4dbc-854e-ac686b75cf66
R09,Fairfax Station & South Springfield,55,R09-S55,Old Keene Mill Rd & Fairfax County Pkwy,38.768854,-77.288083,stoplight,,,466,VA,True,50,Set back from the corner so drivers stopped at the light can read it.,R09-G6,Old Keene Mill & Torrence St,5,6.9,3,0.9,0,0,3.0,True,stoplight,R09-G6,108,traffic light here (OpenStreetMap); on a highway; 108 large homes and 466 houses within 800 m,,654520449;63431212,6374a333-9d7f-4e3e-b759-015c2f7f9f0f
R09,Fairfax Station & South Springfield,56,R09-S56,Ironmaster Dr & Cherry Run Bus Loop,38.76744,-77.284074,school,Cherry Run Elementary School,72,745,VA,True,50,"Use the public corner near the school, not school grounds.",R09-G6,Old Keene Mill & Torrence St,6,4.66,0.5,1.16,3.0,0,0,False,school,R09-G6,139,Cherry Run Elementary School (school) is 72 m away; on a neighborhood street; 139 large homes and 745 houses within 800 m,a22de476-9bcf-46f7-8cde-83cd7839492c,,024a5b9f-fe49-491e-82d1-e0ef9a3a00b8
R09,Fairfax Station & South Springfield,57,R09-S57,Fairfax County Pkwy & Waterline Dr,38.763068,-77.282891,neighborhood entrance,,,810,VA,True,50,,R09-G6,Old Keene Mill & Torrence St,7,5.78,3,1.78,0,1.0,0,False,quarter-mile on Fairfax County Parkway,R09-G6,214,entrance to a neighborhood of about 1503 homes with 15 entrances; on a highway; 214 large homes and 810 houses within 800 m,,,a12049c9-5e4d-4ec3-b9af-67e886227140
R09,Fairfax Station & South Springfield,58,R09-S58,Lee Chapel Rd & Waterline Dr,38.76111,-77.273039,neighborhood entrance,,,954,VA,True,50,,R09-G6,Old Keene Mill & Torrence St,8,4.88,2.5,1.38,0,1.0,0,False,quarter-mile on Lee Chapel Road,R09-G6,165,entrance to a neighborhood of about 1503 homes with 15 entrances; on a busy road; 165 large homes and 954 houses within 800 m,,,247a2821-c6b2-4f91-98cf-16580483dace
R09,Fairfax Station & South Springfield,59,R09-S59,Lee Chapel Rd & Southern Cross Ln,38.764126,-77.27279,busy intersection,,,1078,VA,True,50,,R09-G6,Old Keene Mill & Torrence St,9,4.23,2.5,1.54,0,0.19,0,False,quarter-mile on Lee Chapel Road,R09-G6,185,entrance to a neighborhood of about 38 homes with 2 entrances; on a busy road; 185 large homes and 1078 houses within 800 m,,,34997a44-be2c-4599-b822-25473f18822c
R09,Fairfax Station & South Springfield,60,R09-S60,Lee Chapel Rd & Claychin Ct,38.767485,-77.27202,neighborhood entrance,,,1020,VA,True,50,,R09-G6,Old Keene Mill & Torrence St,10,4.84,2.5,1.34,0,1.0,0,False,quarter-mile on Lee Chapel Road,R09-G6,161,entrance to a neighborhood of about 1503 homes with 15 entrances; on a busy road; 161 large homes and 1020 houses within 800 m,,,21028928-edad-4e1a-aa91-7e6159c6301a
R10,Colesville & Silver Spring,1,R10-S01,University Blvd West & Gabel St,39.033478,-77.023619,school,Community School Of Md At Northwood High School,179,950,MD/DC,True,50,"Use the public corner near the school, not school grounds.",R10-G1,University Blvd West & Gabel St,1,12.7,3,0.21,6.0,0.49,3.0,True,stoplight,R10-G1,25,traffic light here (OpenStreetMap); Community School Of Md At Northwood High School (school) is 179 m away; Montgomery County Public Schools (school) is 36 m away; entrance to a neighborhood of about 2146 homes with 44 entrances; on a main road; 25 large homes and 950 houses within 800 m,b0d899d6-d278-41f5-a753-6e7cf883b0a5;ca275140-e579-4e8c-9300-29885dd3aa8d;0066d2b9-6091-4586-a0a1-8db8dbebcb7a,49161736;555794670,6ddd9bd4-4c2e-4f35-be0b-c9330febe339
R10,Colesville & Silver Spring,2,R10-S02,University Blvd West & Arcola Ave,39.035618,-77.02586,stoplight,,,868,MD/DC,True,50,Set back from the corner so drivers stopped at the light can read it.,R10-G1,University Blvd West & Gabel St,2,6.38,3,0.38,0,0,3.0,True,stoplight,R10-G1,45,traffic light here (OpenStreetMap); on a main road; 45 large homes and 868 houses within 800 m,,555795352;49162454,836b289b-32f9-4895-a543-fbc6d31cda40
R10,Colesville & Silver Spring,3,R10-S03,University Blvd West & Sligo Creek Pkwy,39.036492,-77.030544,stoplight,Northwood Presbyterian Church,187,775,MD/DC,True,50,Set back from the corner so drivers stopped at the light can read it.,R10-G1,University Blvd West & Gabel St,3,8.72,3,0.47,2.25,0,3.0,True,stoplight,R10-G1,57,traffic light here (OpenStreetMap); Northwood Presbyterian Church (church) is 187 m away; Tamil Christian Church (church) is 188 m away; on a main road; 57 large homes and 775 houses within 800 m,90f589b0-6019-4153-b210-3711963b7402;779fe9c7-5579-43da-92ca-ecfd9507bea8,555794751;49324311,5a32987f-b608-4a10-8e96-8b8f4f6c31b9
R10,Colesville & Silver Spring,4,R10-S04,University Blvd West & Inwood Ave,39.036198,-77.036382,stoplight,,,733,MD/DC,True,50,Set back from the corner so drivers stopped at the light can read it.,R10-G1,University Blvd West & Gabel St,4,6.22,3,0.23,0,0,3.0,True,stoplight,R10-G1,27,traffic light here (OpenStreetMap); on a main road; 27 large homes and 733 houses within 800 m,,49187978;555792116,84d57121-9c44-4d14-916a-6b30be882007
R10,Colesville & Silver Spring,5,R10-S05,University Blvd West & Reedie Dr,39.039817,-77.043045,private school,Montessori School Kemp Mill,62,807,MD/DC,True,50,"Use the public corner near the school, not school grounds.",R10-G1,University Blvd West & Gabel St,5,9.99,3,0.57,3.0,0.42,3.0,True,stoplight,R10-G1,68,traffic light here (OpenStreetMap); Montessori School Kemp Mill (private school) is 62 m away; entrance to a neighborhood of about 669 homes with 16 entrances; on a main road; 68 large homes and 807 houses within 800 m,95e164a5-3547-4bd3-aea9-560e9221fd07,4911418600;49309507,248756e7-3332-4c42-9dbd-e8f2ef1475c5
R10,Colesville & Silver Spring,6,R10-S06,Kemp Mill Rd & Arcola Ave,39.045979,-77.032256,stoplight,Silver Spring Christian Reformed Church,99,728,MD/DC,True,50,Set back from the corner so drivers stopped at the light can read it.,R10-G1,University Blvd West & Gabel St,6,8.31,2,1.06,2.25,0,3.0,True,stoplight,R10-G1,127,traffic light here (OpenStreetMap); Silver Spring Christian Reformed Church (church) is 99 m away; Grace Indonesian Church (church) is 87 m away; on a collector road; 127 large homes and 728 houses within 800 m,1b64c3f8-9332-466c-a7e3-1e149235a514;696e5f82-c008-4bd5-adfc-0bfa4d4d54e4,49162491,03bc0d61-233b-4e06-b260-6b7d6498ab89
R10,Colesville & Silver Spring,7,R10-S07,Kemp Mill Rd & Monticello Ave,39.047115,-77.029556,school,Odessa Shannon Middle School,287,805,MD/DC,True,50,"Use the public corner near the school, not school grounds.",R10-G1,University Blvd West & Gabel St,7,7.94,2,1.28,3.75,0.91,0,False,school,R10-G1,154,Odessa Shannon Middle School (school) is 287 m away; Saint Andrew Apostle Catholic Church (church) is 134 m away; entrance to a neighborhood of about 1554 homes with 17 entrances; on a collector road; 154 large homes and 805 houses within 800 m,036f8621-6761-42c3-a00a-c12332e3245f;aa221f26-46c4-404a-b3c2-274f0ebb33ad,,1938f84c-f9f4-4e8d-a774-4d7c94d72c92
R10,Colesville & Silver Spring,8,R10-S08,Kemp Mill Rd & Hermleigh Rd,39.050754,-77.024787,stoplight,,,687,MD/DC,True,50,Set back from the corner so drivers stopped at the light can read it.,R10-G1,University Blvd West & Gabel St,8,7.18,2,1.27,0,0.91,3.0,True,stoplight,R10-G1,152,traffic light here (OpenStreetMap); entrance to a neighborhood of about 1554 homes with 17 entrances; on a collector road; 152 large homes and 687 houses within 800 m,,49308871,bbb11d43-c8cc-4371-a583-424313fd5ae0
R10,Colesville & Silver Spring,9,R10-S09,Lamberton Dr & Rockbridge Rd,39.044559,-77.022583,neighborhood entrance,Kids Adventures Academy for Early Learning,218,1369,MD/DC,True,50,,R10-G1,University Blvd West & Gabel St,9,6.14,2,1.73,1.5,0.91,0,False,top score,R10-G1,208,Kids Adventures Academy for Early Learning (preschool) is 218 m away; entrance to a neighborhood of about 1554 homes with 17 entrances; on a collector road; 208 large homes and 1369 houses within 800 m,be69845e-25e9-4c7d-a7fb-9183b07ab929,,ecb85c6b-714f-44c8-9ef0-9e0f278f75a3
R10,Colesville & Silver Spring,10,R10-S10,Sisson St & Clara St,39.043033,-77.017036,school,Kemp Mill Elementary School,39,1210,MD/DC,True,50,"Use the public corner near the school, not school grounds.",R10-G1,University Blvd West & Gabel St,10,4.47,0.5,0.97,3.0,0,0,False,school,R10-G1,117,Kemp Mill Elementary School (school) is 39 m away; on a neighborhood street; 117 large homes and 1210 houses within 800 m,b6b7736d-ff43-4310-bc13-8a8836746a0f,,01844835-a83e-4dd5-9bb7-df7db48e079c
R10,Colesville & Silver Spring,11,R10-S11,South Belgrade Rd & Hillsboro Dr,39.040714,-77.023895,school,Randolph Academy Alternative School,51,1171,MD/DC,True,50,"Use the public corner near the school, not school grounds.",R10-G1,University Blvd West & Gabel St,11,3.64,0.5,1.14,2.0,0,0,False,school,R10-G1,137,Randolph Academy Alternative School (school) is 51 m away; on a neighborhood street; 137 large homes and 1171 houses within 800 m,3414847f-398f-4253-88f5-e142d422fec7,,4471196e-8325-453e-ba44-f81fae8cdfd0
R10,Colesville & Silver Spring,12,R10-S12,Lamberton Dr & Arcola Ave,39.041164,-77.02907,stoplight,Kemp Mill Shopping Center,187,948,MD/DC,True,50,Set back from the corner so drivers stopped at the light can read it.,R10-G1,University Blvd West & Gabel St,12,9.97,2,0.97,4.0,0,3.0,True,stoplight,R10-G1,116,traffic light here (OpenStreetMap); Kemp Mill Shopping Center (shopping center) is 187 m away; Kemp Mill Urban Park (park / playground) is 28 m away; on a collector road; 116 large homes and 948 houses within 800 m,de7ccce6-2349-4e6b-8c8e-b00aa3f536ef;f35f3ad9-77f0-49ea-a2b4-848a5e88122e;692faae9-3bf8-4528-b8d3-2f3517f75d3c,3039904493,c2f4909f-b085-434b-a6ea-eff3a714d61f
R10,Colesville & Silver Spring,13,R10-S13,Arcola Ave & Channing Dr,39.047258,-77.040519,school,Arcola Elementary School,236,591,MD/DC,True,50,"Use the public corner near the school, not school grounds.",R10-G2,Arcola Ave & Amherst Ave,1,6.42,2,1.0,3.0,0.42,0,False,school,R10-G2,120,Arcola Elementary School (school) is 236 m away; entrance to a neighborhood of about 669 homes with 16 entrances; on a collector road; 120 large homes and 591 houses within 800 m,957f70ed-c198-40a6-956f-062525e62635,,0e2f3d61-332e-4c12-bd75-fbea683c30b1
R10,Colesville & Silver Spring,14,R10-S14,Amherst Ave & Elkin St,39.0449,-77.047988,grocery / big-box anchor,Lidl,349,599,MD/DC,True,50,"Use the corner at the entrance, not the private lot.",R10-G2,Arcola Ave & Amherst Ave,2,7.5,2,1.08,4.0,0.42,0,False,top score,R10-G2,130,Lidl (grocery / big-box anchor) is 349 m away; Pembridge Square Community Center (library / rec center) is 122 m away; entrance to a neighborhood of about 669 homes with 16 entrances; on a collector road; 130 large homes and 599 houses within 800 m,9b7f6f0e-e192-444b-9504-9f45d9f4d99d;7511b213-fbc6-4753-98e8-cbcf62de1ce6,,c5ca9fda-555d-4ac8-9616-c5039fc2aac0
R10,Colesville & Silver Spring,15,R10-S15,Arcola Ave & Amherst Ave,39.04716,-77.048556,stoplight,Montgomery County Public Libraries,153,546,MD/DC,True,50,Set back from the corner so drivers stopped at the light can read it.,R10-G2,Arcola Ave & Amherst Ave,3,10.08,2,1.08,4.0,0,3.0,True,stoplight,R10-G2,130,traffic light here (OpenStreetMap); Montgomery County Public Libraries (library / rec center) is 153 m away; Wheaton Library (library / rec center) is 213 m away; on a collector road; 130 large homes and 546 houses within 800 m,150d4954-bd74-4edd-90e9-c8ed544071f9;4e590bcc-0d49-4e4c-94bb-22eaebbb7136;79f5ac8d-dfb8-4cf1-bc8a-1ecc90cd7b56,49162519,9346f36c-ccc7-4c40-a184-3be3b50fa753
R10,Colesville & Silver Spring,16,R10-S16,Georgia Ave & Shorefield Rd,39.053035,-77.051012,stoplight,,,415,MD/DC,True,50,Set back from the corner so drivers stopped at the light can read it.,R10-G2,Arcola Ave & Amherst Ave,4,8.73,3,0.58,2.0,0.15,3.0,True,stoplight,R10-G2,70,traffic light here (OpenStreetMap); 23 storefronts within 150 m (strip center); entrance to a neighborhood of about 1793 homes with 116 entrances; on a main road; 70 large homes and 415 houses within 800 m,,582342560;49234292,74c539d7-0774-4504-ac4c-7df6e8eb2b09
R10,Colesville & Silver Spring,17,R10-S17,Georgia Ave & Glenmont Cir,39.056804,-77.049845,busy intersection,,,315,MD/DC,True,50,,R10-G2,Arcola Ave & Amherst Ave,5,3.27,3,0.28,0,0,0,False,quarter-mile on Georgia Avenue,R10-G2,33,on a main road; 33 large homes and 315 houses within 800 m,,,d0ff52a6-49e8-4afe-8693-39001d870f90
R10,Colesville & Silver Spring,18,R10-S18,Randolph Rd & Glenmont Cir,39.05907,-77.047705,stoplight,,,215,MD/DC,True,50,Set back from the corner so drivers stopped at the light can read it.,R10-G2,Arcola Ave & Amherst Ave,6,6.23,3,0.23,0,0,3.0,True,top score,R10-G2,28,traffic light here (OpenStreetMap); on a main road; 28 large homes and 215 houses within 800 m,,7520762150;5552505385;7520762151;7520762134,cf9b7274-b897-4541-bd36-d655308e4915
R10,Colesville & Silver Spring,19,R10-S19,Randolph Rd & Glenallan Ave,39.060496,-77.044863,stoplight,,,305,MD/DC,True,50,Set back from the corner so drivers stopped at the light can read it.,R10-G2,Arcola Ave & Amherst Ave,7,6.35,3,0.35,0,0,3.0,True,stoplight,R10-G2,42,traffic light here (OpenStreetMap); on a main road; 42 large homes and 305 houses within 800 m,,49165261;1193745354,5d813c79-8fea-41c8-b9bf-fdb0ca1a7686
R10,Colesville & Silver Spring,20,R10-S20,Georgia Ave & Layhill Rd,39.060228,-77.051048,stoplight,,,237,MD/DC,True,50,Set back from the corner so drivers stopped at the light can read it.,R10-G2,Arcola Ave & Amherst Ave,8,8.18,3,0.18,2.0,0,3.0,True,stoplight,R10-G2,22,traffic light here (OpenStreetMap); 13 storefronts within 150 m (strip center); on a main road; 22 large homes and 237 houses within 800 m,,49242716;49234321;1193729507,1b887e6a-4aac-4d73-b4c8-a4940f579c27
R10,Colesville & Silver Spring,21,R10-S21,Layhill Rd & Glenallan Ave,39.063252,-77.050399,stoplight,,,329,MD/DC,True,50,Set back from the corner so drivers stopped at the light can read it.,R10-G2,Arcola Ave & Amherst Ave,9,5.92,2.5,0.42,0,0,3.0,True,stoplight,R10-G2,51,traffic light here (OpenStreetMap); on a busy road; 51 large homes and 329 houses within 800 m,,49165271;1193729488,50162fc5-57cd-48f7-b492-1f390242eb39
R10,Colesville & Silver Spring,22,R10-S22,Layhill Rd & Briggs Rd,39.069176,-77.04582,stoplight,Pilgrim Church,91,720,MD/DC,True,50,Set back from the corner so drivers stopped at the light can read it.,R10-G3,Layhill & Briggs,1,8.12,2.5,0.59,1.5,0.53,3.0,True,stoplight,R10-G3,71,traffic light here (OpenStreetMap); Pilgrim Church (church) is 91 m away; entrance to a neighborhood of about 159 homes with 3 entrances; on a busy road; 71 large homes and 720 houses within 800 m,a2649612-4d64-4605-886b-e39c5ab461f8,1193729535;49242741,4b05d310-b07c-483a-9772-c897b0f523df
R10,Colesville & Silver Spring,23,R10-S23,Hathaway Dr & Ewood Ln,39.075382,-77.048835,private school,Barrie School,253,813,MD/DC,True,50,"Use the public corner near the school, not school grounds.",R10-G3,Layhill & Briggs,2,6.21,2,0.57,3.0,0.64,0,False,school,R10-G3,68,Barrie School (private school) is 253 m away; entrance to a neighborhood of about 64 homes with 1 entrances; on a collector road; 68 large homes and 813 houses within 800 m,09232592-120d-4c86-9fb8-1d951fe54a48,,9291a5ef-4942-42d1-9867-6f6bcddaf26c
R10,Colesville & Silver Spring,24,R10-S24,Layhill Rd & Poplar Run Dr,39.077397,-77.046078,stoplight,,,753,MD/DC,True,50,Set back from the corner so drivers stopped at the light can read it.,R10-G3,Layhill & Briggs,3,6.33,2.5,0.83,0,0,3.0,True,stoplight,R10-G3,100,traffic light here (OpenStreetMap); on a busy road; 100 large homes and 753 houses within 800 m,,1193728857;679416462,66820303-0ee4-41d1-b61c-f501f660cbda
R10,Colesville & Silver Spring,25,R10-S25,Layhill Rd & Middlebridge Dr,39.072837,-77.045404,neighborhood entrance,Glenfield Local Park,219,899,MD/DC,True,50,,R10-G3,Layhill & Briggs,4,5.06,2.5,0.62,1.0,0.94,0,False,quarter-mile on Layhill Road,R10-G3,75,Glenfield Local Park (park / playground) is 219 m away; entrance to a neighborhood of about 189 homes with 2 entrances; on a busy road; 75 large homes and 899 houses within 800 m,9c2048dd-2698-4bf2-9ed8-ad61586e682a,,cee6b140-45fd-4667-8eeb-204b388fdfc7
R10,Colesville & Silver Spring,26,R10-S26,Heurich Rd & Billman Ln,39.062114,-77.041234,school,Glenallan Elementary School,90,457,MD/DC,True,50,"Use the public corner near the school, not school grounds.",R10-G3,Layhill & Briggs,5,7.33,2,0.47,3.75,1.11,0,False,school,R10-G3,56,Glenallan Elementary School (school) is 90 m away; Thirst Church (church) is 87 m away; entrance to a neighborhood of about 222 homes with 2 entrances; on a collector road; 56 large homes and 457 houses within 800 m,d09a9499-10eb-4aad-b63b-3b7c6bb1d12b;a3bfddce-566c-487c-8dda-55ab47fc1190,,328e58b8-ca9b-44e4-8419-caecd56f7cf5
R10,Colesville & Silver Spring,27,R10-S27,Randolph Rd & Garden Gate Rd,39.06402,-77.039291,stoplight,,,652,MD/DC,True,50,Set back from the corner so drivers stopped at the light can read it.,R10-G3,Layhill & Briggs,6,6.79,3,0.79,0,0,3.0,True,stoplight,R10-G3,95,traffic light here (OpenStreetMap); on a main road; 95 large homes and 652 houses within 800 m,,49358004;1193745298,f74aed85-7219-4f2c-a9ab-22815522ed05
R10,Colesville & Silver Spring,28,R10-S28,Randolph Rd & Tivoli Lake Blvd,39.065914,-77.034505,stoplight,,,620,MD/DC,True,50,Set back from the corner so drivers stopped at the light can read it.,R10-G3,Layhill & Briggs,7,7.0,3,1.0,0,0,3.0,True,stoplight,R10-G3,120,traffic light here (OpenStreetMap); on a main road; 120 large homes and 620 houses within 800 m,,49293518;1019539143,cb4005a2-bc95-43b8-a397-65e647e78726
R10,Colesville & Silver Spring,29,R10-S29,Randolph Rd & Kemp Mill Rd,39.066443,-77.030356,stoplight,,,507,MD/DC,True,50,Set back from the corner so drivers stopped at the light can read it.,R10-G3,Layhill & Briggs,8,7.27,3,1.27,0,0,3.0,True,stoplight,R10-G3,152,traffic light here (OpenStreetMap); on a main road; 152 large homes and 507 houses within 800 m,,3494305676;3494305675,bacaf7f1-c939-40de-90a2-a3cd5741ac49
R10,Colesville & Silver Spring,30,R10-S30,Randolph Rd & Springtree Dr,39.06598,-77.0225,stoplight,,,404,MD/DC,True,50,Set back from the corner so drivers stopped at the light can read it.,R10-G3,Layhill & Briggs,9,7.9,3,1.23,0,0.68,3.0,True,stoplight,R10-G3,147,traffic light here (OpenStreetMap); entrance to a neighborhood of about 3074 homes with 45 entrances; on a main road; 147 large homes and 404 houses within 800 m,,1193752128;1193752148,91cdcbf3-de4f-4c4b-8acb-b581bdf0f7ad
R10,Colesville & Silver Spring,31,R10-S31,Randolph Rd & Hammonton Pl,39.068825,-77.014951,neighborhood entrance,Korean Baptist Church Of Washington,114,701,MD/DC,True,50,,R10-G4,New Hampshire Ave & Midland,1,7.41,3,2.23,1.5,0.68,0,False,quarter-mile on Randolph Road,R10-G4,268,Korean Baptist Church Of Washington (church) is 114 m away; entrance to a neighborhood of about 3074 homes with 45 entrances; on a main road; 268 large homes and 701 houses within 800 m,ee73c426-f33e-4c63-b4ee-0a30e37146ea,,ad37f9f4-b5ae-426d-baa8-a62445741f6e
R10,Colesville & Silver Spring,32,R10-S32,Randolph Rd & Locksley Ln,39.071546,-77.01139,stoplight,,,639,MD/DC,True,50,Set back from the corner so drivers stopped at the light can read it.,R10-G4,New Hampshire Ave & Midland,2,8.72,3,2.04,0,0.68,3.0,True,stoplight,R10-G4,245,traffic light here (OpenStreetMap); entrance to a neighborhood of about 3074 homes with 45 entrances; on a main road; 245 large homes and 639 houses within 800 m,,1193752134;49298726,1d9b7d15-30ba-4e99-a26d-340f79defdc8
R10,Colesville & Silver Spring,33,R10-S33,Randolph Rd & Sherwood Forest Dr,39.073106,-77.008232,private school,Jamon Montessori Day School,142,660,MD/DC,True,50,"Use the public corner near the school, not school grounds.",R10-G4,New Hampshire Ave & Midland,3,9.27,3,1.84,3.75,0.68,0,False,school,R10-G4,221,Jamon Montessori Day School (private school) is 142 m away; Colesville United Methodist Church (church) is 122 m away; entrance to a neighborhood of about 3074 homes with 45 entrances; on a main road; 221 large homes and 660 houses within 800 m,4aebc69d-898b-450d-8cfd-e1102ce28de2;9fbfd963-3833-46ac-b1e3-1bde0da0e1dc,,e8e4ffaa-f44d-4d96-a740-885b33fe9136
R10,Colesville & Silver Spring,34,R10-S34,New Hampshire Ave & Andrew Dr,39.069486,-77.003258,school,Colesville Learning Center for Children,111,728,MD/DC,True,50,"Use the public corner near the school, not school grounds.",R10-G4,New Hampshire Ave & Midland,4,8.75,3,1.32,3.75,0.68,0,False,school,R10-G4,158,Colesville Learning Center for Children (school) is 111 m away; Colesville Baptist Church (church) is 100 m away; entrance to a neighborhood of about 3074 homes with 45 entrances; on a main road; 158 large homes and 728 houses within 800 m,ea197e05-6450-44ef-ba70-a68d49f0b6ae;c2431537-a49b-4db6-91f9-7ae7f6acdd0a,,20956973-fddb-4a6f-a661-d75a93fa43e4
R10,Colesville & Silver Spring,35,R10-S35,New Hampshire Ave & Wolf Dr,39.073225,-77.002777,stoplight,,,721,MD/DC,True,50,Set back from the corner so drivers stopped at the light can read it.,R10-G4,New Hampshire Ave & Midland,5,10.29,3,1.61,2.0,0.68,3.0,True,stoplight,R10-G4,193,traffic light here (OpenStreetMap); 6 storefronts within 150 m (strip center); entrance to a neighborhood of about 3074 homes with 45 entrances; on a main road; 193 large homes and 721 houses within 800 m,,797787113;797787114,f4723dba-2f79-4b1f-b3a5-ea726dff82d8
R10,Colesville & Silver Spring,36,R10-S36,East Randolph Rd & Clifton Rd,39.075608,-76.998162,neighborhood entrance,The Living Water Int'l Church of Maryland,26,666,MD/DC,True,50,,R10-G4,New Hampshire Ave & Midland,6,6.61,3,1.43,1.5,0.68,0,False,quarter-mile on East Randolph Road,R10-G4,172,The Living Water Int'l Church of Maryland (church) is 26 m away; entrance to a neighborhood of about 3074 homes with 45 entrances; on a main road; 172 large homes and 666 houses within 800 m,472d8d73-d9f4-44e6-af38-b91ed5d935a4,,81afc15e-835d-4b09-a01b-c9b55ce92e83
R10,Colesville & Silver Spring,37,R10-S37,East Randolph Rd & Fairland Rd,39.075439,-76.994002,stoplight,,,769,MD/DC,True,50,Set back from the corner so drivers stopped at the light can read it.,R10-G4,New Hampshire Ave & Midland,7,7.49,3,1.28,0,0.21,3.0,True,stoplight,R10-G4,154,traffic light here (OpenStreetMap); entrance to a neighborhood of about 85 homes with 4 entrances; on a main road; 154 large homes and 769 houses within 800 m,,49305046;823815490,9564cee6-1f55-4694-83ff-bd6f8c24dca4
R10,Colesville & Silver Spring,38,R10-S38,New Hampshire Ave & Colesville Manor Dr,39.085512,-76.999546,private school,Casa de Montessori,93,432,MD/DC,True,50,"Use the public corner near the school, not school grounds.",R10-G4,New Hampshire Ave & Midland,8,9.16,3,1.02,4.75,0.39,0,False,school,R10-G4,122,Casa de Montessori (private school) is 93 m away; Silver Spring Alumni (καψ) (library / rec center) is 135 m away; entrance to a neighborhood of about 117 homes with 3 entrances; on a main road; 122 large homes and 432 houses within 800 m,9c51349a-9190-49a8-b569-4b38ac48eba8;381b558c-b9db-4b52-9410-b08008d884f5;2cd52cf3-e4c8-464c-a5f1-f2ea69508672,,361a32a9-f076-4e2a-9c21-e59b4243adec
R10,Colesville & Silver Spring,39,R10-S39,New Hampshire Ave & Notley Rd,39.080474,-77.001144,stoplight,,,485,MD/DC,True,50,Set back from the corner so drivers stopped at the light can read it.,R10-G4,New Hampshire Ave & Midland,9,7.87,3,1.59,0,0.28,3.0,True,stoplight,R10-G4,191,traffic light here (OpenStreetMap); entrance to a neighborhood of about 142 homes with 5 entrances; on a main road; 191 large homes and 485 houses within 800 m,,797787223;797787221,238340b7-72ed-4b9f-868d-f13e54c5c2fe
R10,Colesville & Silver Spring,40,R10-S40,New Hampshire Ave & Midland Rd,39.07748,-77.001708,stoplight,Giant Food,170,558,MD/DC,True,50,Set back from the corner so drivers stopped at the light can read it.,R10-G4,New Hampshire Ave & Midland,10,10.94,3,1.66,3.0,0.28,3.0,True,stoplight,R10-G4,199,traffic light here (OpenStreetMap); Giant Food (grocery / big-box anchor) is 170 m away; entrance to a neighborhood of about 142 homes with 5 entrances; on a main road; 199 large homes and 558 houses within 800 m,a05de3be-27d3-445a-aa78-55d42d4cd260,797787210;797787209,266b803b-708a-4b89-b0fb-fd0f05ae0cf0
R10,Colesville & Silver Spring,41,R10-S41,Randolph Rd & Vital Way,39.075404,-77.003885,shopping center,Randolph Plaza,47,632,MD/DC,True,50,"Use the corner at the entrance, not the private lot.",R10-G4,New Hampshire Ave & Midland,11,7.72,3,1.72,3.0,0,0,False,quarter-mile on Randolph Road,R10-G4,206,Randolph Plaza (shopping center) is 47 m away; on a main road; 206 large homes and 632 houses within 800 m,5b508118-8fea-4574-9ad6-073fe0b24fd9,,57690a2c-bc40-4e51-b4a1-4e5ea933ed24
R10,Colesville & Silver Spring,42,R10-S42,Old Forge Rd & Hawkesbury Ln,39.074081,-77.017745,school,Westover Elementary School,70,607,MD/DC,True,50,"Use the public corner near the school, not school grounds.",R10-G4,New Hampshire Ave & Midland,12,5.46,0.5,1.96,3.0,0,0,False,school,R10-G4,235,Westover Elementary School (school) is 70 m away; on a neighborhood street; 235 large homes and 607 houses within 800 m,3ffba7b8-1093-4921-abb6-cb4ef807cc1e,,242cedfb-0724-4346-b70b-71fb76d018c1
R10,Colesville & Silver Spring,43,R10-S43,New Hampshire Ave & Eldrid Dr,39.065638,-77.000454,strip center,Colesville Presbyterian Church,142,786,MD/DC,True,50,"Use the corner at the entrance, not the private lot.",R10-G5,New Hampshire Ave & Jackson,1,8.35,3,1.17,3.5,0.68,0,False,quarter-mile on New Hampshire Avenue,R10-G5,140,Colesville Presbyterian Church (church) is 142 m away; 11 storefronts within 150 m (strip center); entrance to a neighborhood of about 3074 homes with 45 entrances; on a main road; 140 large homes and 786 houses within 800 m,71de9cfc-6326-4ef9-aaff-619e0eef4b48,,fc8650ed-1dde-41c8-b409-b27ce52e9105
R10,Colesville & Silver Spring,44,R10-S44,Valley Brook Dr & Greenhill Dr,39.057979,-77.002876,school,Springbrook High School,240,351,MD/DC,True,50,"Use the public corner near the school, not school grounds.",R10-G5,New Hampshire Ave & Jackson,2,3.53,0.5,1.03,2.0,0,0,False,school,R10-G5,124,Springbrook High School (school) is 240 m away; on a neighborhood street; 124 large homes and 351 houses within 800 m,d8e24093-fd18-4dcf-b97e-80e36a7ef6ec,,e1ace14c-1c47-4895-9ffd-a0998b869d26
R10,Colesville & Silver Spring,45,R10-S45,New Hampshire Ave & Jackson Rd,39.055292,-76.995428,school,Jackson Road Elementary School,337,573,MD/DC,True,50,"Use the public corner near the school, not school grounds.",R10-G5,New Hampshire Ave & Jackson,3,12.03,3,0.86,4.5,0.67,3.0,True,stoplight,R10-G5,103,traffic light here (OpenStreetMap); Jackson Road Elementary School (school) is 337 m away; White Oak Middle School (school) is 110 m away; entrance to a neighborhood of about 534 homes with 8 entrances; on a main road; 103 large homes and 573 houses within 800 m,056f0a50-160e-474b-a3ac-b5b28705c5a5;c0862ba6-ff5e-4575-a10c-f6ef9471695d,797787121;797787122,733f3f75-9bc3-4f96-8cfb-37d201ba67ac
R10,Colesville & Silver Spring,46,R10-S46,New Hampshire Ave & Valley Brook Dr,39.058617,-76.997564,stoplight,,,600,MD/DC,True,50,Set back from the corner so drivers stopped at the light can read it.,R10-G5,New Hampshire Ave & Jackson,4,7.29,3,0.93,0,0.36,3.0,True,stoplight,R10-G5,112,traffic light here (OpenStreetMap); entrance to a neighborhood of about 108 homes with 3 entrances; on a main road; 112 large homes and 600 houses within 800 m,,615895361;797787179,c0d2b9e8-63f7-45c5-92b4-ec7b5255f83a
R10,Colesville & Silver Spring,47,R10-S47,New Hampshire Ave & Venice Dr,39.061611,-76.998375,stoplight,,,670,MD/DC,True,50,Set back from the corner so drivers stopped at the light can read it.,R10-G5,New Hampshire Ave & Jackson,5,7.71,3,1.02,0,0.68,3.0,True,stoplight,R10-G5,123,traffic light here (OpenStreetMap); entrance to a neighborhood of about 3074 homes with 45 entrances; on a main road; 123 large homes and 670 houses within 800 m,,797787173;797787174,6f7ac3e6-ac56-47b7-af14-1bdfd17a5582
R10,Colesville & Silver Spring,48,R10-S48,Clifton Rd & Cannon Rd,39.069503,-76.993896,school,Cannon Road Elementary School,73,973,MD/DC,True,50,"Use the public corner near the school, not school grounds.",R10-G5,New Hampshire Ave & Jackson,6,4.48,0.5,0.98,3.0,0,0,False,school,R10-G5,118,Cannon Road Elementary School (school) is 73 m away; on a neighborhood street; 118 large homes and 973 houses within 800 m,d059146b-b244-4869-9e09-4c05037e48c2,,cc3ea217-7d64-4301-9e32-b198de33033e
R10,Colesville & Silver Spring,49,R10-S49,East Randolph Rd & Broadmore Rd,39.072181,-76.988822,stoplight,,,1055,MD/DC,True,50,Set back from the corner so drivers stopped at the light can read it.,R10-G5,New Hampshire Ave & Jackson,7,7.61,3,0.93,0,0.68,3.0,True,stoplight,R10-G5,112,traffic light here (OpenStreetMap); entrance to a neighborhood of about 3074 homes with 45 entrances; on a main road; 112 large homes and 1055 houses within 800 m,,49229525,eadff89a-085f-4718-8650-b70a402c5c43
R10,Colesville & Silver Spring,50,R10-S50,East Randolph Rd & Tamarack Rd,39.067775,-76.985794,stoplight,,,996,MD/DC,True,50,Set back from the corner so drivers stopped at the light can read it.,R10-G5,New Hampshire Ave & Jackson,8,6.52,3,0.52,0,0,3.0,True,stoplight,R10-G5,62,traffic light here (OpenStreetMap); on a main road; 62 large homes and 996 houses within 800 m,,4057589160,dffcedf0-e4e3-4d38-a6ba-84b74dd033d4
R10,Colesville & Silver Spring,51,R10-S51,East Randolph Rd & Laurie Dr,39.065791,-76.98012,neighborhood entrance,Pilgrim Hills Local Park,163,835,MD/DC,True,50,,R10-G5,New Hampshire Ave & Jackson,9,5.95,3,0.27,2.0,0.68,0,False,quarter-mile on East Randolph Road,R10-G5,32,Pilgrim Hills Local Park (park / playground) is 163 m away; Valley Mill Special Park (park / playground) is 173 m away; entrance to a neighborhood of about 3074 homes with 45 entrances; on a main road; 32 large homes and 835 houses within 800 m,8164e7ac-beeb-488f-8c9b-f0e36b2bf2e9;ceacbf6f-1921-4cae-be41-77832606979e;1ec71611-de69-448e-948e-87a7e3b8bbf6,,a4babf5d-3846-4e60-8b21-a1d1786cd155
R10,Colesville & Silver Spring,52,R10-S52,Tamarack Rd & Northcrest Dr,39.074947,-76.98291,school,William Tyler Page Elementary,21,982,MD/DC,True,50,"Use the public corner near the school, not school grounds.",R10-G5,New Hampshire Ave & Jackson,10,6.27,2,0.55,3.0,0.72,0,False,school,R10-G5,66,William Tyler Page Elementary (school) is 21 m away; entrance to a neighborhood of about 433 homes with 6 entrances; on a collector road; 66 large homes and 982 houses within 800 m,86505fca-5de9-4e49-a15b-85c9a26f8ed0,,1c0e5bb4-b355-4771-a9d2-0906f695110d
R10,Colesville & Silver Spring,53,R10-S53,Fairland Rd & Grasmere Rd,39.077969,-76.986454,swim club / pool,Twin Farms Club,142,874,MD/DC,True,50,,R10-G5,New Hampshire Ave & Jackson,11,5.88,2.5,0.88,2.5,0,0,False,quarter-mile on Fairland Road,R10-G5,105,Twin Farms Club (swim club / pool) is 142 m away; on a busy road; 105 large homes and 874 houses within 800 m,6daf98fe-79cf-4a8b-b604-2e160aa80ace,,efd68cf7-778c-473f-a145-37a42cd65c1f
R10,Colesville & Silver Spring,54,R10-S54,New Hampshire Ave & Nora Dr,39.050643,-76.993416,neighborhood entrance,Our Lady of Vietnam Parish,155,571,MD/DC,True,50,,R10-G6,New Hampshire Ave & Lockwood,1,6.14,3,0.97,1.5,0.67,0,False,quarter-mile on New Hampshire Avenue,R10-G6,116,Our Lady of Vietnam Parish (church) is 155 m away; entrance to a neighborhood of about 534 homes with 8 entrances; on a main road; 116 large homes and 571 houses within 800 m,7f86ac4c-c5ca-4333-8271-00bec9b467df,,4900fb3f-a3c9-4b1c-aada-7aaae901ef75
R10,Colesville & Silver Spring,55,R10-S55,New Hampshire Ave & Heartfields Dr,39.047692,-76.992784,stoplight,White Oak Library,85,558,MD/DC,True,50,Set back from the corner so drivers stopped at the light can read it.,R10-G6,New Hampshire Ave & Lockwood,2,9.41,3,0.97,2.0,0.44,3.0,True,stoplight,R10-G6,117,traffic light here (OpenStreetMap); White Oak Library (library / rec center) is 85 m away; entrance to a neighborhood of about 178 homes with 4 entrances; on a main road; 117 large homes and 558 houses within 800 m,8264bd22-7645-4208-9dd6-85bebbb1c7bc,49262490;329654981,c5a9495c-8dbc-4521-82aa-96018fe7eebf
R10,Colesville & Silver Spring,56,R10-S56,Columbia Pike & Stewart Ln,39.046585,-76.986995,stoplight,,,482,MD/DC,True,50,Set back from the corner so drivers stopped at the light can read it.,R10-G6,New Hampshire Ave & Lockwood,3,6.87,3,0.87,0,0,3.0,True,stoplight,R10-G6,104,traffic light here (OpenStreetMap); on a highway; 104 large homes and 482 houses within 800 m,,764609490;49229624,8e4ffa4a-0957-4fea-83da-092107abaab0
R10,Colesville & Silver Spring,57,R10-S57,New Hampshire Ave & Lockwood Dr,39.039856,-76.990581,stoplight,White Oak Shopping Center,221,246,MD/DC,True,50,Set back from the corner so drivers stopped at the light can read it.,R10-G6,New Hampshire Ave & Lockwood,4,11.18,3,0.68,4.5,0,3.0,True,stoplight,R10-G6,82,traffic light here (OpenStreetMap); White Oak Shopping Center (shopping center) is 221 m away; Giant Food (grocery / big-box anchor) is 186 m away; on a main road; 82 large homes and 246 houses within 800 m,cf8aac04-0a1c-4c9b-b414-26e782b59a4f;c3c527d9-ea92-4430-a84a-8d9121ff0d36,667224549;11181240211;49164261;11181240210;1571526059;824020853,dbdc871e-c20d-48bd-b083-4338b84056be
R10,Colesville & Silver Spring,58,R10-S58,Columbia Pike & Prelude Dr,39.039406,-76.997831,stoplight,,,599,MD/DC,True,50,Set back from the corner so drivers stopped at the light can read it.,R10-G6,New Hampshire Ave & Lockwood,5,7.44,3,1.1,0,0.34,3.0,True,stoplight,R10-G6,132,traffic light here (OpenStreetMap); entrance to a neighborhood of about 170 homes with 5 entrances; on a highway; 132 large homes and 599 houses within 800 m,,10606707258;10606707257;10606707259,2ae1469b-5392-477b-a862-4934c904494d
R10,Colesville & Silver Spring,59,R10-S59,Columbia Pike & Burnt Mills Ave,39.036259,-77.000065,stoplight,,,631,MD/DC,True,50,Set back from the corner so drivers stopped at the light can read it.,R10-G6,New Hampshire Ave & Lockwood,6,7.45,3,1.18,0,0.27,3.0,True,stoplight,R10-G6,142,traffic light here (OpenStreetMap); entrance to a neighborhood of about 619 homes with 23 entrances; on a highway; 142 large homes and 631 houses within 800 m,,1295629750;49229602,0b76c5ae-af5e-4c51-83cb-afe149a621e0
R10,Colesville & Silver Spring,60,R10-S60,Columbia Pike & Lockwood Dr,39.033769,-77.002271,stoplight,,,640,MD/DC,True,50,Set back from the corner so drivers stopped at the light can read it.,R10-G6,New Hampshire Ave & Lockwood,7,9.06,3,1.06,2.0,0,3.0,True,stoplight,R10-G6,127,traffic light here (OpenStreetMap); 17 storefronts within 150 m (strip center); on a highway; 127 large homes and 640 houses within 800 m,,711252180;49229598,b7cd4eee-34c8-4e0b-a34c-e9c64d2385cb
R11,Mount Vernon & Fort Hunt,1,R11-S01,Beacon Hill Rd & Derrell Ct,38.770816,-77.072807,private school,Springbank Aud. @ West Potomac High School,328,607,VA,True,50,"Use the public corner near the school, not school grounds.",R11-G1,Richmond Hwy & Lockheed Blvd,1,7.48,2.5,0.48,4.5,0,0,False,school,R11-G1,58,Springbank Aud. @ West Potomac High School (private school) is 328 m away; West Potomac High School (school) is 397 m away; on a busy road; 58 large homes and 607 houses within 800 m,957148ac-1e5f-4dea-9f34-27f168373ec0;c608e764-5665-4017-8191-fa508960800f;fddd3918-64d1-4e1e-a6b0-1a4f54608b85,,b5372a2b-e766-4d9d-a958-cc95e9f0f7e6
R11,Mount Vernon & Fort Hunt,2,R11-S02,University Dr & Canterbury Ln,38.766137,-77.074714,school,Bucknell Elementary School,100,589,VA,True,50,"Use the public corner near the school, not school grounds.",R11-G1,Richmond Hwy & Lockheed Blvd,2,4.27,0.5,0.77,3.0,0,0,False,school,R11-G1,92,Bucknell Elementary School (school) is 100 m away; on a neighborhood street; 92 large homes and 589 houses within 800 m,376afc8d-273d-4aa4-8f7b-34ecbfd48f2f,,218cd27c-577e-4f4d-b29f-3a41487e75af
R11,Mount Vernon & Fort Hunt,3,R11-S03,Popkins Ln & Bryant Towne Ct,38.764696,-77.079099,school,Bryant High School,69,482,VA,True,50,"Use the public corner near the school, not school grounds.",R11-G1,Richmond Hwy & Lockheed Blvd,3,3.16,0.5,0.66,2.0,0,0,False,school,R11-G1,79,Bryant High School (school) is 69 m away; on a neighborhood street; 79 large homes and 482 houses within 800 m,998e44ad-7c17-47c6-beae-65e24c7ab45a,,767733a5-ec9b-44a5-a9ad-3e379b13b9ca
R11,Mount Vernon & Fort Hunt,4,R11-S04,Richmond Hwy & Popkins Ln,38.765918,-77.084029,stoplight,,,466,VA,True,50,Set back from the corner so drivers stopped at the light can read it.,R11-G1,Richmond Hwy & Lockheed Blvd,4,7.21,3,0.68,0,0.53,3.0,True,stoplight,R11-G1,82,traffic light here (OpenStreetMap); entrance to a neighborhood of about 1845 homes with 35 entrances; on a highway; 82 large homes and 466 houses within 800 m,,63769204;1533619006;1533619005;63678593,1d9eea15-7c06-4686-9f4e-9c77bbc52098
R11,Mount Vernon & Fort Hunt,5,R11-S05,Richmond Hwy & Hollyhill Rd,38.762785,-77.084276,church,Mount Vernon Hispanic Church of the Nazarene,217,503,VA,True,50,,R11-G1,Richmond Hwy & Lockheed Blvd,5,5.39,3,0.76,1.5,0.13,0,False,quarter-mile on Richmond Highway,R11-G1,91,Mount Vernon Hispanic Church of the Nazarene (church) is 217 m away; entrance to a neighborhood of about 51 homes with 4 entrances; on a highway; 91 large homes and 503 houses within 800 m,5a55fca0-4ce7-40d8-922e-0e2fd14f0a62,,77e47975-71fe-43e5-ba0a-751ddf59b545
R11,Mount Vernon & Fort Hunt,6,R11-S06,Richmond Hwy & Lockheed Blvd,38.759021,-77.08376,school,Walt Whitman Middle School,66,365,VA,True,50,"Use the public corner near the school, not school grounds.",R11-G1,Richmond Hwy & Lockheed Blvd,6,11.61,3,0.57,5.0,0.04,3.0,True,stoplight,R11-G1,69,traffic light here (OpenStreetMap); Walt Whitman Middle School (school) is 66 m away; 14 storefronts within 150 m (strip center); entrance to a neighborhood of about 36 homes with 8 entrances; on a highway; 69 large homes and 365 houses within 800 m,7d16c86e-fa99-4c66-8c45-ee66c4547f47,63522024;1533618977,c927d8c9-286e-46ec-b7d0-f949d70d01ca
R11,Mount Vernon & Fort Hunt,7,R11-S07,Lockheed Blvd & Tavenner Ln,38.759696,-77.08968,school,Hybla Valley Elementary School,117,411,VA,True,50,"Use the public corner near the school, not school grounds.",R11-G1,Richmond Hwy & Lockheed Blvd,7,5.67,2,0.67,3.0,0,0,False,school,R11-G1,80,Hybla Valley Elementary School (school) is 117 m away; on a collector road; 80 large homes and 411 houses within 800 m,468349eb-9500-47e4-999f-e0add1ee5b78,,eeb41990-3e8e-4a80-8197-becfdbab525f
R11,Mount Vernon & Fort Hunt,8,R11-S08,Harrison Ln & Polins Ct,38.765228,-77.094384,school,Groveton Elementary School,399,546,VA,True,50,"Use the public corner near the school, not school grounds.",R11-G1,Richmond Hwy & Lockheed Blvd,8,7.42,2,0.67,4.5,0.25,0,False,school,R11-G1,80,Groveton Elementary School (school) is 399 m away; Woodlawn Faith Church (church) is 92 m away; entrance to a neighborhood of about 25 homes with 1 entrances; on a collector road; 80 large homes and 546 houses within 800 m,71d0f422-ae0f-4ce9-9dc5-7ec297609af3;8cdb5b86-4532-4377-b981-5aaa2435bfc6;09b89776-5f02-4cb3-95d8-f1b5914651f7,,12618b12-fa1c-4a8f-880f-df18bcf60d04
R11,Mount Vernon & Fort Hunt,9,R11-S09,Richmond Hwy & Memorial St,38.76971,-77.081964,stoplight,Simply Wireless-Beacon Mall,296,528,VA,True,50,Set back from the corner so drivers stopped at the light can read it.,R11-G1,Richmond Hwy & Lockheed Blvd,9,9.54,3,0.54,3.0,0,3.0,True,stoplight,R11-G1,65,traffic light here (OpenStreetMap); Simply Wireless-Beacon Mall (shopping center) is 296 m away; on a highway; 65 large homes and 528 houses within 800 m,f92cab83-7711-4735-98f0-e197d4162e6e,7797311426;7797311423;7797311424;7797311425,90545491-8437-4c29-ba03-dc15cbf9e0e4
R11,Mount Vernon & Fort Hunt,10,R11-S10,Fort Hunt Rd & Wake Forest Dr,38.767881,-77.059795,neighborhood entrance,,,481,VA,True,50,,R11-G2,Fort Hunt & Paul Spring,1,4.12,2.5,1.0,0,0.62,0,False,quarter-mile on Fort Hunt Road,R11-G2,120,entrance to a neighborhood of about 124 homes with 2 entrances; on a busy road; 120 large homes and 481 houses within 800 m,,,01696422-b6d6-4e9d-8cf5-2b2f8e7ea876
R11,Mount Vernon & Fort Hunt,11,R11-S11,Fort Hunt Rd & Westgrove Blvd,38.763602,-77.059746,neighborhood entrance,,,694,VA,True,50,,R11-G2,Fort Hunt & Paul Spring,2,4.92,2.5,1.89,0,0.53,0,False,quarter-mile on Fort Hunt Road,R11-G2,227,entrance to a neighborhood of about 1845 homes with 35 entrances; on a busy road; 227 large homes and 694 houses within 800 m,,,0690ed36-f02a-4104-b8c6-84289c2d79ef
R11,Mount Vernon & Fort Hunt,12,R11-S12,Fort Hunt Rd & Paul Spring Rd,38.760312,-77.059364,swim club / pool,Hollin Hills Pool,46,823,VA,True,50,,R11-G2,Fort Hunt & Paul Spring,3,8.2,2.5,2.67,2.5,0.53,0,False,quarter-mile on Fort Hunt Road,R11-G2,320,Hollin Hills Pool (swim club / pool) is 46 m away; entrance to a neighborhood of about 1845 homes with 35 entrances; on a busy road; 320 large homes and 823 houses within 800 m,b9c4b700-54cf-4d18-9bf6-759c337bf9ae,,05309670-0bdf-4b26-afaf-85b8d89d3481
R11,Mount Vernon & Fort Hunt,13,R11-S13,Windmill Ln & Windmill Ct,38.755488,-77.065193,private school,The River Farm Forest School,204,733,VA,True,50,"Use the public corner near the school, not school grounds.",R11-G2,Fort Hunt & Paul Spring,4,5.96,0.5,1.71,3.75,0,0,False,school,R11-G2,205,The River Farm Forest School (private school) is 204 m away; Fort Hunt Preschool (preschool) is 155 m away; on a neighborhood street; 205 large homes and 733 houses within 800 m,b1c9a88d-0056-484c-b5aa-d0f77c3ed36e;58c6eae5-cf59-4a0f-865c-0fa53a6a8ef0,,f3186dac-c07a-44fb-b6e8-8d6af6b41208
R11,Mount Vernon & Fort Hunt,14,R11-S14,Sherwood Hall Ln & Wellington Rd,38.748003,-77.063865,neighborhood entrance,Mount Vernon Presbyterian Church,75,764,VA,True,50,,R11-G2,Fort Hunt & Paul Spring,5,6.46,2.5,1.18,2.25,0.53,0,False,quarter-mile on Sherwood Hall Lane,R11-G2,142,Mount Vernon Presbyterian Church (church) is 75 m away; Mount Vernon Spanish Seventh-Day Adventist Church (church) is 84 m away; entrance to a neighborhood of about 1845 homes with 35 entrances; on a busy road; 142 large homes and 764 houses within 800 m,a66e8d06-65d1-4286-82b5-23512a9ed919;071abc03-6d9b-498b-8a68-1f9f503aef64,,0246a169-cc99-4524-a3db-8a96f3f251b3
R11,Mount Vernon & Fort Hunt,15,R11-S15,Fort Hunt Rd & Paul Spring Pkwy,38.748607,-77.057624,neighborhood entrance,Tauxemont Cooperative Preschool,103,643,VA,True,50,,R11-G2,Fort Hunt & Paul Spring,6,6.3,2.5,1.86,1.5,0.44,0,False,quarter-mile on Fort Hunt Road,R11-G2,223,Tauxemont Cooperative Preschool (preschool) is 103 m away; entrance to a neighborhood of about 529 homes with 12 entrances; on a busy road; 223 large homes and 643 houses within 800 m,9644b05c-8dfe-4d68-902f-bcb4dd7ef805,,fc4deee7-4121-47e6-af77-8f2d11ebe791
R11,Mount Vernon & Fort Hunt,16,R11-S16,George Washington Memorial Pkwy & Northdown Rd,38.749127,-77.049367,busy intersection,,,391,VA,True,50,,R11-G2,Fort Hunt & Paul Spring,7,4.74,3,1.74,0,0,0,False,quarter-mile on George Washington Memorial Parkway,R11-G2,209,on a main road; 209 large homes and 391 houses within 800 m,,,738cce16-cfc8-4a8c-a59c-9077a644a398
R11,Mount Vernon & Fort Hunt,17,R11-S17,Morningside Ln & Park Ter Dr,38.753011,-77.051514,neighborhood entrance,Lamond Park,61,454,VA,True,50,,R11-G2,Fort Hunt & Paul Spring,8,6.04,2.5,2.12,1.0,0.42,0,False,quarter-mile on Morningside Lane,R11-G2,254,Lamond Park (park / playground) is 61 m away; entrance to a neighborhood of about 798 homes with 19 entrances; on a busy road; 254 large homes and 454 houses within 800 m,2ba4e324-3804-4c27-9ddb-42ad1761d745,,bb7c104b-64db-4035-8b49-1b2db926e92d
R11,Mount Vernon & Fort Hunt,18,R11-S18,Sherwood Hall Ln & Morningside Ln,38.752549,-77.057257,stoplight,,,641,VA,True,50,Set back from the corner so drivers stopped at the light can read it.,R11-G2,Fort Hunt & Paul Spring,9,7.92,2.5,2.42,0,0,3.0,True,stoplight,R11-G2,290,traffic light here (OpenStreetMap); on a busy road; 290 large homes and 641 houses within 800 m,,63502029,4d1c0230-2982-440a-8e04-f41cd7438abc
R11,Mount Vernon & Fort Hunt,19,R11-S19,Fort Hunt Rd & Mason Hill Dr,38.75532,-77.057376,neighborhood entrance,Belle View Baptist Church,103,680,VA,True,50,,R11-G2,Fort Hunt & Paul Spring,10,7.08,2.5,2.55,1.5,0.53,0,False,top score,R11-G2,306,Belle View Baptist Church (church) is 103 m away; entrance to a neighborhood of about 1845 homes with 35 entrances; on a busy road; 306 large homes and 680 houses within 800 m,7fc08a26-9e98-46db-8976-507295058347,,77b8b55b-0cb2-4ca0-a534-b5832f203b57
R11,Mount Vernon & Fort Hunt,20,R11-S20,George Washington Memorial Pkwy & Tulane Dr,38.765893,-77.053624,busy intersection,,,385,VA,True,50,,R11-G2,Fort Hunt & Paul Spring,11,4.29,3,1.29,0,0,0,False,quarter-mile on George Washington Memorial Parkway,R11-G2,155,on a main road; 155 large homes and 385 houses within 800 m,,,9d8bd8e1-7b3e-4c65-b99a-bb644515ab6e
R11,Mount Vernon & Fort Hunt,21,R11-S21,Sherwood Hall Ln & Kirkside Dr,38.745971,-77.069226,neighborhood entrance,,,800,VA,True,50,,R11-G3,Fordson & Joseph Makell Ct,1,4.19,2.5,1.16,0,0.53,0,False,quarter-mile on Sherwood Hall Lane,R11-G3,139,entrance to a neighborhood of about 1845 homes with 35 entrances; on a busy road; 139 large homes and 800 houses within 800 m,,,ead41cd4-8177-460e-a8eb-369c1b690a9e
R11,Mount Vernon & Fort Hunt,22,R11-S22,Parkers Ln & Lynnfield Dr,38.739273,-77.074156,school,Whitman Middle School,253,614,VA,True,50,"Use the public corner near the school, not school grounds.",R11-G3,Fordson & Joseph Makell Ct,2,6.52,2.5,0.68,3.0,0.34,0,False,school,R11-G3,82,Whitman Middle School (school) is 253 m away; entrance to a neighborhood of about 102 homes with 3 entrances; on a busy road; 82 large homes and 614 houses within 800 m,8ef08e63-c0c1-466c-b593-c3d9ae7ceef6,,30752232-8a4d-45d9-8ed3-914c72a94854
R11,Mount Vernon & Fort Hunt,23,R11-S23,Sherwood Hall Ln & Parkers Ln,38.743243,-77.076881,stoplight,,,576,VA,True,50,Set back from the corner so drivers stopped at the light can read it.,R11-G3,Fordson & Joseph Makell Ct,3,6.45,2.5,0.95,0,0,3.0,True,stoplight,R11-G3,114,traffic light here (OpenStreetMap); on a busy road; 114 large homes and 576 houses within 800 m,,63822145,5a791352-9c19-431b-8c85-4ac0ec428f61
R11,Mount Vernon & Fort Hunt,24,R11-S24,Sherwood Hall Ln & Fordson Rd,38.743434,-77.081095,stoplight,Bethlehem Baptist Church,51,349,VA,True,50,Set back from the corner so drivers stopped at the light can read it.,R11-G3,Fordson & Joseph Makell Ct,4,7.93,2.5,0.68,1.5,0.25,3.0,True,quarter-mile on Sherwood Hall Lane,R11-G3,82,traffic light here (OpenStreetMap); Bethlehem Baptist Church (church) is 51 m away; entrance to a neighborhood of about 50 homes with 2 entrances; on a busy road; 82 large homes and 349 houses within 800 m,0c101be3-d296-401e-bc18-53d8f68b7c6a,63778214,7c76128c-a071-48a1-b4aa-01097c7d7595
R11,Mount Vernon & Fort Hunt,25,R11-S25,Fordson Rd & Joseph Makell Ct,38.747277,-77.081596,swim club / pool,Aquatic Adventures Scuba Academy,91,377,VA,True,50,,R11-G3,Fordson & Joseph Makell Ct,5,9.42,2,1.06,6.0,0.36,0,False,top score,R11-G3,127,Aquatic Adventures Scuba Academy (swim club / pool) is 91 m away; Woodlawn Church (church) is 86 m away; 7 storefronts within 150 m (strip center); entrance to a neighborhood of about 36 homes with 1 entrances; on a collector road; 127 large homes and 377 houses within 800 m,c4d449a8-13fc-4ac0-a62b-e2044f8ef18e;6cac5876-7261-4ba9-92b8-e321ded427ae;c3a6982a-2108-4eab-a0a8-3729a3841c67,,0ea5d016-0192-4d8d-a2dd-7025358fea6a
R11,Mount Vernon & Fort Hunt,26,R11-S26,Richmond Hwy & Arlington Dr,38.754505,-77.083385,stoplight,,,428,VA,True,50,Set back from the corner so drivers stopped at the light can read it.,R11-G3,Fordson & Joseph Makell Ct,6,8.71,3,0.68,2.0,0.04,3.0,True,stoplight,R11-G3,81,traffic light here (OpenStreetMap); 17 storefronts within 150 m (strip center); entrance to a neighborhood of about 36 homes with 8 entrances; on a highway; 81 large homes and 428 houses within 800 m,,2406620501;63769251;2406592503,17802c2b-0916-482c-bc33-e6fec0ebc18d
R11,Mount Vernon & Fort Hunt,27,R11-S27,Richmond Hwy & Boswell Ave,38.749516,-77.082974,stoplight,,,374,VA,True,50,Set back from the corner so drivers stopped at the light can read it.,R11-G3,Fordson & Joseph Makell Ct,7,8.88,3,0.88,2.0,0,3.0,True,stoplight,R11-G3,105,traffic light here (OpenStreetMap); 23 storefronts within 150 m (strip center); on a highway; 105 large homes and 374 houses within 800 m,,2406592512;63475525,68fb221b-68ba-4d95-8383-f2d035cfaece
R11,Mount Vernon & Fort Hunt,28,R11-S28,Richmond Hwy & Haft Dr,38.744231,-77.084269,stoplight,,,256,VA,True,50,Set back from the corner so drivers stopped at the light can read it.,R11-G3,Fordson & Joseph Makell Ct,8,8.53,3,0.53,2.0,0,3.0,True,stoplight,R11-G3,63,traffic light here (OpenStreetMap); 22 storefronts within 150 m (strip center); on a highway; 63 large homes and 256 houses within 800 m,,1534864267;1533619617,9b31c275-b72b-46e0-a496-afa3acc6bcdd
R11,Mount Vernon & Fort Hunt,29,R11-S29,Richmond Hwy & Ladson Ln,38.740552,-77.087309,stoplight,,,301,VA,True,50,Set back from the corner so drivers stopped at the light can read it.,R11-G3,Fordson & Joseph Makell Ct,9,7.08,3,0.67,0,0.41,3.0,True,stoplight,R11-G3,80,traffic light here (OpenStreetMap); entrance to a neighborhood of about 569 homes with 14 entrances; on a highway; 80 large homes and 301 houses within 800 m,,1533618915;63567261,ce523023-4869-46fe-afd4-5d18050d9cb3
R11,Mount Vernon & Fort Hunt,30,R11-S30,San Leandro Pl & Mariposa Pl,38.743817,-77.099411,school,Mount Vernon Woods Elementary School,159,541,VA,True,50,"Use the public corner near the school, not school grounds.",R11-G3,Fordson & Joseph Makell Ct,10,5.01,0.5,1.51,3.0,0,0,False,school,R11-G3,181,Mount Vernon Woods Elementary School (school) is 159 m away; on a neighborhood street; 181 large homes and 541 houses within 800 m,8c263358-b30a-4bb8-88c7-adef6104cf0f,,62b3ee86-8510-46c3-bbc3-9b42fb12f775
R11,Mount Vernon & Fort Hunt,31,R11-S31,Richmond Hwy & Janna Lee Ave,38.736684,-77.093724,stoplight,,,560,VA,True,50,Set back from the corner so drivers stopped at the light can read it.,R11-G4,Richmond Hwy & Mohawk Ln,1,9.49,3,1.49,2.0,0,3.0,True,stoplight,R11-G4,179,traffic light here (OpenStreetMap); 6 storefronts within 150 m (strip center); on a highway; 179 large homes and 560 houses within 800 m,,63769411,912dfdbd-64ab-45ae-a41f-53feb855f3e9
R11,Mount Vernon & Fort Hunt,32,R11-S32,Mount Vernon Memorial Hwy & Sun Up Way,38.736762,-77.090771,busy intersection,,,542,VA,True,50,,R11-G4,Richmond Hwy & Mohawk Ln,2,4.43,3,1.12,0,0.31,0,False,quarter-mile on Mount Vernon Memorial Highway,R11-G4,134,entrance to a neighborhood of about 31 homes with 1 entrances; on a main road; 134 large homes and 542 houses within 800 m,,,133b520e-ba84-438d-96a3-3e07322a8320
R11,Mount Vernon & Fort Hunt,33,R11-S33,Mount Vernon Memorial Hwy & Old Mount Vernon Rd,38.733004,-77.09246,park / playground,Vernon Heights Park,207,642,VA,True,50,,R11-G4,Richmond Hwy & Mohawk Ln,3,4.96,3,0.96,1.0,0,0,False,quarter-mile on Mount Vernon Memorial Highway,R11-G4,115,Vernon Heights Park (park / playground) is 207 m away; on a main road; 115 large homes and 642 houses within 800 m,28f30346-dc1b-42a5-8121-0e6686b78035,,f1492c06-427c-4b0c-b9ce-6e2e41e67983
R11,Mount Vernon & Fort Hunt,34,R11-S34,Old Mount Vernon Rd & Old Vernon Ct,38.730753,-77.093251,private school,Aquinas & Old Town Montessori Schools,97,698,VA,True,50,"Use the public corner near the school, not school grounds.",R11-G4,Richmond Hwy & Mohawk Ln,4,8.27,2.5,0.93,4.5,0.34,0,False,school,R11-G4,112,Aquinas & Old Town Montessori Schools (private school) is 97 m away; Riverside Elementary School (school) is 189 m away; entrance to a neighborhood of about 67 homes with 2 entrances; on a busy road; 112 large homes and 698 houses within 800 m,570985d1-9db5-476a-8bc0-dc4deea01b17;ffd5752b-5527-4b61-b205-b0d1d51a5c42,,161041d4-d5b8-4353-b64e-e5d462024c22
R11,Mount Vernon & Fort Hunt,35,R11-S35,Mount Vernon Memorial Hwy & Battersea Ln,38.727773,-77.091037,neighborhood entrance,,,832,VA,True,50,,R11-G4,Richmond Hwy & Mohawk Ln,5,6.47,3,0.9,0,2.57,0,False,quarter-mile on Mount Vernon Memorial Highway,R11-G4,108,entrance to a neighborhood of about 514 homes with 2 entrances; on a main road; 108 large homes and 832 houses within 800 m,,,f2bbe0cb-8601-447e-9865-fa72797f8389
R11,Mount Vernon & Fort Hunt,36,R11-S36,Old Mount Vernon Rd & Nalls Rd,38.725717,-77.094572,private school,Brentwood Academy,218,701,VA,True,50,"Use the public corner near the school, not school grounds.",R11-G4,Richmond Hwy & Mohawk Ln,6,6.96,2.5,0.93,3.0,0.54,0,False,school,R11-G4,111,Brentwood Academy (private school) is 218 m away; entrance to a neighborhood of about 973 homes with 18 entrances; on a busy road; 111 large homes and 701 houses within 800 m,ec4aff54-f1fe-474f-958c-42b581c9a824,,d42e309f-5f70-4f1c-8b33-1a5986c31563
R11,Mount Vernon & Fort Hunt,37,R11-S37,Mount Vernon Memorial Hwy & Battersea Ln,38.723606,-77.090389,neighborhood entrance,,,754,VA,True,50,,R11-G4,Richmond Hwy & Mohawk Ln,7,7.09,3,1.52,0,2.57,0,False,quarter-mile on Mount Vernon Memorial Highway,R11-G4,182,entrance to a neighborhood of about 514 homes with 2 entrances; on a main road; 182 large homes and 754 houses within 800 m,,,b3263bb5-a1e0-4e86-9638-148aa3c816c8
R11,Mount Vernon & Fort Hunt,38,R11-S38,Mount Vernon Memorial Hwy & Wessynton Way,38.718638,-77.089499,neighborhood entrance,,,505,VA,True,50,,R11-G4,Richmond Hwy & Mohawk Ln,8,4.99,3,1.46,0,0.53,0,False,quarter-mile on Mount Vernon Memorial Highway,R11-G4,175,entrance to a neighborhood of about 158 homes with 3 entrances; on a main road; 175 large homes and 505 houses within 800 m,,,11da3891-7096-4f2f-a5eb-9e7b1a778270
R11,Mount Vernon & Fort Hunt,39,R11-S39,Old Mount Vernon Rd & Surrey Dr,38.719256,-77.095686,school,Woodley Hills Elementary School,109,549,VA,True,50,"Use the public corner near the school, not school grounds.",R11-G4,Richmond Hwy & Mohawk Ln,9,6.76,2.5,1.26,3.0,0,0,False,school,R11-G4,151,Woodley Hills Elementary School (school) is 109 m away; on a busy road; 151 large homes and 549 houses within 800 m,5a98f91d-3ed8-4814-ae16-a453c6c57427,,d9c488d8-b42f-41f9-b098-9da001eb2db0
R11,Mount Vernon & Fort Hunt,40,R11-S40,Richmond Hwy & Buckman Rd,38.729403,-77.10732,stoplight,,,485,VA,True,50,Set back from the corner so drivers stopped at the light can read it.,R11-G4,Richmond Hwy & Mohawk Ln,10,8.74,3,0.74,2.0,0,3.0,True,stoplight,R11-G4,89,traffic light here (OpenStreetMap); 18 storefronts within 150 m (strip center); on a highway; 89 large homes and 485 houses within 800 m,,3659160275;63626142,947a30d8-68a5-4730-9321-24410486d601
R11,Mount Vernon & Fort Hunt,41,R11-S41,Richmond Hwy & Mohawk Ln,38.731381,-77.103551,stoplight,Edmonds Nursery & Produce,51,503,VA,True,50,Set back from the corner so drivers stopped at the light can read it.,R11-G4,Richmond Hwy & Mohawk Ln,11,12.86,3,0.82,5.5,0.54,3.0,True,stoplight,R11-G4,98,traffic light here (OpenStreetMap); Edmonds Nursery & Produce (garden center / hardware) is 51 m away; The Vine Preschool (preschool) is 291 m away; 10 storefronts within 150 m (strip center); entrance to a neighborhood of about 973 homes with 18 entrances; on a highway; 98 large homes and 503 houses within 800 m,3eb83d23-d315-4b46-8bdd-32817cd84b97;7924dc09-f474-4542-b473-b31f0404cdb6;44f9e1ed-8067-400c-a7bb-026c84f0161d,63769493,f8cee0fc-9889-475c-a54d-1fad7436a7b8
R11,Mount Vernon & Fort Hunt,42,R11-S42,Richmond Hwy & Russell Rd,38.733066,-77.100405,stoplight,,,545,VA,True,50,Set back from the corner so drivers stopped at the light can read it.,R11-G4,Richmond Hwy & Mohawk Ln,12,9.35,3,1.17,2.0,0.18,3.0,True,stoplight,R11-G4,140,traffic light here (OpenStreetMap); 16 storefronts within 150 m (strip center); entrance to a neighborhood of about 70 homes with 4 entrances; on a highway; 140 large homes and 545 houses within 800 m,,63769469,c4d60352-9479-47c1-b56a-4fcf3552941f
R11,Mount Vernon & Fort Hunt,43,R11-S43,Riverside Rd & Stirrup Ln,38.726912,-77.067978,school,Fairfax County Public Schools,153,1103,VA,True,50,"Use the public corner near the school, not school grounds.",R11-G5,Riverside & Stirrup Ln,1,7.05,2,0.97,3.5,0.58,0,False,school,R11-G5,116,Fairfax County Public Schools (school) is 153 m away; Stratford Landing Park (park / playground) is 168 m away; entrance to a neighborhood of about 1511 homes with 26 entrances; on a collector road; 116 large homes and 1103 houses within 800 m,9b28c9af-feba-46b7-a4d3-f1e65a858ee5;afea3e5c-56f9-4756-a984-66c201877035,,f7c17a7f-a034-417f-850c-5bf91ee2e44f
R11,Mount Vernon & Fort Hunt,44,R11-S44,Waynewood Blvd & Crown Pl,38.725592,-77.055502,school,Waynewood Elementary School,88,1101,VA,True,50,"Use the public corner near the school, not school grounds.",R11-G5,Riverside & Stirrup Ln,2,6.61,2,1.02,3.0,0.58,0,False,school,R11-G5,123,Waynewood Elementary School (school) is 88 m away; entrance to a neighborhood of about 1511 homes with 26 entrances; on a collector road; 123 large homes and 1101 houses within 800 m,ccc12bb9-11a7-4ada-a656-4d757655e8f1,,6c7fb06e-3ba6-4d47-8bad-25b25d5f50b5
R11,Mount Vernon & Fort Hunt,45,R11-S45,Fort Hunt Rd & Elkin St,38.721989,-77.060759,busy intersection,,,925,VA,True,50,,R11-G5,Riverside & Stirrup Ln,3,3.47,2.5,0.97,0,0,0,False,quarter-mile on Elkin Street,R11-G5,116,on a busy road; 116 large homes and 925 houses within 800 m,,,bff7fa5f-a580-4622-95e9-0bd107e715c5
R11,Mount Vernon & Fort Hunt,46,R11-S46,Vernon View Dr & Fort Hunt Rd,38.719288,-77.061432,busy intersection,,,823,VA,True,50,,R11-G5,Riverside & Stirrup Ln,4,3.8,2.5,1.3,0,0,0,False,quarter-mile on Fort Hunt Road,R11-G5,156,on a busy road; 156 large homes and 823 houses within 800 m,,,eae66de7-da5c-454d-ab6f-caf250039a21
R11,Mount Vernon & Fort Hunt,47,R11-S47,Linton Ln & Toll Bridge Ct,38.719563,-77.065198,school,Fort Hunt Elementary School,114,988,VA,True,50,"Use the public corner near the school, not school grounds.",R11-G5,Riverside & Stirrup Ln,5,6.6,2,1.6,3.0,0,0,False,school,R11-G5,192,Fort Hunt Elementary School (school) is 114 m away; on a collector road; 192 large homes and 988 houses within 800 m,3f952b72-2081-433d-a6cb-7a06569a26b9,,20385121-09ea-4a87-8438-74adcf69aa93
R11,Mount Vernon & Fort Hunt,48,R11-S48,Vernon View Dr & Teresa Ann Ct,38.717251,-77.0628,busy intersection,,,801,VA,True,50,,R11-G5,Riverside & Stirrup Ln,6,4.33,2.5,1.69,0,0.14,0,False,quarter-mile on Vernon View Drive,R11-G5,203,entrance to a neighborhood of about 28 homes with 2 entrances; on a busy road; 203 large homes and 801 houses within 800 m,,,324727d5-7d14-4ed4-add4-c6dca9880b40
R11,Mount Vernon & Fort Hunt,49,R11-S49,Vernon View Dr & Westfield St,38.713451,-77.062545,church,The Church of Jesus Christ of Latter-day Saints,280,527,VA,True,50,,R11-G5,Riverside & Stirrup Ln,7,5.43,2.5,1.25,1.5,0.18,0,False,quarter-mile on Vernon View Drive,R11-G5,150,The Church of Jesus Christ of Latter-day Saints (church) is 280 m away; entrance to a neighborhood of about 234 homes with 13 entrances; on a busy road; 150 large homes and 527 houses within 800 m,4d496c4a-58e1-4a8f-88f2-f92cf75c18fb,,88e3197d-2736-4f60-a29a-4bdbec9132aa
R11,Mount Vernon & Fort Hunt,50,R11-S50,Fort Hunt Rd & Noral Pl,38.727514,-77.057964,school,Carl Sandburg Middle School Hockey Club,31,1066,VA,True,50,"Use the public corner near the school, not school grounds.",R11-G6,Fort Hunt & Shenandoah,1,8.27,2.5,0.96,4.5,0.31,0,False,school,R11-G6,115,Carl Sandburg Middle School Hockey Club (school) is 31 m away; Sandburg Middle School (school) is 289 m away; entrance to a neighborhood of about 31 homes with 1 entrances; on a busy road; 115 large homes and 1066 houses within 800 m,106430c0-f534-4b3e-babc-3bfa43247675;e70fa318-6b2f-4af9-9f7c-afe9f18ce68e,,1bb87ed5-827e-4177-b59e-6a1b95ac31ad
R11,Mount Vernon & Fort Hunt,51,R11-S51,Fort Hunt Rd & Collingwood Rd,38.73336,-77.055682,stoplight,Aldersgate United Methodist Church,71,957,VA,True,50,Set back from the corner so drivers stopped at the light can read it.,R11-G6,Fort Hunt & Shenandoah,2,8.32,2.5,1.32,1.5,0,3.0,True,stoplight,R11-G6,159,traffic light here (OpenStreetMap); Aldersgate United Methodist Church (church) is 71 m away; on a busy road; 159 large homes and 957 houses within 800 m,bf408532-c3a6-410f-b5f4-8d42dd78cdff,63502132,607cbfb6-db39-4591-b97d-25829c6ec4f7
R11,Mount Vernon & Fort Hunt,52,R11-S52,Collingwood Rd & Cedar Dale Ln,38.73262,-77.051963,busy intersection,,,936,VA,True,50,,R11-G6,Fort Hunt & Shenandoah,3,3.91,2.5,1.41,0,0,0,False,quarter-mile on Collingwood Road,R11-G6,169,on a busy road; 169 large homes and 936 houses within 800 m,,,e0700aa9-b363-4b4d-bd92-da75bd95c111
R11,Mount Vernon & Fort Hunt,53,R11-S53,George Washington Memorial Pkwy & Collingwood Rd,38.732495,-77.047511,busy intersection,,,672,MD/DC,True,50,,R11-G6,Fort Hunt & Shenandoah,4,4.57,3,1.23,0,0.35,0,False,quarter-mile on Collingwood Road,R11-G6,147,entrance to a neighborhood of about 140 homes with 4 entrances; on a main road; 147 large homes and 672 houses within 800 m,,,1a70e53d-89d2-4716-9289-a12b096c0814
R11,Mount Vernon & Fort Hunt,54,R11-S54,George Washington Memorial Pkwy & Wellington Rd,38.73927,-77.04839,busy intersection,,,536,VA,True,50,,R11-G6,Fort Hunt & Shenandoah,5,4.6,3,1.6,0,0,0,False,quarter-mile on George Washington Memorial Parkway,R11-G6,192,on a main road; 192 large homes and 536 houses within 800 m,,,e1e644f1-b2bd-4ce3-a1f7-b4a8e611db69
R11,Mount Vernon & Fort Hunt,55,R11-S55,Fort Hunt Rd & Wellington Rd,38.738705,-77.053777,neighborhood entrance,St Luke's Day School,112,771,VA,True,50,,R11-G6,Fort Hunt & Shenandoah,6,7.53,2.5,1.59,3.0,0.44,0,False,quarter-mile on Fort Hunt Road,R11-G6,191,"St Luke's Day School (preschool) is 112 m away; REV. Gaddiel Acquaah Memorial Methodist Church. VA, USA (church) is 107 m away; entrance to a neighborhood of about 529 homes with 12 entrances; on a busy road; 191 large homes and 771 houses within 800 m",9031a30d-fcb2-4b43-aa28-44022d688801;cbd4a91f-e622-43a3-b0c4-a882a5396a00;9be5a032-3922-4770-90a1-90ca2f0396df,,c2126c8c-aa7b-47ef-b005-2e89cac12207
R11,Mount Vernon & Fort Hunt,56,R11-S56,Fort Hunt Rd & Shenandoah Rd,38.742327,-77.056133,stoplight,Village Hardware,84,888,VA,True,50,Set back from the corner so drivers stopped at the light can read it.,R11-G6,Fort Hunt & Shenandoah,7,11.02,2.5,1.52,4.0,0,3.0,True,stoplight,R11-G6,182,traffic light here (OpenStreetMap); Village Hardware (garden center / hardware) is 84 m away; 16 storefronts within 150 m (strip center); on a busy road; 182 large homes and 888 houses within 800 m,b483073b-f2d3-483c-aaad-f029ce780734,63502081,0b0a8571-c133-42a3-9a7c-32acbfea3fdb
R11,Mount Vernon & Fort Hunt,57,R11-S57,Collingwood Rd & Collingwood Ct,38.734578,-77.060508,busy intersection,,,1005,VA,True,50,,R11-G6,Fort Hunt & Shenandoah,8,3.81,2.5,1.05,0,0.26,0,False,quarter-mile on Collingwood Road,R11-G6,126,entrance to a neighborhood of about 26 homes with 1 entrances; on a busy road; 126 large homes and 1005 houses within 800 m,,,85be8e2a-d8a9-4cb0-b7b5-0dee038463d1
R11,Mount Vernon & Fort Hunt,58,R11-S58,Collingwood Rd & William and Mary Dr,38.736157,-77.066884,neighborhood entrance,,,956,VA,True,50,,R11-G6,Fort Hunt & Shenandoah,9,4.22,2.5,0.73,0,0.99,0,False,quarter-mile on Collingwood Road,R11-G6,88,entrance to a neighborhood of about 198 homes with 2 entrances; on a busy road; 88 large homes and 956 houses within 800 m,,,c2fe9582-be1a-45c8-ae13-9166b1d74a87
R11,Mount Vernon & Fort Hunt,59,R11-S59,Collingwood Rd & Candlewood Dr,38.737188,-77.071201,neighborhood entrance,Little Wonders Playschool,32,760,VA,True,50,,R11-G6,Fort Hunt & Shenandoah,10,5.06,2.5,0.58,1.5,0.48,0,False,quarter-mile on Collingwood Road,R11-G6,70,Little Wonders Playschool (preschool) is 32 m away; entrance to a neighborhood of about 95 homes with 2 entrances; on a busy road; 70 large homes and 760 houses within 800 m,8c323b0d-3ac0-4934-8d65-6256be8d1151,,cc378dd4-fd22-4f7d-851c-24178c83dd06
R11,Mount Vernon & Fort Hunt,60,R11-S60,Riverside Rd & Old Stage Rd,38.729166,-77.067387,school,Stratford Landing Elementary School,148,1010,VA,True,50,"Use the public corner near the school, not school grounds.",R11-G6,Fort Hunt & Shenandoah,11,6.38,2,0.8,3.0,0.58,0,False,school,R11-G6,96,Stratford Landing Elementary School (school) is 148 m away; entrance to a neighborhood of about 1511 homes with 26 entrances; on a collector road; 96 large homes and 1010 houses within 800 m,07023b88-0f2b-4c71-8827-c2af9475286b,,ebb88fce-5407-4622-9030-70b461c5e6ab
R12,Herndon & North Reston,1,R12-S01,Leesburg Pike & Utterback Store Rd,38.989811,-77.330044,stoplight,,,370,VA,True,50,Set back from the corner so drivers stopped at the light can read it.,R12-G1,Utterback Store & Loran,1,8.09,3,2.09,0,0,3.0,True,stoplight,R12-G1,251,traffic light here (OpenStreetMap); on a highway; 251 large homes and 370 houses within 800 m,,619352840;63786149,9706d6bd-cfdb-4f5d-bebb-794935117cad
R12,Herndon & North Reston,2,R12-S02,Utterback Store Rd & Loran Rd,38.992837,-77.329347,school,Fairfax County Public Schools,102,317,VA,True,50,"Use the public corner near the school, not school grounds.",R12-G1,Utterback Store & Loran,2,8.6,2,1.77,4.5,0.32,0,False,school,R12-G1,213,Fairfax County Public Schools (school) is 102 m away; Forestville Elementary School (school) is 108 m away; entrance to a neighborhood of about 32 homes with 1 entrances; on a collector road; 213 large homes and 317 houses within 800 m,c3c393f7-73a9-4417-97d0-2845c17f5c9d;4ddc9eab-ce5f-4885-85cd-41c8fcfa8b9d,,bef54f86-f342-4412-b4d9-e6add9f603e9
R12,Herndon & North Reston,3,R12-S03,Georgetown Pike & Utterback Store Rd,38.999784,-77.329552,stoplight,,,316,VA,True,50,Set back from the corner so drivers stopped at the light can read it.,R12-G1,Utterback Store & Loran,3,7.66,3,1.66,0,0,3.0,True,stoplight,R12-G1,199,traffic light here (OpenStreetMap); on a main road; 199 large homes and 316 houses within 800 m,,63510821,b23e11d9-3690-4c13-806a-6b7ad6166ad6
R12,Herndon & North Reston,4,R12-S04,Reston Pkwy & Leesburg Pike,38.994552,-77.336446,stoplight,,,423,VA,True,50,Set back from the corner so drivers stopped at the light can read it.,R12-G1,Utterback Store & Loran,4,8.05,3,2.05,0,0,3.0,True,stoplight,R12-G1,246,traffic light here (OpenStreetMap); on a main road; 246 large homes and 423 houses within 800 m,,842260295;842259863;842260157,2abc31b1-4b2a-44f2-b86f-7c78c9ac5216
R12,Herndon & North Reston,5,R12-S05,Reston Pkwy & Fieldview Dr,38.99144,-77.33796,neighborhood entrance,,,421,VA,True,50,,R12-G1,Utterback Store & Loran,5,5.68,3,1.98,0,0.7,0,False,quarter-mile on Reston Parkway,R12-G1,238,entrance to a neighborhood of about 139 homes with 2 entrances; on a main road; 238 large homes and 421 houses within 800 m,,,8fdf4bcf-94e9-43d4-8f4d-721ab391ea25
R12,Herndon & North Reston,6,R12-S06,Reston Pkwy & Wiehle Ave,38.986552,-77.342635,stoplight,,,470,VA,True,50,Set back from the corner so drivers stopped at the light can read it.,R12-G1,Utterback Store & Loran,6,7.33,3,1.33,0,0,3.0,True,stoplight,R12-G1,160,traffic light here (OpenStreetMap); on a main road; 160 large homes and 470 houses within 800 m,,1057502145;1057556145;1057502608;1057556331,c839328b-a262-4a68-acbf-57c738e71487
R12,Herndon & North Reston,7,R12-S07,Wiehle Ave & Woodbrook Ln,38.983962,-77.3385,busy intersection,,,397,VA,True,50,,R12-G1,Utterback Store & Loran,7,4.09,2.5,1.49,0,0.1,0,False,quarter-mile on Wiehle Avenue,R12-G1,179,entrance to a neighborhood of about 31 homes with 3 entrances; on a busy road; 179 large homes and 397 houses within 800 m,,,9c9311de-a384-47b2-8321-0e13ab6a656a
R12,Herndon & North Reston,8,R12-S08,Wiehle Ave & Center Harbor Rd,38.98128,-77.336544,stoplight,,,412,VA,True,50,Set back from the corner so drivers stopped at the light can read it.,R12-G1,Utterback Store & Loran,8,7.08,2.5,1.58,0,0,3.0,True,stoplight,R12-G1,190,traffic light here (OpenStreetMap); on a busy road; 190 large homes and 412 houses within 800 m,,1057502539;1057555873,5d450766-6dad-404f-b0d0-c87e1d874a28
R12,Herndon & North Reston,9,R12-S09,Wiehle Ave & Longwood Grove Dr,38.978366,-77.335626,busy intersection,,,472,VA,True,50,,R12-G1,Utterback Store & Loran,9,4.71,2.5,1.93,0,0.28,0,False,quarter-mile on Wiehle Avenue,R12-G1,232,entrance to a neighborhood of about 111 homes with 4 entrances; on a busy road; 232 large homes and 472 houses within 800 m,,,d036a0fd-83cf-4ef0-8f59-6b3ee7bfbc4a
R12,Herndon & North Reston,10,R12-S10,Reston Pkwy & Center Harbor Rd,38.980171,-77.347446,stoplight,,,447,VA,True,50,Set back from the corner so drivers stopped at the light can read it.,R12-G2,Reston Pkwy & Center Harbor,1,9.03,3,1.03,2.0,0,3.0,True,stoplight,R12-G2,124,traffic light here (OpenStreetMap); 9 storefronts within 150 m (strip center); on a main road; 124 large homes and 447 houses within 800 m,,8899212651;8899212653;8899212652;842260607,9ba67dbf-0368-4eaa-8371-e91bdd891ba9
R12,Herndon & North Reston,11,R12-S11,Reston Pkwy & Lake Newport Rd,38.97716,-77.349307,stoplight,,,513,VA,True,50,Set back from the corner so drivers stopped at the light can read it.,R12-G2,Reston Pkwy & Center Harbor,2,7.12,3,1.12,0,0,3.0,True,stoplight,R12-G2,135,traffic light here (OpenStreetMap); on a main road; 135 large homes and 513 houses within 800 m,,842259997;842260609,3091c854-2372-4320-b1b0-a86ada256b0b
R12,Herndon & North Reston,12,R12-S12,Reston Pkwy & Deer Forest Rd,38.983574,-77.346184,neighborhood entrance,,,392,VA,True,50,,R12-G2,Reston Pkwy & Center Harbor,3,4.21,3,0.72,0,0.49,0,False,quarter-mile on Reston Parkway,R12-G2,87,entrance to a neighborhood of about 146 homes with 3 entrances; on a main road; 87 large homes and 392 houses within 800 m,,,af995b98-e891-4c84-8828-d1b609174b27
R12,Herndon & North Reston,13,R12-S13,Wiehle Ave & Pellow Cir Trl,38.990799,-77.355346,busy intersection,,,445,VA,True,50,,R12-G2,Reston Pkwy & Center Harbor,4,4.1,2.5,1.3,0,0.3,0,False,quarter-mile on Wiehle Avenue,R12-G2,156,entrance to a neighborhood of about 121 homes with 4 entrances; on a busy road; 156 large homes and 445 houses within 800 m,,,2abdbf8d-a6ba-4076-9da0-5f310b83002d
R12,Herndon & North Reston,14,R12-S14,Fairfax County Pkwy & Wiehle Ave,38.992411,-77.364773,stoplight,,,628,VA,True,50,Set back from the corner so drivers stopped at the light can read it.,R12-G2,Reston Pkwy & Center Harbor,5,6.58,3,0.58,0,0,3.0,True,stoplight,R12-G2,70,traffic light here (OpenStreetMap); on a highway; 70 large homes and 628 houses within 800 m,,932645444;932645405;1057502542;1057502610,af5fc2fd-19ac-4b89-9be3-d6cdfdcb8b49
R12,Herndon & North Reston,15,R12-S15,Fairfax County Pkwy & Sugarland Valley Dr,38.989106,-77.360868,busy intersection,,,617,VA,True,50,,R12-G2,Reston Pkwy & Center Harbor,6,3.96,3,0.85,0,0.11,0,False,quarter-mile on Fairfax County Parkway,R12-G2,102,entrance to a neighborhood of about 33 homes with 3 entrances; on a highway; 102 large homes and 617 houses within 800 m,,,e5ddfd65-f15e-42ca-a1d3-648f0257aa02
R12,Herndon & North Reston,16,R12-S16,Fairfax County Pkwy & Lake Newport Rd,38.979705,-77.360345,stoplight,,,518,VA,True,50,Set back from the corner so drivers stopped at the light can read it.,R12-G2,Reston Pkwy & Center Harbor,7,7.22,3,1.22,0,0,3.0,True,stoplight,R12-G2,146,traffic light here (OpenStreetMap); on a highway; 146 large homes and 518 houses within 800 m,,263860319;1062846768,f3452570-2275-4176-8ede-69367727a1f6
R12,Herndon & North Reston,17,R12-S17,Herndon Pkwy & Reneau Way,38.97006,-77.36993,busy intersection,,,368,VA,True,50,,R12-G2,Reston Pkwy & Center Harbor,8,3.55,2.5,1.05,0,0,0,False,quarter-mile on Herndon Parkway,R12-G2,126,on a busy road; 126 large homes and 368 houses within 800 m,,,7236241c-5f60-42c2-9afb-03a9fb77e80d
R12,Herndon & North Reston,18,R12-S18,Herndon Pkwy & Leona Ln,38.973664,-77.370019,park / playground,Runnymede Park,107,602,VA,True,50,,R12-G3,Reston Pkwy & Baron Cameron Ave,1,5.0,2.5,1.34,1.0,0.16,0,False,quarter-mile on Herndon Parkway,R12-G3,161,Runnymede Park (park / playground) is 107 m away; entrance to a neighborhood of about 31 homes with 2 entrances; on a busy road; 161 large homes and 602 houses within 800 m,8fdde256-34ed-4c3b-adfb-9d923ef24296,,95a4d2e5-a405-4b15-a633-8e836460a4bc
R12,Herndon & North Reston,19,R12-S19,Herndon Pkwy & Grove St,38.96487,-77.371997,stoplight,,,82,VA,True,50,Set back from the corner so drivers stopped at the light can read it.,R12-G3,Reston Pkwy & Baron Cameron Ave,2,5.91,2.5,0.41,0,0,3.0,True,stoplight,R12-G3,49,traffic light here (OpenStreetMap); on a busy road; 49 large homes and 82 houses within 800 m,,1055346762;1055346737;1055346775;1055346776,9130f926-f18f-4155-8194-e2e2ee87a2b3
R12,Herndon & North Reston,20,R12-S20,Elden St & Carlisle Dr,38.966508,-77.368943,stoplight,,,138,VA,True,50,Set back from the corner so drivers stopped at the light can read it.,R12-G3,Reston Pkwy & Baron Cameron Ave,3,8.58,3,0.58,2.0,0,3.0,True,stoplight,R12-G3,70,traffic light here (OpenStreetMap); 34 storefronts within 150 m (strip center); on a main road; 70 large homes and 138 houses within 800 m,,1844687693;10216135727;10216135729;63904361,5048687a-986f-4ad5-abd1-ef8c64b30ee4
R12,Herndon & North Reston,21,R12-S21,Elden St & Baron Cameron Ave,38.966235,-77.364553,stoplight,,,99,VA,True,50,Set back from the corner so drivers stopped at the light can read it.,R12-G3,Reston Pkwy & Baron Cameron Ave,4,6.49,3,0.49,0,0,3.0,True,stoplight,R12-G3,59,traffic light here (OpenStreetMap); on a main road; 59 large homes and 99 houses within 800 m,,1844696399,3e8ab8bc-98fd-42da-b0d0-659f706793ed
R12,Herndon & North Reston,22,R12-S22,Baron Cameron Ave & Town Center Pkwy,38.96607,-77.360191,stoplight,,,121,VA,True,50,Set back from the corner so drivers stopped at the light can read it.,R12-G3,Reston Pkwy & Baron Cameron Ave,5,6.46,3,0.46,0,0,3.0,True,stoplight,R12-G3,55,traffic light here (OpenStreetMap); on a main road; 55 large homes and 121 houses within 800 m,,1843395582;63581599;1843384451,d7c10be0-eeba-48e3-badd-ab53cd586923
R12,Herndon & North Reston,23,R12-S23,Fairfax County Pkwy & Walnut Branch Rd,38.974928,-77.362239,stoplight,,,352,VA,True,50,Set back from the corner so drivers stopped at the light can read it.,R12-G3,Reston Pkwy & Baron Cameron Ave,6,7.18,3,1.18,0,0,3.0,True,stoplight,R12-G3,142,traffic light here (OpenStreetMap); on a highway; 142 large homes and 352 houses within 800 m,,63986056;599164820,e7b42e74-ab49-432a-b1ff-a479e1865f74
R12,Herndon & North Reston,24,R12-S24,Reston Pkwy & Bennington Woods Rd,38.973703,-77.351486,stoplight,,,447,VA,True,50,Set back from the corner so drivers stopped at the light can read it.,R12-G3,Reston Pkwy & Baron Cameron Ave,7,7.11,3,1.11,0,0,3.0,True,stoplight,R12-G3,133,traffic light here (OpenStreetMap); on a main road; 133 large homes and 447 houses within 800 m,,842260565;842260077,7bd27a71-9152-4d70-b921-a78c0fd4c826
R12,Herndon & North Reston,25,R12-S25,Reston Pkwy & Stevenage Rd,38.96926,-77.352375,private school,Community Montessori School,73,378,VA,True,50,"Use the public corner near the school, not school grounds.",R12-G3,Reston Pkwy & Baron Cameron Ave,8,7.75,3,1.0,3.75,0,0,False,school,R12-G3,120,Community Montessori School (private school) is 73 m away; Oakbrook Church (church) is 78 m away; on a main road; 120 large homes and 378 houses within 800 m,529249ac-1f8e-48cf-8e5e-40ad3d9461a6;a710b12f-4952-4f41-8e7d-a71b74887d3c,,4f4e7a4f-85d1-4292-b780-de0b938822af
R12,Herndon & North Reston,26,R12-S26,Baron Cameron Ave & Fountain Dr,38.966406,-77.356664,stoplight,The Spectrum At Reston Town Center,266,220,VA,True,50,Set back from the corner so drivers stopped at the light can read it.,R12-G3,Reston Pkwy & Baron Cameron Ave,9,9.55,3,0.55,3.0,0,3.0,True,quarter-mile on Fountain Drive,R12-G3,66,traffic light here (OpenStreetMap); The Spectrum At Reston Town Center (shopping center) is 266 m away; on a main road; 66 large homes and 220 houses within 800 m,c1d2f7fd-a113-4713-973f-c9ec6894e583,63740870;1843395654,9b4e2644-66e1-4c5d-8d01-c93eba4e682a
R12,Herndon & North Reston,27,R12-S27,Reston Pkwy & Baron Cameron Ave,38.967048,-77.35376,stoplight,St Anne's Episcopal Church,87,267,VA,True,50,Set back from the corner so drivers stopped at the light can read it.,R12-G3,Reston Pkwy & Baron Cameron Ave,10,10.18,3,0.68,3.5,0,3.0,True,stoplight,R12-G3,81,traffic light here (OpenStreetMap); St Anne's Episcopal Church (church) is 87 m away; 11 storefronts within 150 m (strip center); on a main road; 81 large homes and 267 houses within 800 m,0e9fd251-599e-4ebf-977f-a31222a4c390,1843399267;840575861;840576028;1843399203,51e8b62d-5aa7-4e91-996e-92ef5d88a3fb
R12,Herndon & North Reston,28,R12-S28,Vantage Hill Rd & Mediterranean Ct,38.966711,-77.3491,school,Lake Anne Elementary School,275,301,VA,True,50,"Use the public corner near the school, not school grounds.",R12-G3,Reston Pkwy & Baron Cameron Ave,11,5.24,0.5,0.99,3.75,0,0,False,school,R12-G3,119,Lake Anne Elementary School (school) is 275 m away; United Christian Parish Preschool (preschool) is 363 m away; on a neighborhood street; 119 large homes and 301 houses within 800 m,904b2efd-1935-4f11-8361-5686ffc02d52;08b5a61e-56ee-4860-a3f8-d919f5cda402,,e8d3c8a0-ad69-4857-a159-edbe21316bb6
R12,Herndon & North Reston,29,R12-S29,Baron Cameron Ave & Village Rd,38.971007,-77.341491,stoplight,,,347,VA,True,50,Set back from the corner so drivers stopped at the light can read it.,R12-G3,Reston Pkwy & Baron Cameron Ave,12,7.3,3,1.3,0,0,3.0,True,stoplight,R12-G3,156,traffic light here (OpenStreetMap); on a main road; 156 large homes and 347 houses within 800 m,,1843418021;63729616;1843418031,c2be18b5-7656-4278-8a12-3f24b12313ff
R12,Herndon & North Reston,30,R12-S30,Herndon Pkwy & Queens Row St,38.976934,-77.371104,stoplight,,,812,VA,True,50,Set back from the corner so drivers stopped at the light can read it.,R12-G4,Elden St & Monroe St,1,7.3,2.5,1.62,0,0.18,3.0,True,stoplight,R12-G4,194,traffic light here (OpenStreetMap); entrance to a neighborhood of about 35 homes with 2 entrances; on a busy road; 194 large homes and 812 houses within 800 m,,63748835;847851060,5ca01bac-b682-4cc2-95e2-1cd4b4a231d1
R12,Herndon & North Reston,31,R12-S31,Herndon Pkwy & Cavendish St,38.980223,-77.370944,busy intersection,,,872,VA,True,50,,R12-G4,Elden St & Monroe St,2,4.01,2.5,1.35,0,0.16,0,False,quarter-mile on Herndon Parkway,R12-G4,162,entrance to a neighborhood of about 31 homes with 2 entrances; on a busy road; 162 large homes and 872 houses within 800 m,,,402a519d-d9d3-4659-abeb-dc90bc66c43b
R12,Herndon & North Reston,32,R12-S32,Dranesville Rd & Bennett St,38.985902,-77.377527,stoplight,,,874,VA,True,50,Set back from the corner so drivers stopped at the light can read it.,R12-G4,Elden St & Monroe St,3,8.02,3,1.17,0,0.85,3.0,True,stoplight,R12-G4,140,traffic light here (OpenStreetMap); entrance to a neighborhood of about 510 homes with 6 entrances; on a main road; 140 large homes and 874 houses within 800 m,,469924353;741750971,fcc861d5-9d55-4e67-a36c-5bf03255f2a4
R12,Herndon & North Reston,33,R12-S33,Dranesville Rd & Herndon Pkwy,38.982684,-77.378228,stoplight,,,826,VA,True,50,Set back from the corner so drivers stopped at the light can read it.,R12-G4,Elden St & Monroe St,4,7.27,3,1.27,0,0,3.0,True,stoplight,R12-G4,152,traffic light here (OpenStreetMap); on a main road; 152 large homes and 826 houses within 800 m,,847850320;847853599;847853234;847852680,0f11d2ca-6ddb-4c41-8aff-150885fdf19e
R12,Herndon & North Reston,34,R12-S34,Herndon Pkwy & Grant St,38.982164,-77.382173,stoplight,,,758,VA,True,50,Set back from the corner so drivers stopped at the light can read it.,R12-G4,Elden St & Monroe St,5,6.75,2.5,0.97,0,0.28,3.0,True,stoplight,R12-G4,117,traffic light here (OpenStreetMap); entrance to a neighborhood of about 776 homes with 28 entrances; on a busy road; 117 large homes and 758 houses within 800 m,,847852850;847853070,a638249b-c559-4ec1-9898-b737eb60038f
R12,Herndon & North Reston,35,R12-S35,Park Ave & Tyler St,38.977602,-77.379053,school,Herndon Elementary School,260,923,VA,True,50,"Use the public corner near the school, not school grounds.",R12-G4,Elden St & Monroe St,6,8.94,3,1.16,4.5,0.28,0,False,school,R12-G4,139,Herndon Elementary School (school) is 260 m away; Trinity Presbyterian Church (church) is 100 m away; entrance to a neighborhood of about 776 homes with 28 entrances; on a main road; 139 large homes and 923 houses within 800 m,1c7d872c-5335-4a7f-9edc-c833dc78a788;a0957578-43cb-4b1a-8c5e-9a0b5d94eeef;27427467-78f6-4f3e-b6ff-e30ea097749a,,72030114-58ec-4830-95f4-05670109fb9d
R12,Herndon & North Reston,36,R12-S36,Park Ave & Van Buren St,38.975788,-77.381628,stoplight,,,787,VA,True,50,Set back from the corner so drivers stopped at the light can read it.,R12-G4,Elden St & Monroe St,7,7.48,3,1.2,0,0.28,3.0,True,stoplight,R12-G4,144,traffic light here (OpenStreetMap); entrance to a neighborhood of about 776 homes with 28 entrances; on a main road; 144 large homes and 787 houses within 800 m,,63514391,1841b856-5696-43d5-8b6a-693345402cec
R12,Herndon & North Reston,37,R12-S37,Monroe St & Monroe Hill Ct,38.973186,-77.383219,busy intersection,,,658,VA,True,50,,R12-G4,Elden St & Monroe St,8,4.38,3,1.38,0,0,0,False,quarter-mile on Monroe Street,R12-G4,165,on a main road; 165 large homes and 658 houses within 800 m,,,56e47766-f4a1-4259-bea6-fa622fadd915
R12,Herndon & North Reston,38,R12-S38,Grace St & Haley Pl,38.972004,-77.389684,private school,St. Joseph Catholic School,198,502,VA,True,50,"Use the public corner near the school, not school grounds.",R12-G4,Elden St & Monroe St,9,6.28,2,1.27,3.0,0,0,False,school,R12-G4,153,St. Joseph Catholic School (private school) is 198 m away; on a collector road; 153 large homes and 502 houses within 800 m,e95083ac-10f0-4c8c-bc79-657f4a543145,,2d27434f-4c3b-4f61-9d6c-408de16605b5
R12,Herndon & North Reston,39,R12-S39,Elden St & Monroe St,38.969746,-77.383887,stoplight,Persian Church of Herndon,87,573,VA,True,50,Set back from the corner so drivers stopped at the light can read it.,R12-G4,Elden St & Monroe St,10,11.72,3,1.48,4.25,0,3.0,True,stoplight,R12-G4,177,traffic light here (OpenStreetMap); Persian Church of Herndon (church) is 87 m away; First Baptist Church of Herndon (church) is 81 m away; 32 storefronts within 150 m (strip center); on a main road; 177 large homes and 573 houses within 800 m,64e19b53-4ae1-4cd1-898f-7aaafd8f378c;151d7477-a43a-432e-83b0-163b10604e43,63904236,f29155f4-8c9c-4884-bdf1-9d23fe5c6240
R12,Herndon & North Reston,40,R12-S40,Elden St & Van Buren St,38.968978,-77.380508,stoplight,,,569,VA,True,50,Set back from the corner so drivers stopped at the light can read it.,R12-G4,Elden St & Monroe St,11,9.28,3,1.28,2.0,0,3.0,True,stoplight,R12-G4,154,traffic light here (OpenStreetMap); 18 storefronts within 150 m (strip center); on a main road; 154 large homes and 569 houses within 800 m,,63514209,c59cdfdd-2cef-440c-8c1a-7c2a33724bb4
R12,Herndon & North Reston,41,R12-S41,Elden St & Post Dr,38.967788,-77.37514,stoplight,MOM's Organic Market,264,343,VA,True,50,Set back from the corner so drivers stopped at the light can read it.,R12-G4,Elden St & Monroe St,12,11.26,3,0.76,4.5,0,3.0,True,stoplight,R12-G4,91,traffic light here (OpenStreetMap); MOM's Organic Market (grocery / big-box anchor) is 264 m away; Herndon Centre (shopping center) is 93 m away; on a main road; 91 large homes and 343 houses within 800 m,22449de8-808c-4e0c-8e00-fc450974ff03;5fab31e8-eac6-47ce-9930-5573fd6fa002,63904219;1844753812,416431af-2278-411a-ac72-1de0df6ba0c5
R12,Herndon & North Reston,42,R12-S42,Herndon Pkwy & Casper Dr,38.980194,-77.388703,busy intersection,,,616,VA,True,50,,R12-G5,Forest Ridge & Applegate,1,3.2,2.5,0.7,0,0,0,False,quarter-mile on Herndon Parkway,R12-G5,84,on a busy road; 84 large homes and 616 houses within 800 m,,,d0685e64-80f7-4efe-8395-9c66a240359f
R12,Herndon & North Reston,43,R12-S43,Herndon Pkwy & Monroe St,38.982814,-77.385337,swim club / pool,Herndon Recreation Pool,92,770,VA,True,50,,R12-G5,Forest Ridge & Applegate,2,7.1,2.5,0.85,3.75,0,0,False,quarter-mile on Monroe Street,R12-G5,102,Herndon Recreation Pool (swim club / pool) is 92 m away; Herndon Swim Club (swim club / pool) is 72 m away; on a busy road; 102 large homes and 770 houses within 800 m,af47aa06-efd5-4929-90f6-b284d45c61d9;6b0533d0-cd11-497b-b4da-d44566990b63,,31314c75-fef4-41b1-865b-4a210f3e68ce
R12,Herndon & North Reston,44,R12-S44,Hiddenbrook Dr & Builders Rd,38.984191,-77.390376,school,Clearview Elementary School,103,883,VA,True,50,"Use the public corner near the school, not school grounds.",R12-G5,Forest Ridge & Applegate,3,6.32,2,0.61,3.0,0.71,0,False,school,R12-G5,73,Clearview Elementary School (school) is 103 m away; entrance to a neighborhood of about 71 homes with 1 entrances; on a collector road; 73 large homes and 883 houses within 800 m,5174b2fc-2ffb-473c-9473-c1f063ccc016,,61ccacb8-fa8b-4d89-9dd4-2bc2e21f637d
R12,Herndon & North Reston,45,R12-S45,Herndon Pkwy & Ferndale Ave,38.978876,-77.392318,stoplight,,,460,VA,True,50,Set back from the corner so drivers stopped at the light can read it.,R12-G5,Forest Ridge & Applegate,4,5.9,2.5,0.4,0,0,3.0,True,stoplight,R12-G5,48,traffic light here (OpenStreetMap); on a busy road; 48 large homes and 460 houses within 800 m,,847851223;847849260,2189d7a2-973b-45a0-8301-d159a4c7a0f5
R12,Herndon & North Reston,46,R12-S46,Crestview Dr & Bond St,38.980316,-77.398635,park / playground,Trailside Park,192,691,VA,True,50,,R12-G5,Forest Ridge & Applegate,5,3.72,2.5,0.22,1.0,0,0,False,quarter-mile on Crestview Drive,R12-G5,26,Trailside Park (park / playground) is 192 m away; on a busy road; 26 large homes and 691 houses within 800 m,5956bb49-c764-45a9-9b5a-810f4d61b3e4,,339a5b6f-94e7-47ae-ad5d-f65976c7d68d
R12,Herndon & North Reston,47,R12-S47,Crestview Dr & Builders Rd,38.985576,-77.397041,stoplight,,,920,VA,True,50,Set back from the corner so drivers stopped at the light can read it.,R12-G5,Forest Ridge & Applegate,6,5.73,2.5,0.23,0,0,3.0,True,stoplight,R12-G5,28,traffic light here (OpenStreetMap); on a busy road; 28 large homes and 920 houses within 800 m,,63599211,9aaafa03-f92a-4e25-83e4-38d9149ae185
R12,Herndon & North Reston,48,R12-S48,South Lincoln Ave & Crestview Dr,38.989537,-77.395524,busy intersection,,,1264,VA,True,50,,R12-G5,Forest Ridge & Applegate,7,2.91,2.5,0.41,0,0,0,False,quarter-mile on Crestview Drive,R12-G5,49,on a busy road; 49 large homes and 1264 houses within 800 m,,,496086e6-b494-4ed9-b396-3ce311ca872b
R12,Herndon & North Reston,49,R12-S49,South Lincoln Ave & Butternut Way,38.99209,-77.393893,neighborhood entrance,,,1284,VA,True,50,,R12-G5,Forest Ridge & Applegate,8,3.53,2.5,0.57,0,0.46,0,False,quarter-mile on South Lincoln Avenue,R12-G5,68,entrance to a neighborhood of about 46 homes with 1 entrances; on a busy road; 68 large homes and 1284 houses within 800 m,,,d9baf107-c633-4f0a-ac47-d6c168641d83
R12,Herndon & North Reston,50,R12-S50,East Maple Ave & South Harrison Rd,38.993767,-77.397241,neighborhood entrance,,,1104,VA,True,50,,R12-G5,Forest Ridge & Applegate,9,3.31,2.5,0.4,0,0.41,0,False,quarter-mile on East Maple Avenue,R12-G5,48,entrance to a neighborhood of about 370 homes with 9 entrances; on a busy road; 48 large homes and 1104 houses within 800 m,,,e8a5ac80-54b7-4552-97ea-4338a85cb233
R12,Herndon & North Reston,51,R12-S51,Forest Ridge Dr & Applegate Dr,38.990931,-77.399673,school,Loudoun County Public Schools,161,1085,VA,True,50,"Use the public corner near the school, not school grounds.",R12-G5,Forest Ridge & Applegate,10,7.57,2,0.36,4.5,0.71,0,False,school,R12-G5,43,Loudoun County Public Schools (school) is 161 m away; Forest Grove Elementary School (private school) is 158 m away; entrance to a neighborhood of about 1000 homes with 14 entrances; on a collector road; 43 large homes and 1085 houses within 800 m,b5850278-f4f1-4c92-a7bb-2ea482080987;c758005b-98ac-4339-bc29-196d2367d4da,,7552b376-4d58-4a0a-9385-2bd535be9a6e
R12,Herndon & North Reston,52,R12-S52,East Maple Ave & Cir Dr,38.995107,-77.402072,church,The Church of Jesus Christ of Latter-day Saints,107,800,VA,True,50,,R12-G5,Forest Ridge & Applegate,11,4.42,2.5,0.42,1.5,0,0,False,quarter-mile on East Maple Avenue,R12-G5,50,The Church of Jesus Christ of Latter-day Saints (church) is 107 m away; on a busy road; 50 large homes and 800 houses within 800 m,94f336ad-d321-492b-b31c-e73a5e28df22,,36de0808-88ee-4160-8e4e-e4b735f77c0c
R12,Herndon & North Reston,53,R12-S53,Cir Dr & Providence Village Dr,38.997372,-77.399595,school,Sully Elementary School,130,856,VA,True,50,"Use the public corner near the school, not school grounds.",R12-G5,Forest Ridge & Applegate,12,5.44,2,0.44,3.0,0,0,False,school,R12-G5,53,Sully Elementary School (school) is 130 m away; on a collector road; 53 large homes and 856 houses within 800 m,7c66d485-a188-40b6-a3ac-237fd640a20a,,cde77069-bcf6-4525-9818-78aafc9cb97a
R12,Herndon & North Reston,54,R12-S54,North Sterling Blvd & West Church Rd,39.007997,-77.396848,stoplight,,,936,VA,True,50,Set back from the corner so drivers stopped at the light can read it.,R12-G6,Dranesville & Ridgegate,1,6.61,3,0.61,0,0,3.0,True,stoplight,R12-G6,73,traffic light here (OpenStreetMap); on a main road; 73 large homes and 936 houses within 800 m,,63551096;63551327,4d2ddd80-8cf2-4664-88a4-a262465b5a1e
R12,Herndon & North Reston,55,R12-S55,North Sterling Blvd & West Laurel Ave,39.011576,-77.393877,neighborhood entrance,,,945,VA,True,50,,R12-G6,Dranesville & Ridgegate,2,4.27,3,0.76,0,0.51,0,False,quarter-mile on North Sterling Boulevard,R12-G6,91,entrance to a neighborhood of about 1126 homes with 22 entrances; on a main road; 91 large homes and 945 houses within 800 m,,,d7ef634d-8804-425e-994c-1c6867f83112
R12,Herndon & North Reston,56,R12-S56,Powells Tavern Pl & Stone Mountain Ct,38.999082,-77.385678,school,Dranesville Elementary School,307,1305,VA,True,50,"Use the public corner near the school, not school grounds.",R12-G6,Dranesville & Ridgegate,3,5.87,2,0.51,3.0,0.36,0,False,school,R12-G6,61,Dranesville Elementary School (school) is 307 m away; entrance to a neighborhood of about 36 homes with 1 entrances; on a collector road; 61 large homes and 1305 houses within 800 m,d7cdccba-87a2-40a6-8c66-fd315d81c424,,b8dd9857-8414-4359-aef7-ceaba890fb2c
R12,Herndon & North Reston,57,R12-S57,Dranesville Rd & Wiehle Ave,38.992177,-77.376704,stoplight,,,934,VA,True,50,Set back from the corner so drivers stopped at the light can read it.,R12-G6,Dranesville & Ridgegate,4,6.63,3,0.63,0,0,3.0,True,stoplight,R12-G6,76,traffic light here (OpenStreetMap); on a main road; 76 large homes and 934 houses within 800 m,,64112269;741750982;63919261;741750974,89734601-9228-4743-84d3-a88e67028402
R12,Herndon & North Reston,58,R12-S58,Dranesville Rd & Ridgegate Dr,38.988317,-77.376888,private school,Dominion Christian School,48,857,VA,True,50,"Use the public corner near the school, not school grounds.",R12-G6,Dranesville & Ridgegate,5,8.28,3,0.89,3.75,0.64,0,False,school,R12-G6,107,Dominion Christian School (private school) is 48 m away; Family Life Worship Center Church (church) is 138 m away; entrance to a neighborhood of about 128 homes with 2 entrances; on a main road; 107 large homes and 857 houses within 800 m,77b0e84b-4960-4bb5-9f4a-2c8eb565b7eb;551423db-d199-4afa-bce3-97a05310048a,,ccc5323b-2732-4ea6-b837-5882f7fb09e5
R12,Herndon & North Reston,59,R12-S59,Wiehle Ave & Cassia St,38.992308,-77.372312,stoplight,,,809,VA,True,50,Set back from the corner so drivers stopped at the light can read it.,R12-G6,Dranesville & Ridgegate,6,6.88,2.5,0.53,0,0.85,3.0,True,stoplight,R12-G6,64,traffic light here (OpenStreetMap); entrance to a neighborhood of about 510 homes with 6 entrances; on a busy road; 64 large homes and 809 houses within 800 m,,1057556534;1057556037,35c30472-35cd-4ecd-8527-64c213022696
R12,Herndon & North Reston,60,R12-S60,Dranesville Rd & Shallow Ford Rd,38.996337,-77.376667,neighborhood entrance,,,1122,VA,True,50,,R12-G6,Dranesville & Ridgegate,7,4.18,3,0.52,0,0.66,0,False,quarter-mile on Dranesville Road,R12-G6,62,entrance to a neighborhood of about 992 homes with 15 entrances; on a main road; 62 large homes and 1122 houses within 800 m,,,3efa10eb-60e6-4469-82aa-1cb66b4a6e28
R12,Herndon & North Reston,61,R12-S61,Dranesville Rd & Powells Tavern Pl,38.999538,-77.37669,stoplight,,,1032,VA,True,50,Set back from the corner so drivers stopped at the light can read it.,R12-G6,Dranesville & Ridgegate,8,6.29,3,0.29,0,0,3.0,True,stoplight,R12-G6,35,traffic light here (OpenStreetMap); on a main road; 35 large homes and 1032 houses within 800 m,,741750988;63607960,89cbc991-c9d9-4da7-80a3-fa8c207c585e
R12,Herndon & North Reston,62,R12-S62,Dranesville Rd & Forty Oaks Dr,39.002535,-77.375572,neighborhood entrance,,,863,VA,True,50,,R12-G6,Dranesville & Ridgegate,9,4.24,3,0.57,0,0.66,0,False,quarter-mile on Dranesville Road,R12-G6,69,entrance to a neighborhood of about 992 homes with 15 entrances; on a main road; 69 large homes and 863 houses within 800 m,,,b909bfd4-e013-4a46-b750-f9ecf35b671d
R12,Herndon & North Reston,63,R12-S63,Sugarland Rd & Muirfield Dr,39.007512,-77.379143,private school,ADAMS Radiant Hearts Academy,124,571,VA,True,50,"Use the public corner near the school, not school grounds.",R12-G6,Dranesville & Ridgegate,10,6.48,2,0.48,4.0,0,0,False,school,R12-G6,58,ADAMS Radiant Hearts Academy (private school) is 124 m away; Adam Center (library / rec center) is 118 m away; on a collector road; 58 large homes and 571 houses within 800 m,e795a112-7e09-4dc6-99fc-aea6447b5081;c4ba9dc1-34bc-4b59-a029-81e743726518,,c9d31710-f30b-4368-808b-00f9b609320e
R12,Herndon & North Reston,64,R12-S64,Dranesville Rd & Sugarland Rd,39.006254,-77.374599,stoplight,,,576,VA,True,50,Set back from the corner so drivers stopped at the light can read it.,R12-G6,Dranesville & Ridgegate,11,6.79,3,0.79,0,0,3.0,True,stoplight,R12-G6,95,traffic light here (OpenStreetMap); on a main road; 95 large homes and 576 houses within 800 m,,63949253;741747699,06b381c7-5eef-4299-aef5-276d10f7d0ee
R12,Herndon & North Reston,65,R12-S65,Fairfax County Pkwy & Sugarland Rd,39.005293,-77.365514,stoplight,,,366,VA,True,50,Set back from the corner so drivers stopped at the light can read it.,R12-G6,Dranesville & Ridgegate,12,7.73,3,1.73,0,0,3.0,True,stoplight,R12-G6,208,traffic light here (OpenStreetMap); on a highway; 208 large homes and 366 houses within 800 m,,1062846791;63832489,a4782399-127f-48c9-b515-25c020c06a6a
R12,Herndon & North Reston,66,R12-S66,Fairfax County Pkwy & Algonkian Pkwy,39.011174,-77.363678,stoplight,,,353,VA,True,50,Set back from the corner so drivers stopped at the light can read it.,R12-G7,Dranesville & Leesburg Pike Service,1,7.33,3,1.33,0,0,3.0,True,stoplight,R12-G7,160,traffic light here (OpenStreetMap); on a highway; 160 large homes and 353 houses within 800 m,,312915032;599060333,0f86a65e-e9a9-4423-84e0-330e621977e5
R12,Herndon & North Reston,67,R12-S67,Dranesville Rd & Leesburg Pike Service Rd,39.01267,-77.371476,stoplight,Giant Food,171,237,VA,True,50,Set back from the corner so drivers stopped at the light can read it.,R12-G7,Dranesville & Leesburg Pike Service,2,11.69,3,0.99,4.5,0.2,3.0,True,stoplight,R12-G7,119,traffic light here (OpenStreetMap); Giant Food (grocery / big-box anchor) is 171 m away; Town Center at Sterling (shopping center) is 169 m away; entrance to a neighborhood of about 359 homes with 18 entrances; on a main road; 119 large homes and 237 houses within 800 m,68a0f8b1-3b5a-4aaf-9e6a-6c49752adf43;bd1c7055-8ff1-42ae-ba7c-ac6547a3c561,318299844;741747724,faeca25b-3c8b-4ecc-aa47-20ced4f82451
R12,Herndon & North Reston,68,R12-S68,Dranesville Rd & Woodson Dr,39.009278,-77.374478,busy intersection,,,318,VA,True,50,,R12-G7,Dranesville & Leesburg Pike Service,3,3.87,3,0.87,0,0,0,False,quarter-mile on Dranesville Road,R12-G7,104,on a main road; 104 large homes and 318 houses within 800 m,,,da67da3e-db83-4cb8-80cf-f0148e4fb6cc
R12,Herndon & North Reston,69,R12-S69,East Frederick Dr & Rockwood Ter,39.014518,-77.385579,school,Rolling Ridge Elementary School,113,793,VA,True,50,"Use the public corner near the school, not school grounds.",R12-G7,Dranesville & Leesburg Pike Service,4,5.83,2,0.83,3.0,0,0,False,school,R12-G7,100,Rolling Ridge Elementary School (school) is 113 m away; on a collector road; 100 large homes and 793 houses within 800 m,3f1d736d-70d6-41dc-aa22-c79290671ba0,,56365b2b-741b-4252-beb9-ab52c3d41f22
R12,Herndon & North Reston,70,R12-S70,Leesburg Pike & Augusta Dr,39.01928,-77.380852,stoplight,,,690,VA,True,50,Set back from the corner so drivers stopped at the light can read it.,R12-G7,Dranesville & Leesburg Pike Service,5,8.75,3,0.75,2.0,0,3.0,True,stoplight,R12-G7,90,traffic light here (OpenStreetMap); 7 storefronts within 150 m (strip center); on a highway; 90 large homes and 690 houses within 800 m,,63465077;63466318,7a655434-eba3-4a5f-8378-6252a0c23bde
R12,Herndon & North Reston,71,R12-S71,Leesburg Pike & Cedar Dr,39.017872,-77.378235,private school,Saint John Bosco Catholic School,124,467,VA,True,50,"Use the public corner near the school, not school grounds.",R12-G7,Dranesville & Leesburg Pike Service,6,9.71,3,0.76,5.75,0.2,0,False,school,R12-G7,91,Saint John Bosco Catholic School (private school) is 124 m away; Christ the Redeemer Roman Catholic Church (church) is 116 m away; 20 storefronts within 150 m (strip center); entrance to a neighborhood of about 359 homes with 18 entrances; on a highway; 91 large homes and 467 houses within 800 m,8dac529f-f99c-46e7-9e26-21ef5f20d693;aea917d1-a0be-4a23-8a06-272f900baaa5,,07d06287-17d0-48bd-8c6f-683645dff37d
R12,Herndon & North Reston,72,R12-S72,Leesburg Pike & Lakeland Dr,39.016412,-77.375441,stoplight,"Sugarland Run Shopping, Sterling, Virginia",155,267,VA,True,50,Set back from the corner so drivers stopped at the light can read it.,R12-G7,Dranesville & Leesburg Pike Service,7,9.9,3,0.7,3.0,0.2,3.0,True,stoplight,R12-G7,84,"traffic light here (OpenStreetMap); Sugarland Run Shopping, Sterling, Virginia (shopping center) is 155 m away; entrance to a neighborhood of about 359 homes with 18 entrances; on a highway; 84 large homes and 267 houses within 800 m",d4bfb164-a5fd-4fcc-bfa6-7d14a3018a57,63450789;606228889,23017cbd-09f5-4a3c-8283-e28d0994fb8f
R12,Herndon & North Reston,73,R12-S73,Algonkian Pkwy & Thomas Ave,39.020701,-77.362679,busy intersection,,,363,VA,True,50,,R12-G7,Dranesville & Leesburg Pike Service,8,3.66,2.5,0.96,0,0.2,0,False,quarter-mile on Algonkian Parkway,R12-G7,115,entrance to a neighborhood of about 359 homes with 18 entrances; on a busy road; 115 large homes and 363 houses within 800 m,,,c4ca7cd8-a2f2-4b86-a478-f567326cee7f
R12,Herndon & North Reston,74,R12-S74,Leesburg Pike & Rolling Holly Dr,39.007382,-77.35783,stoplight,,,351,VA,True,50,Set back from the corner so drivers stopped at the light can read it.,R12-G8,Leesburg Pike & Georgetown Pike,1,8.57,3,1.66,0,0.91,3.0,True,stoplight,R12-G8,199,traffic light here (OpenStreetMap); entrance to a neighborhood of about 182 homes with 2 entrances; on a highway; 199 large homes and 351 houses within 800 m,,63521280;599230558,9f5a929a-0e59-4d20-af35-178ccbdcad84
R12,Herndon & North Reston,75,R12-S75,Leesburg Pike & Leesburg Pike Service Rd,39.005048,-77.353742,busy intersection,,,353,VA,True,50,,R12-G8,Leesburg Pike & Georgetown Pike,2,5.34,3,2.1,0,0.24,0,False,quarter-mile on Leesburg Pike,R12-G8,252,entrance to a neighborhood of about 98 homes with 4 entrances; on a highway; 252 large homes and 353 houses within 800 m,,,0c3f3f87-4d22-401a-8e0c-af59c9fe7cc0
R12,Herndon & North Reston,76,R12-S76,Fairfax County Pkwy & Heather Way,38.997728,-77.363515,busy intersection,,,388,VA,True,50,,R12-G8,Leesburg Pike & Georgetown Pike,3,4.38,3,1.04,0,0.34,0,False,quarter-mile on Fairfax County Parkway,R12-G8,125,entrance to a neighborhood of about 102 homes with 3 entrances; on a highway; 125 large homes and 388 houses within 800 m,,,15464b39-0137-465b-a6d4-7afff497d455
R12,Herndon & North Reston,77,R12-S77,Leesburg Pike & Georgetown Pike,39.000687,-77.345329,stoplight,,,351,VA,True,50,Set back from the corner so drivers stopped at the light can read it.,R12-G8,Leesburg Pike & Georgetown Pike,4,10.3,3,2.3,2.0,0,3.0,True,stoplight,R12-G8,276,traffic light here (OpenStreetMap); 12 storefronts within 150 m (strip center); on a highway; 276 large homes and 351 houses within 800 m,,599229904;63423595;1847835874;8907499725,8a088933-310f-4bd6-9da6-54b2397c738d
R12,Herndon & North Reston,78,R12-S78,Leesburg Pike & Reston Ave,38.999112,-77.34264,stoplight,Dranesville Church of the Brethren,84,382,VA,True,50,Set back from the corner so drivers stopped at the light can read it.,R12-G8,Leesburg Pike & Georgetown Pike,5,10.02,3,2.52,1.5,0,3.0,True,quarter-mile on Reston Avenue,R12-G8,302,traffic light here (OpenStreetMap); Dranesville Church of the Brethren (church) is 84 m away; on a highway; 302 large homes and 382 houses within 800 m,701ea877-1f7c-4f85-ac40-17380e077e1e,599229881;63521224,b01fe060-e2e4-4a9c-b083-7218c895f9c3
R12,Herndon & North Reston,79,R12-S79,Georgetown Pike & Falls Chase Ct,39.000232,-77.335773,church,Great Falls Church of Christ,127,316,VA,True,50,,R12-G8,Leesburg Pike & Georgetown Pike,6,6.21,3,1.71,1.5,0,0,False,quarter-mile on Georgetown Pike,R12-G8,205,Great Falls Church of Christ (church) is 127 m away; on a main road; 205 large homes and 316 houses within 800 m,3ebb870b-500f-4571-8be4-8c1652a368a7,,1f5b4d9f-8cbd-4882-9f30-f2062359e748
R13,Ashburn & Brambleton,1,R13-S01,Old Ox Rd & Thunder Rd,38.979969,-77.477843,busy intersection,,,4,VA,True,50,,R13-G1,Loudoun County Pkwy & Ryan,1,3.28,3,0.02,0,0.26,0,False,quarter-mile on Old Ox Road,R13-G1,2,entrance to a neighborhood of about 290 homes with 11 entrances; on a main road; 2 large homes and 4 houses within 800 m,,,83968bca-abc4-40be-bedc-3ccc21fb5273
R13,Ashburn & Brambleton,2,R13-S02,Old Ox Rd & Ladbrook Dr,38.978266,-77.483843,stoplight,,,9,VA,True,50,Set back from the corner so drivers stopped at the light can read it.,R13-G1,Loudoun County Pkwy & Ryan,2,6.06,3,0.06,0,0,3.0,True,stoplight,R13-G1,7,traffic light here (OpenStreetMap); on a main road; 7 large homes and 9 houses within 800 m,,2408046001;597914301,751d35d3-bb23-41dd-bb7c-fbe63decf983
R13,Ashburn & Brambleton,3,R13-S03,Old Ox Rd & Ladbrook Dr,38.977159,-77.488309,busy intersection,,,72,VA,True,50,,R13-G1,Loudoun County Pkwy & Ryan,3,3.58,3,0.58,0,0,0,False,quarter-mile on Old Ox Road,R13-G1,70,on a main road; 70 large homes and 72 houses within 800 m,,,82c79b30-571b-4e40-b80f-14d0889480cc
R13,Ashburn & Brambleton,4,R13-S04,Old Ox Rd & Freeport Pl,38.970172,-77.492156,stoplight,,,252,VA,True,50,Set back from the corner so drivers stopped at the light can read it.,R13-G1,Loudoun County Pkwy & Ryan,4,8.23,3,1.98,0,0.26,3.0,True,stoplight,R13-G1,237,traffic light here (OpenStreetMap); entrance to a neighborhood of about 290 homes with 11 entrances; on a main road; 237 large homes and 252 houses within 800 m,,63495051;5129034832,2542160b-57da-4b69-8df6-8d717de15e7f
R13,Ashburn & Brambleton,5,R13-S05,Old Ox Rd & Beaver Meadow Rd,38.965967,-77.494108,private school,Pearls Academy,174,165,VA,True,50,"Use the public corner near the school, not school grounds.",R13-G1,Loudoun County Pkwy & Ryan,5,7.54,3,1.27,3.0,0.26,0,False,school,R13-G1,153,Pearls Academy (private school) is 174 m away; entrance to a neighborhood of about 290 homes with 11 entrances; on a main road; 153 large homes and 165 houses within 800 m,d02841b6-1ebe-44e0-be86-1ba2cf04fbb4,,68d1d05e-80cb-4cd8-8af5-9ce942cfa79e
R13,Ashburn & Brambleton,6,R13-S06,Weybridge Square & Reigate Way,38.979869,-77.505908,school,Rosa Lee Carter Elementary School,349,380,VA,True,50,"Use the public corner near the school, not school grounds.",R13-G1,Loudoun County Pkwy & Ryan,6,5.63,0.5,2.13,3.0,0,0,False,school,R13-G1,256,Rosa Lee Carter Elementary School (school) is 349 m away; on a neighborhood street; 256 large homes and 380 houses within 800 m,2be327a6-c81d-493a-9ca7-e8dd0e13c4e5,,d179e190-a46e-44dd-8958-04193da84e36
R13,Ashburn & Brambleton,7,R13-S07,Loudoun County Pkwy & Ryan Rd,38.988802,-77.50406,stoplight,,,533,VA,True,50,Set back from the corner so drivers stopped at the light can read it.,R13-G1,Loudoun County Pkwy & Ryan,7,8.66,3,2.66,0,0,3.0,True,stoplight,R13-G1,319,traffic light here (OpenStreetMap); on a main road; 319 large homes and 533 houses within 800 m,,1285070265;1285067812;1539684446,c7a2e6b1-c141-4021-97a4-22f3609379d6
R13,Ashburn & Brambleton,8,R13-S08,Loudoun County Pkwy & Mooreview Pkwy,38.992322,-77.500537,stoplight,,,441,VA,True,50,Set back from the corner so drivers stopped at the light can read it.,R13-G2,Shellhorn & Greenway Corporate,1,9.37,3,2.38,0,0.99,3.0,True,stoplight,R13-G2,286,traffic light here (OpenStreetMap); entrance to a neighborhood of about 397 homes with 4 entrances; on a main road; 286 large homes and 441 houses within 800 m,,63524609;1707655701;1707655705;1283458018,946f89d5-1a26-4b5c-be2e-e91935f97c0b
R13,Ashburn & Brambleton,9,R13-S09,Mooreview Pkwy & Old Ryan Rd,38.994031,-77.503422,stoplight,,,358,VA,True,50,Set back from the corner so drivers stopped at the light can read it.,R13-G2,Shellhorn & Greenway Corporate,2,7.03,2.5,1.53,0,0,3.0,True,stoplight,R13-G2,184,traffic light here (OpenStreetMap); on a busy road; 184 large homes and 358 houses within 800 m,,1707655653;1362246216;1707655693;1539684617,667e8cd8-2e87-4fcc-9c37-b540f4597bc7
R13,Ashburn & Brambleton,10,R13-S10,Loudoun County Pkwy & Claude Moore Dr,38.994092,-77.494854,neighborhood entrance,,,283,VA,True,50,,R13-G2,Shellhorn & Greenway Corporate,3,5.49,3,1.5,0,0.99,0,False,quarter-mile on Claude Moore Drive,R13-G2,180,entrance to a neighborhood of about 397 homes with 4 entrances; on a main road; 180 large homes and 283 houses within 800 m,,,39232aa9-42b0-408e-9a97-19d1de33375c
R13,Ashburn & Brambleton,11,R13-S11,Loudoun County Pkwy & Hamilton Chapel Ter,38.994409,-77.489282,busy intersection,,,137,VA,True,50,,R13-G2,Shellhorn & Greenway Corporate,4,3.9,3,0.9,0,0,0,False,quarter-mile on Loudoun County Parkway,R13-G2,108,on a main road; 108 large homes and 137 houses within 800 m,,,f1f45ee6-12bd-4385-9f13-0a2e568f33f9
R13,Ashburn & Brambleton,12,R13-S12,Loudoun County Pkwy & Jefferson Park St,38.994619,-77.485863,busy intersection,,,61,VA,True,50,,R13-G2,Shellhorn & Greenway Corporate,5,3.42,3,0.42,0,0,0,False,quarter-mile on Jefferson Park Street,R13-G2,51,on a main road; 51 large homes and 61 houses within 800 m,,,3bd95773-40d5-421e-b041-1807ebc578e7
R13,Ashburn & Brambleton,13,R13-S13,Loudoun County Pkwy & Centergate Dr,38.995271,-77.482548,stoplight,,,13,VA,True,50,Set back from the corner so drivers stopped at the light can read it.,R13-G2,Shellhorn & Greenway Corporate,6,8.06,3,0.06,2.0,0,3.0,True,stoplight,R13-G2,7,traffic light here (OpenStreetMap); 6 storefronts within 150 m (strip center); on a main road; 7 large homes and 13 houses within 800 m,,63565064;2261079031;63565097;2261079006,15e06ada-470b-449d-8ff1-0d270988bb4a
R13,Ashburn & Brambleton,14,R13-S14,Loudoun County Pkwy & Shellhorn Rd,39.001239,-77.475465,stoplight,,,7,VA,True,50,Set back from the corner so drivers stopped at the light can read it.,R13-G2,Shellhorn & Greenway Corporate,7,6.03,3,0.03,0,0,3.0,True,stoplight,R13-G2,3,traffic light here (OpenStreetMap); on a main road; 3 large homes and 7 houses within 800 m,,63469893;63469888;8880699652;2261039767,046e5063-57d1-4d45-8012-46c241669a4d
R13,Ashburn & Brambleton,15,R13-S15,Shellhorn Rd & Devin Shafron Dr,39.00402,-77.482426,busy intersection,,,102,VA,True,50,,R13-G2,Shellhorn & Greenway Corporate,8,3.11,2.5,0.61,0,0,0,False,quarter-mile on Shellhorn Road,R13-G2,73,on a busy road; 73 large homes and 102 houses within 800 m,,,d5faa4f4-3d51-436f-bb1b-0ac94ce672a4
R13,Ashburn & Brambleton,16,R13-S16,Shellhorn Rd & Central Station Dr,39.007396,-77.485852,strip center,Crescent Park - Leesburg,158,162,VA,True,50,"Use the corner at the entrance, not the private lot.",R13-G2,Shellhorn & Greenway Corporate,9,6.53,2.5,1.03,3.0,0,0,False,quarter-mile on Shellhorn Road,R13-G2,124,Crescent Park - Leesburg (park / playground) is 158 m away; 8 storefronts within 150 m (strip center); on a busy road; 124 large homes and 162 houses within 800 m,d6f658a3-5498-462a-b29b-b09fbd0dc200,,c2408263-f3a9-4a74-a916-bdc27008fc92
R13,Ashburn & Brambleton,17,R13-S17,Shellhorn Rd & Greenway Corporate Dr,39.009774,-77.489901,stoplight,Shoppes At Ryan Park,161,173,VA,True,50,Set back from the corner so drivers stopped at the light can read it.,R13-G2,Shellhorn & Greenway Corporate,10,9.5,2.5,1.0,3.0,0,3.0,True,stoplight,R13-G2,120,traffic light here (OpenStreetMap); Shoppes At Ryan Park (shopping center) is 161 m away; on a busy road; 120 large homes and 173 houses within 800 m,b5675dd8-b8d5-49b3-b50f-df6b1b652d70,63428996;63469723;63428995,caed1d0b-a8d7-4645-b260-2d29048f7d4d
R13,Ashburn & Brambleton,18,R13-S18,Mooreview Pkwy & Wynridge Dr,39.006968,-77.50305,stoplight,,,235,VA,True,50,Set back from the corner so drivers stopped at the light can read it.,R13-G2,Shellhorn & Greenway Corporate,11,6.52,2.5,1.02,0,0,3.0,True,stoplight,R13-G2,122,traffic light here (OpenStreetMap); on a busy road; 122 large homes and 235 houses within 800 m,,5732925366;5732925365;5732925364;5732925363,831b5f20-3f69-4a7a-9360-12c98bc00653
R13,Ashburn & Brambleton,19,R13-S19,Mooreview Pkwy & Stonegarden Ter,39.000709,-77.504322,school,Moorefield Station Elementary School,176,268,VA,True,50,"Use the public corner near the school, not school grounds.",R13-G2,Shellhorn & Greenway Corporate,12,8.0,2.5,1.42,3.75,0.33,0,False,school,R13-G2,170,Moorefield Station Elementary School (school) is 176 m away; Impact Church - Nova (church) is 189 m away; entrance to a neighborhood of about 133 homes with 4 entrances; on a busy road; 170 large homes and 268 houses within 800 m,a0b62011-e41f-42b1-885d-e8231d2292ae;ecc93a7e-fb66-4d53-98c2-5959f8ddf0b7,,a0c4e474-a7e5-4233-abb4-19641d5eee10
R13,Ashburn & Brambleton,20,R13-S20,Croson Ln & Crested Quail Dr,39.00244,-77.511862,busy intersection,,,547,VA,True,50,,R13-G3,Croson Ln & Claiborne Pkwy,1,5.36,2.5,2.53,0,0.33,0,False,quarter-mile on Croson Lane,R13-G3,304,entrance to a neighborhood of about 133 homes with 4 entrances; on a busy road; 304 large homes and 547 houses within 800 m,,,8b91b22f-50d3-4e03-ae63-86a4c80ca80c
R13,Ashburn & Brambleton,21,R13-S21,Claiborne Pkwy & Wynridge Dr,39.008718,-77.512938,stoplight,,,681,VA,True,50,Set back from the corner so drivers stopped at the light can read it.,R13-G3,Croson Ln & Claiborne Pkwy,2,8.14,2.5,2.64,0,0,3.0,True,stoplight,R13-G3,317,traffic light here (OpenStreetMap); on a busy road; 317 large homes and 681 houses within 800 m,,1285074939;1707658786;63493676,020111ec-4501-4d86-a752-dfa88b3d04e8
R13,Ashburn & Brambleton,22,R13-S22,Waxpool Rd & Dobson Ct,39.016165,-77.519047,school,Eagle Ridge Middle School,201,737,VA,True,50,"Use the public corner near the school, not school grounds.",R13-G3,Croson Ln & Claiborne Pkwy,3,7.34,2,2.34,3.0,0,0,False,school,R13-G3,281,Eagle Ridge Middle School (school) is 201 m away; on a collector road; 281 large homes and 737 houses within 800 m,34583f4d-a826-44d3-93cc-10c11e8a6884,,8a6c0a1e-63d0-4f34-a601-3fbbef1ca801
R13,Ashburn & Brambleton,23,R13-S23,Belmont Ridge Rd & Black Angus Dr,39.01539,-77.531734,school,Waxpool Elementary School,142,229,VA,True,50,"Use the public corner near the school, not school grounds.",R13-G3,Croson Ln & Claiborne Pkwy,4,7.38,3,1.38,3.0,0,0,False,school,R13-G3,166,Waxpool Elementary School (school) is 142 m away; on a main road; 166 large homes and 229 houses within 800 m,f003db69-bea1-4b4f-9790-3a73dc89eba2,,e1e2d942-31d8-4e95-a1ad-08cf6503b497
R13,Ashburn & Brambleton,24,R13-S24,Belmont Ridge Rd & Mount Hope Rd,39.010741,-77.5315,church,Mt. Hope Church,65,211,VA,True,50,,R13-G3,Croson Ln & Claiborne Pkwy,5,6.08,3,1.57,1.5,0,0,False,quarter-mile on Belmont Ridge Road,R13-G3,189,Mt. Hope Church (church) is 65 m away; on a main road; 189 large homes and 211 houses within 800 m,7f0df55d-423d-4b81-8040-b48ba91b27fe,,314e891a-7466-4be0-a659-45677fbaa334
R13,Ashburn & Brambleton,25,R13-S25,Belmont Ridge Rd & Cochrans Lock Dr,39.005796,-77.530229,neighborhood entrance,,,272,VA,True,50,,R13-G3,Croson Ln & Claiborne Pkwy,6,5.53,3,1.64,0,0.89,0,False,quarter-mile on Belmont Ridge Road,R13-G3,197,entrance to a neighborhood of about 710 homes with 8 entrances; on a main road; 197 large homes and 272 houses within 800 m,,,22cfa3bc-83e0-4de5-9488-b230d7fae28e
R13,Ashburn & Brambleton,26,R13-S26,Belmont Ridge Rd & Croson Ln,39.001283,-77.529065,stoplight,,,262,VA,True,50,Set back from the corner so drivers stopped at the light can read it.,R13-G3,Croson Ln & Claiborne Pkwy,7,7.01,3,1.01,0,0,3.0,True,stoplight,R13-G3,121,traffic light here (OpenStreetMap); on a main road; 121 large homes and 262 houses within 800 m,,11076128147;9054610110;5623212330;4751714845,4324311c-8c67-4deb-888c-5055b2aff6b3
R13,Ashburn & Brambleton,27,R13-S27,Claiborne Pkwy & Stone Hollow Dr,39.005097,-77.516791,neighborhood entrance,,,770,VA,True,50,,R13-G3,Croson Ln & Claiborne Pkwy,8,6.78,2.5,3.39,0,0.89,0,False,quarter-mile on Claiborne Parkway,R13-G3,407,entrance to a neighborhood of about 710 homes with 8 entrances; on a busy road; 407 large homes and 770 houses within 800 m,,,73a188ad-445a-4108-93c2-bd3a8bd89ff0
R13,Ashburn & Brambleton,28,R13-S28,Croson Ln & Claiborne Pkwy,39.001907,-77.517966,stoplight,,,688,VA,True,50,Set back from the corner so drivers stopped at the light can read it.,R13-G3,Croson Ln & Claiborne Pkwy,9,8.44,2.5,2.94,0,0,3.0,True,stoplight,R13-G3,353,traffic light here (OpenStreetMap); on a busy road; 353 large homes and 688 houses within 800 m,,1707687097;1707687099;312685941;1285074996,abbffbaa-b295-4152-887a-a5e11e1ccfb3
R13,Ashburn & Brambleton,29,R13-S29,Claiborne Pkwy & Early Light Pl,38.997936,-77.517593,neighborhood entrance,,,570,VA,True,50,,R13-G3,Croson Ln & Claiborne Pkwy,10,5.9,2.5,2.95,0,0.45,0,False,quarter-mile on Claiborne Parkway,R13-G3,354,entrance to a neighborhood of about 537 homes with 12 entrances; on a busy road; 354 large homes and 570 houses within 800 m,,,fa34acd9-99f9-465c-a284-89b94f98d5be
R13,Ashburn & Brambleton,30,R13-S30,Claiborne Pkwy & Via Veneto Way,38.992717,-77.518185,neighborhood entrance,,,537,VA,True,50,,R13-G3,Croson Ln & Claiborne Pkwy,11,6.06,2.5,3.11,0,0.45,0,False,quarter-mile on Claiborne Parkway,R13-G3,373,entrance to a neighborhood of about 537 homes with 12 entrances; on a busy road; 373 large homes and 537 houses within 800 m,,,1da99d54-f9ef-4b1d-ae75-0a4a7f715e8c
R13,Ashburn & Brambleton,31,R13-S31,Ryan Rd & Old Ryan Rd,38.989496,-77.510555,stoplight,,,372,VA,True,50,Set back from the corner so drivers stopped at the light can read it.,R13-G3,Croson Ln & Claiborne Pkwy,12,7.7,2.5,2.2,0,0,3.0,True,stoplight,R13-G3,264,traffic light here (OpenStreetMap); on a busy road; 264 large homes and 372 houses within 800 m,,1539684447;63482518,1d60685b-7c6f-44dc-9b1f-e7400514d46f
R13,Ashburn & Brambleton,32,R13-S32,Loudoun County Pkwy & Claiborne Pkwy,38.982988,-77.513094,stoplight,,,493,VA,True,50,Set back from the corner so drivers stopped at the light can read it.,R13-G4,Loudoun County Pkwy & Evergreen Ridge,1,8.99,3,2.99,0,0,3.0,True,stoplight,R13-G4,359,traffic light here (OpenStreetMap); on a main road; 359 large homes and 493 houses within 800 m,,1285067802;312978169;1285059797;1539684431,6c607cbb-4d88-4414-8b11-3122795c20cd
R13,Ashburn & Brambleton,33,R13-S33,Loudoun County Pkwy & Evergreen Ridge Dr,38.979164,-77.515498,stoplight,,,628,VA,True,50,Set back from the corner so drivers stopped at the light can read it.,R13-G4,Loudoun County Pkwy & Evergreen Ridge,2,9.24,3,3.24,0,0,3.0,True,stoplight,R13-G4,389,traffic light here (OpenStreetMap); on a main road; 389 large homes and 628 houses within 800 m,,312977242;2263913023;1285067814;2263913034,b7bfa66a-0f24-4ece-ba31-ac336e4fea8f
R13,Ashburn & Brambleton,34,R13-S34,Creighton Rd & Minerva Dr,38.972702,-77.525644,school,Creighton's Corner Elementary School,237,924,VA,True,50,"Use the public corner near the school, not school grounds.",R13-G4,Loudoun County Pkwy & Evergreen Ridge,3,7.87,2,2.5,3.0,0.37,0,False,school,R13-G4,300,Creighton's Corner Elementary School (school) is 237 m away; entrance to a neighborhood of about 1377 homes with 37 entrances; on a collector road; 300 large homes and 924 houses within 800 m,ccc18d2b-51a8-4c18-9ed0-0b611563d018,,829966ca-192f-475e-af7c-126e15d4da52
R13,Ashburn & Brambleton,35,R13-S35,Belmont Ridge Rd & Creighton Rd,38.975828,-77.530639,stoplight,,,836,VA,True,50,Set back from the corner so drivers stopped at the light can read it.,R13-G4,Loudoun County Pkwy & Evergreen Ridge,4,7.97,2.5,2.47,0,0,3.0,True,stoplight,R13-G4,296,traffic light here (OpenStreetMap); on a busy road; 296 large homes and 836 houses within 800 m,,312980591;312979441;1707510626;3074773829,2b335ec9-b64a-451c-94d1-0fcae093be9e
R13,Ashburn & Brambleton,36,R13-S36,Belmont Ridge Rd & Mildred Landing Square,38.969892,-77.532248,swim club / pool,Stratford Landing Pool,327,726,VA,True,50,,R13-G4,Loudoun County Pkwy & Evergreen Ridge,5,6.09,2.5,1.09,2.5,0,0,False,quarter-mile on Belmont Ridge Road,R13-G4,131,Stratford Landing Pool (swim club / pool) is 327 m away; on a busy road; 131 large homes and 726 houses within 800 m,8fd560b9-4f74-414e-a05a-bf79d27b4b99,,3ff1ca13-da81-41e6-9d87-c4f78e181aad
R13,Ashburn & Brambleton,37,R13-S37,Loudoun County Pkwy & Evergreen Ridge Dr,38.967699,-77.516565,stoplight,,,315,VA,True,50,Set back from the corner so drivers stopped at the light can read it.,R13-G4,Loudoun County Pkwy & Evergreen Ridge,6,6.98,3,0.98,0,0,3.0,True,stoplight,R13-G4,118,traffic light here (OpenStreetMap); on a main road; 118 large homes and 315 houses within 800 m,,2983730028;2983730063;2983730032;2983730060,fe8841c0-7f35-4a2e-831e-555bee9adb41
R13,Ashburn & Brambleton,38,R13-S38,Evergreen Ridge Dr & Belvoir Woods Ter,38.968396,-77.51156,school,Stone Hill Middle School,99,188,VA,True,50,"Use the public corner near the school, not school grounds.",R13-G4,Loudoun County Pkwy & Evergreen Ridge,7,5.9,2,0.9,3.0,0,0,False,school,R13-G4,108,Stone Hill Middle School (school) is 99 m away; on a collector road; 108 large homes and 188 houses within 800 m,228ccd19-bc47-4640-baec-2bf446fd7e1b,,9497a063-3132-4012-8771-4c282eb8270f
R13,Ashburn & Brambleton,39,R13-S39,Belmont Ridge Rd & Parkview Dr,38.980664,-77.528293,school,Legacy Elementary School,187,922,VA,True,50,"Use the public corner near the school, not school grounds.",R13-G5,Belmont Ridge & Parkview,1,9.19,2.5,3.32,3.0,0.37,0,False,school,R13-G5,398,Legacy Elementary School (school) is 187 m away; entrance to a neighborhood of about 1377 homes with 37 entrances; on a busy road; 398 large homes and 922 houses within 800 m,f5e46f0c-4490-4a34-8e6d-b5367c5d61ca,,b350cb2e-b3e9-492d-8df4-7a08ba6028e0
R13,Ashburn & Brambleton,40,R13-S40,Northstar Blvd & Creighton Rd,38.976446,-77.540812,stoplight,,,444,VA,True,50,Set back from the corner so drivers stopped at the light can read it.,R13-G5,Belmont Ridge & Parkview,2,7.34,3,1.34,0,0,3.0,True,stoplight,R13-G5,161,traffic light here (OpenStreetMap); on a main road; 161 large homes and 444 houses within 800 m,,1362244714;4360765193;6107604290;1707510696,6b342b2c-505e-4019-a5e0-6ec46ba8069b
R13,Ashburn & Brambleton,41,R13-S41,Northstar Blvd & Sullivans Cove Square,38.981498,-77.540634,busy intersection,,,349,VA,True,50,,R13-G5,Belmont Ridge & Parkview,3,4.71,3,1.51,0,0.2,0,False,quarter-mile on Northstar Boulevard,R13-G5,181,entrance to a neighborhood of about 98 homes with 5 entrances; on a main road; 181 large homes and 349 houses within 800 m,,,7f128262-fdef-4d9c-be4d-750f658a2c37
R13,Ashburn & Brambleton,42,R13-S42,Ryan Rd & Copper Tree Ter,38.987462,-77.543654,busy intersection,,,213,VA,True,50,,R13-G5,Belmont Ridge & Parkview,4,3.24,2.5,0.74,0,0,0,False,quarter-mile on Ryan Road,R13-G5,89,on a busy road; 89 large homes and 213 houses within 800 m,,,dd11ace4-2327-41f7-a2d3-f9583f1abf5e
R13,Ashburn & Brambleton,43,R13-S43,Northstar Blvd & Pale Iris Ter,38.989994,-77.537099,busy intersection,,,88,VA,True,50,,R13-G5,Belmont Ridge & Parkview,5,3.54,3,0.17,0,0.37,0,False,quarter-mile on Northstar Boulevard,R13-G5,20,entrance to a neighborhood of about 1377 homes with 37 entrances; on a main road; 20 large homes and 88 houses within 800 m,,,4dae5e87-94d3-40a3-8d4d-9cc2a63c8c59
R13,Ashburn & Brambleton,44,R13-S44,Northstar Blvd & Ryan Rd,38.986792,-77.537675,stoplight,,,215,VA,True,50,Set back from the corner so drivers stopped at the light can read it.,R13-G5,Belmont Ridge & Parkview,6,8.69,3,0.69,2.0,0,3.0,True,stoplight,R13-G5,83,traffic light here (OpenStreetMap); 10 storefronts within 150 m (strip center); on a main road; 83 large homes and 215 houses within 800 m,,63697875;313368621;1283458010;312685818,a4ce59b5-8a78-4cb2-922a-2757276a9e24
R13,Ashburn & Brambleton,45,R13-S45,Ryan Rd & Olympia Dr,38.986776,-77.534053,stoplight,,,325,VA,True,50,Set back from the corner so drivers stopped at the light can read it.,R13-G5,Belmont Ridge & Parkview,7,6.49,2.5,0.99,0,0,3.0,True,stoplight,R13-G5,119,traffic light here (OpenStreetMap); on a busy road; 119 large homes and 325 houses within 800 m,,2795095719;2795095720,f52f9848-8196-4cb7-8873-fbcf27e3be2c
R13,Ashburn & Brambleton,46,R13-S46,Ryan Rd & Belmont Ridge Rd,38.988112,-77.527649,stoplight,,,546,VA,True,50,Set back from the corner so drivers stopped at the light can read it.,R13-G5,Belmont Ridge & Parkview,8,7.94,2.5,2.44,0,0,3.0,True,stoplight,R13-G5,293,traffic light here (OpenStreetMap); on a busy road; 293 large homes and 546 houses within 800 m,,2703966956;1283457971;63611525;2703966957,39a822c6-aba9-4ce4-9a14-76c1677cda3e
R13,Ashburn & Brambleton,47,R13-S47,Ryan Rd & Claiborne Pkwy,38.988771,-77.517806,stoplight,,,550,VA,True,50,Set back from the corner so drivers stopped at the light can read it.,R13-G5,Belmont Ridge & Parkview,9,8.68,2.5,3.18,0,0,3.0,True,stoplight,R13-G5,382,traffic light here (OpenStreetMap); on a busy road; 382 large homes and 550 houses within 800 m,,312978083;1539684444;1285059804;1285059795,41f7fbe5-5383-427c-93bb-d4825cd32d9e
R13,Ashburn & Brambleton,48,R13-S48,Belmont Ridge Rd & Moonbeam Ter,38.990681,-77.527928,school,Briar Woods High School,297,407,VA,True,50,"Use the public corner near the school, not school grounds.",R13-G5,Belmont Ridge & Parkview,10,6.69,2.5,1.82,2.0,0.37,0,False,school,R13-G5,218,Briar Woods High School (school) is 297 m away; entrance to a neighborhood of about 1377 homes with 37 entrances; on a busy road; 218 large homes and 407 houses within 800 m,b3f16046-31c5-4f7d-9982-2b170b30eb8f,,6acc8efe-c789-4d33-8529-47d32fe82b6e
R13,Ashburn & Brambleton,49,R13-S49,Northstar Blvd & Belmont Ridge Rd,38.997878,-77.530304,stoplight,,,134,VA,True,50,Set back from the corner so drivers stopped at the light can read it.,R13-G5,Belmont Ridge & Parkview,11,6.42,3,0.42,0,0,3.0,True,stoplight,R13-G5,50,traffic light here (OpenStreetMap); on a main road; 50 large homes and 134 houses within 800 m,,2703966971;312685869,c9f5a103-5c34-4b3a-b15e-31a65cdb95f8
R13,Ashburn & Brambleton,50,R13-S50,Claiborne Pkwy & Wells Way,39.012917,-77.512289,busy intersection,,,522,VA,True,50,,R13-G6,Waxpool & Ashburn Village Blvd,1,4.23,2.5,1.41,0,0.32,0,False,quarter-mile on Claiborne Parkway,R13-G6,169,entrance to a neighborhood of about 128 homes with 4 entrances; on a busy road; 169 large homes and 522 houses within 800 m,,,9b9b09f5-7a7c-411a-8f96-39fc19d2a2c3
R13,Ashburn & Brambleton,51,R13-S51,Claiborne Pkwy & Waxpool Rd,39.017049,-77.511117,stoplight,,,447,VA,True,50,Set back from the corner so drivers stopped at the light can read it.,R13-G6,Waxpool & Ashburn Village Blvd,2,6.28,2.5,0.78,0,0,3.0,True,stoplight,R13-G6,94,traffic light here (OpenStreetMap); on a busy road; 94 large homes and 447 houses within 800 m,,1285100417;63503664;1285074927;1285100461,a79f8705-c445-4331-9a5c-dcead42b1bc1
R13,Ashburn & Brambleton,52,R13-S52,Claiborne Pkwy & Harvest Green Ter,39.019913,-77.51148,school,Hillside Elementary School,243,503,VA,True,50,"Use the public corner near the school, not school grounds.",R13-G6,Waxpool & Ashburn Village Blvd,3,6.48,2.5,0.65,3.0,0.33,0,False,school,R13-G6,78,Hillside Elementary School (school) is 243 m away; entrance to a neighborhood of about 163 homes with 5 entrances; on a busy road; 78 large homes and 503 houses within 800 m,523178f0-4f50-4c8d-b49c-5ca82200baee,,7e31f01d-3f13-41d3-97f9-8a2969e8079f
R13,Ashburn & Brambleton,53,R13-S53,Broadlands Blvd & Fullerton St,39.021921,-77.500008,busy intersection,,,620,VA,True,50,,R13-G6,Waxpool & Ashburn Village Blvd,4,3.43,2.5,0.72,0,0.21,0,False,quarter-mile on Broadlands Boulevard,R13-G6,86,entrance to a neighborhood of about 128 homes with 6 entrances; on a busy road; 86 large homes and 620 houses within 800 m,,,081b212d-dada-4e6e-b1b6-2a334762c0bf
R13,Ashburn & Brambleton,54,R13-S54,Trafalger Square & Nottingham Square,39.02087,-77.496067,private school,Nextide Academy,296,725,VA,True,50,"Use the public corner near the school, not school grounds.",R13-G6,Waxpool & Ashburn Village Blvd,5,4.69,0.5,1.19,3.0,0,0,False,school,R13-G6,143,Nextide Academy (private school) is 296 m away; on a neighborhood street; 143 large homes and 725 houses within 800 m,a3c9687f-9835-4274-8686-a5e22da8f86c,,cf6da227-50b2-4855-8c34-c3178535d9f3
R13,Ashburn & Brambleton,55,R13-S55,Broadlands Blvd & Broadlands Boularvard,39.01883,-77.494397,busy intersection,,,612,VA,True,50,,R13-G6,Waxpool & Ashburn Village Blvd,6,3.87,2.5,1.37,0,0,0,False,quarter-mile on Ashburn Road,R13-G6,164,on a busy road; 164 large homes and 612 houses within 800 m,,,770c6362-b49a-4e5e-94eb-0cb37d8f40c1
R13,Ashburn & Brambleton,56,R13-S56,Millay Ct & Howe Dr,39.019007,-77.491366,school,Broad Run High School,362,538,VA,True,50,"Use the public corner near the school, not school grounds.",R13-G6,Waxpool & Ashburn Village Blvd,7,3.98,0.5,1.48,2.0,0,0,False,school,R13-G6,178,Broad Run High School (school) is 362 m away; on a neighborhood street; 178 large homes and 538 houses within 800 m,db5e732a-ff5b-46a1-adf4-7c463d3b9fc1,,4c67a8cf-ac41-4c37-8c1d-19e77c5f6066
R13,Ashburn & Brambleton,57,R13-S57,Broadlands Blvd & Hemingway Dr,39.016683,-77.490005,busy intersection,,,387,VA,True,50,,R13-G6,Waxpool & Ashburn Village Blvd,8,4.34,2.5,1.52,0,0.32,0,False,quarter-mile on Broadlands Boulevard,R13-G6,182,entrance to a neighborhood of about 97 homes with 3 entrances; on a busy road; 182 large homes and 387 houses within 800 m,,,2cc6a271-0e52-48f1-aea4-d9fcf433afd9
R13,Ashburn & Brambleton,58,R13-S58,Ashburn Rd & Knolls Hill Square,39.015646,-77.495114,private school,Ashburn Montessori,115,392,VA,True,50,"Use the public corner near the school, not school grounds.",R13-G6,Waxpool & Ashburn Village Blvd,9,6.08,2,1.08,3.0,0,0,False,school,R13-G6,130,Ashburn Montessori (private school) is 115 m away; on a collector road; 130 large homes and 392 houses within 800 m,b165dbc8-7f14-47ef-bac5-9fb74baa65e5,,ee411a8c-ed0f-4497-872b-8eac1805bef3
R13,Ashburn & Brambleton,59,R13-S59,Old Ryan Rd & Mooreview Pkwy,39.009913,-77.498893,stoplight,,,139,VA,True,50,Set back from the corner so drivers stopped at the light can read it.,R13-G6,Waxpool & Ashburn Village Blvd,10,6.04,2.5,0.54,0,0,3.0,True,stoplight,R13-G6,65,traffic light here (OpenStreetMap); on a busy road; 65 large homes and 139 houses within 800 m,,5732925361;5732925359;5732925362;5732925360,07b171fa-292e-4835-ab81-329b81bc3466
R13,Ashburn & Brambleton,60,R13-S60,Ashburn Village Blvd & Express Ter,39.011945,-77.486757,busy intersection,,,275,VA,True,50,,R13-G6,Waxpool & Ashburn Village Blvd,11,4.08,2.5,1.57,0,0,0,False,quarter-mile on Ashburn Village Boulevard,R13-G6,189,on a busy road; 189 large homes and 275 houses within 800 m,,,ebe535f1-4090-4a77-b775-60f847c574d1
R13,Ashburn & Brambleton,61,R13-S61,Waxpool Rd & Ashburn Village Blvd,39.014418,-77.484437,stoplight,,,344,VA,True,50,Set back from the corner so drivers stopped at the light can read it.,R13-G6,Waxpool & Ashburn Village Blvd,12,7.38,2.5,1.88,0,0,3.0,True,stoplight,R13-G6,225,traffic light here (OpenStreetMap); on a busy road; 225 large homes and 344 houses within 800 m,,63567943;5593082530;5593082535;1352157450,33b210c9-c040-4757-a5a6-1ede72509184
R14,North Potomac & Rockville,1,R14-S01,Glen Mill Rd & Pheasant Dr,39.076885,-77.206398,neighborhood entrance,,,466,MD/DC,True,50,,R14-G1,Travilah & Piney Meetinghouse,1,6.14,2.5,2.8,0,0.84,0,False,quarter-mile on Glen Mill Road,R14-G1,336,entrance to a neighborhood of about 5205 homes with 62 entrances; on a busy road; 336 large homes and 466 houses within 800 m,,,39e1cb4b-e32a-4c12-bb56-8ce6d162df2f
R14,North Potomac & Rockville,2,R14-S02,Cavanaugh Dr & Valley Dr,39.078563,-77.211288,neighborhood entrance,,,558,MD/DC,True,50,,R14-G1,Travilah & Piney Meetinghouse,2,5.51,2,2.67,0,0.84,0,False,top score,R14-G1,320,entrance to a neighborhood of about 5205 homes with 62 entrances; on a collector road; 320 large homes and 558 houses within 800 m,,,884a9e58-42cf-4a82-9f1e-0304385687c2
R14,North Potomac & Rockville,3,R14-S03,Cavanaugh Dr & Deerbrook Dr,39.080673,-77.214744,neighborhood entrance,,,570,MD/DC,True,50,,R14-G1,Travilah & Piney Meetinghouse,3,5.08,2,2.42,0,0.66,0,False,top score,R14-G1,291,entrance to a neighborhood of about 397 homes with 6 entrances; on a collector road; 291 large homes and 570 houses within 800 m,,,39d26d9e-7a35-4387-9f88-7e906c56828d
R14,North Potomac & Rockville,4,R14-S04,Shady Grove Rd & Piney Meetinghouse Rd,39.082616,-77.216955,stoplight,,,610,MD/DC,True,50,Set back from the corner so drivers stopped at the light can read it.,R14-G1,Travilah & Piney Meetinghouse,4,7.95,2.5,2.45,0,0,3.0,True,stoplight,R14-G1,294,traffic light here (OpenStreetMap); on a busy road; 294 large homes and 610 houses within 800 m,,49191828,60aa0016-2935-4941-8c8b-58c57f51d38b
R14,North Potomac & Rockville,5,R14-S05,Shady Grove Rd & Sweetwood Ave,39.085489,-77.214818,neighborhood entrance,,,636,MD/DC,True,50,,R14-G1,Travilah & Piney Meetinghouse,5,5.46,2.5,2.44,0,0.52,0,False,quarter-mile on Shady Grove Road,R14-G1,293,entrance to a neighborhood of about 105 homes with 2 entrances; on a busy road; 293 large homes and 636 houses within 800 m,,,754cb82a-37b2-4eeb-8355-956c7da56297
R14,North Potomac & Rockville,6,R14-S06,Travilah Rd & Piney Meetinghouse Rd,39.086456,-77.21833,private school,Primary Montessori Day School,63,756,MD/DC,True,50,"Use the public corner near the school, not school grounds.",R14-G1,Travilah & Piney Meetinghouse,6,10.38,2.5,1.88,3.0,0,3.0,True,stoplight,R14-G1,226,traffic light here (OpenStreetMap); Primary Montessori Day School (private school) is 63 m away; on a busy road; 226 large homes and 756 houses within 800 m,7010f935-1fca-4994-a64d-cdc168d08410,49191860,e15ac552-416c-4ef7-a93b-3a0916d87ce6
R14,North Potomac & Rockville,7,R14-S07,Stonebridge View Dr & Floral Park Dr,39.090384,-77.2157,school,Stone Mill Elementary School,148,823,MD/DC,True,50,"Use the public corner near the school, not school grounds.",R14-G1,Travilah & Piney Meetinghouse,7,7.65,2,2.01,3.0,0.64,0,False,school,R14-G1,241,Stone Mill Elementary School (school) is 148 m away; entrance to a neighborhood of about 450 homes with 7 entrances; on a collector road; 241 large homes and 823 houses within 800 m,6f80df8f-2dcd-4e12-8376-926a34c7a9e9,,2f20c403-482f-4657-aa83-1c7b25a0d7ce
R14,North Potomac & Rockville,8,R14-S08,Shady Grove Rd & Silver Bell Ter,39.087414,-77.211493,busy intersection,,,621,MD/DC,True,50,,R14-G1,Travilah & Piney Meetinghouse,8,5.03,2.5,2.53,0,0,0,False,quarter-mile on Shady Grove Road,R14-G1,304,on a busy road; 304 large homes and 621 houses within 800 m,,,f0ec7270-6663-47a2-9783-401cccfa4e5b
R14,North Potomac & Rockville,9,R14-S09,Shady Grove Rd & Arbor Forest Dr,39.090504,-77.209546,busy intersection,,,568,MD/DC,True,50,,R14-G1,Travilah & Piney Meetinghouse,9,4.46,2.5,1.87,0,0.09,0,False,quarter-mile on Shady Grove Road,R14-G1,224,entrance to a neighborhood of about 26 homes with 3 entrances; on a busy road; 224 large homes and 568 houses within 800 m,,,90e44f3c-b6ba-46e5-bd38-a2014fbff1c0
R14,North Potomac & Rockville,10,R14-S10,Travilah Rd & Nolan Dr,39.092613,-77.210586,neighborhood entrance,,,545,MD/DC,True,50,,R14-G1,Travilah & Piney Meetinghouse,10,4.66,2.5,1.69,0,0.47,0,False,quarter-mile on Travilah Road,R14-G1,203,entrance to a neighborhood of about 187 homes with 4 entrances; on a busy road; 203 large homes and 545 houses within 800 m,,,e9e6aa51-ae92-4320-af3b-54203faed61e
R14,North Potomac & Rockville,11,R14-S11,Shady Grove Rd & Traville Gateway Dr,39.091019,-77.204519,stoplight,,,329,MD/DC,True,50,Set back from the corner so drivers stopped at the light can read it.,R14-G1,Travilah & Piney Meetinghouse,11,8.7,2.5,1.2,2.0,0,3.0,True,stoplight,R14-G1,144,traffic light here (OpenStreetMap); 15 storefronts within 150 m (strip center); on a busy road; 144 large homes and 329 houses within 800 m,,2278793790;2138017620,768c66bc-ed15-4f73-bfa8-5fc9bfe3e506
R14,North Potomac & Rockville,12,R14-S12,Shady Grove Rd & Gudelsky Way,39.09074,-77.199809,stoplight,"City of Faith Church, RCCG Rockville MD US",253,359,MD/DC,True,50,Set back from the corner so drivers stopped at the light can read it.,R14-G1,Travilah & Piney Meetinghouse,12,8.31,2.5,1.31,1.5,0,3.0,True,stoplight,R14-G1,157,"traffic light here (OpenStreetMap); City of Faith Church, RCCG Rockville MD US (church) is 253 m away; on a busy road; 157 large homes and 359 houses within 800 m",cd76204f-1161-4f82-ab01-040ecf1bf9ba,3856251957;3856249749;5078766805;5078766806,074cf39b-1a07-4d34-83f4-40b12d3cf89c
R14,North Potomac & Rockville,13,R14-S13,Darnestown Rd & Traville Gateway Dr,39.096105,-77.20139,stoplight,,,60,MD/DC,True,50,Set back from the corner so drivers stopped at the light can read it.,R14-G2,Muddy Branch & Diamondback,1,5.74,2.5,0.24,0,0,3.0,True,stoplight,R14-G2,29,traffic light here (OpenStreetMap); on a busy road; 29 large homes and 60 houses within 800 m,,1069591441,ff77febd-bd69-4257-a839-493cc25c3b3f
R14,North Potomac & Rockville,14,R14-S14,Great Seneca Hwy & Medical Center Dr,39.09855,-77.204487,stoplight,,,105,MD/DC,True,50,Set back from the corner so drivers stopped at the light can read it.,R14-G2,Muddy Branch & Diamondback,2,5.59,2.5,0.09,0,0,3.0,True,stoplight,R14-G2,11,traffic light here (OpenStreetMap); on a busy road; 11 large homes and 105 houses within 800 m,,49256084;2276791889;11506542830;2276791904,8f2a9efe-1bca-4f85-a9bc-d1e05a513251
R14,North Potomac & Rockville,15,R14-S15,Travilah Rd & Darnestown Rd,39.097042,-77.207229,shopping center,Travilah Square,12,216,MD/DC,True,50,"Use the corner at the entrance, not the private lot.",R14-G2,Muddy Branch & Diamondback,3,7.38,2.5,0.38,4.5,0,0,False,quarter-mile on Darnestown Road,R14-G2,46,Travilah Square (shopping center) is 12 m away; Trader Joe's (grocery / big-box anchor) is 67 m away; on a busy road; 46 large homes and 216 houses within 800 m,07fc04e5-1f28-4386-84b0-79a8e3839748;e6fae46c-b42e-4eb0-8bc4-f929e20811a4,,2f568b39-cb44-46ec-8908-87b18a96ce00
R14,North Potomac & Rockville,16,R14-S16,Darnestown Rd & Yearling Dr,39.099044,-77.21123,strip center,소명교회 - SoMyoung Church,104,287,MD/DC,True,50,"Use the corner at the entrance, not the private lot.",R14-G2,Muddy Branch & Diamondback,4,7.23,2.5,0.76,3.5,0.47,0,False,top score,R14-G2,91,소명교회 - SoMyoung Church (church) is 104 m away; 8 storefronts within 150 m (strip center); entrance to a neighborhood of about 187 homes with 4 entrances; on a busy road; 91 large homes and 287 houses within 800 m,4cc5ae33-7877-4d87-b235-e86c184766b1,,7e468544-2c78-4368-b389-46405399615c
R14,North Potomac & Rockville,17,R14-S17,Key West Ave & Darnestown Rd,39.100534,-77.213413,stoplight,,,298,MD/DC,True,50,Set back from the corner so drivers stopped at the light can read it.,R14-G2,Muddy Branch & Diamondback,5,6.67,3,0.67,0,0,3.0,True,stoplight,R14-G2,80,traffic light here (OpenStreetMap); on a main road; 80 large homes and 298 houses within 800 m,,900040525;648285673,65d40036-3c82-40e6-ac8d-4b3b63f46b0a
R14,North Potomac & Rockville,18,R14-S18,Key West Ave & Great Seneca Hwy,39.103376,-77.206364,stoplight,,,81,MD/DC,True,50,Set back from the corner so drivers stopped at the light can read it.,R14-G2,Muddy Branch & Diamondback,6,6.08,3,0.07,0,0,3.0,True,stoplight,R14-G2,9,traffic light here (OpenStreetMap); on a main road; 9 large homes and 81 houses within 800 m,,2496854213;49299979;2496854226;869820344,d736d973-a1b5-4644-ade2-62f206d3b6de
R14,North Potomac & Rockville,19,R14-S19,Great Seneca Hwy & Decoverly Dr,39.106005,-77.208346,busy intersection,,,144,MD/DC,True,50,,R14-G2,Muddy Branch & Diamondback,7,3.3,3,0.3,0,0,0,False,quarter-mile on Decoverly Drive,R14-G2,36,on a main road; 36 large homes and 144 houses within 800 m,,,b18ba239-7b06-46ce-ab79-f8bd9193106b
R14,North Potomac & Rockville,20,R14-S20,Sam Eig Hwy & Great Seneca Hwy,39.108594,-77.212446,stoplight,,,237,MD/DC,True,50,Set back from the corner so drivers stopped at the light can read it.,R14-G2,Muddy Branch & Diamondback,8,6.53,3,0.53,0,0,3.0,True,stoplight,R14-G2,64,traffic light here (OpenStreetMap); on a main road; 64 large homes and 237 houses within 800 m,,49204536;49204534;869820363;869820319,35be49dc-e116-4da0-9a1e-98eefe0777f7
R14,North Potomac & Rockville,21,R14-S21,Darnestown Rd & Muddy Branch Rd,39.102725,-77.220614,stoplight,,,661,MD/DC,True,50,Set back from the corner so drivers stopped at the light can read it.,R14-G2,Muddy Branch & Diamondback,9,6.76,3,0.76,0,0,3.0,True,stoplight,R14-G2,91,traffic light here (OpenStreetMap); on a main road; 91 large homes and 661 houses within 800 m,,49194250;1065042158;900040539,2812fefd-db95-487c-9c58-fa92abd26abf
R14,North Potomac & Rockville,22,R14-S22,Great Seneca Hwy & Muddy Branch Rd,39.110159,-77.217479,stoplight,,,523,MD/DC,True,50,Set back from the corner so drivers stopped at the light can read it.,R14-G2,Muddy Branch & Diamondback,10,6.83,3,0.82,0,0,3.0,True,stoplight,R14-G2,99,traffic light here (OpenStreetMap); on a main road; 99 large homes and 523 houses within 800 m,,869820373;1065042023;49211891;1065042027,8ef88826-652c-4939-8aa0-2c6351ad754a
R14,North Potomac & Rockville,23,R14-S23,Muddy Branch Rd & Diamondback Dr,39.115186,-77.21573,stoplight,,,324,MD/DC,True,50,Set back from the corner so drivers stopped at the light can read it.,R14-G2,Muddy Branch & Diamondback,11,8.19,2.5,0.69,2.0,0,3.0,True,stoplight,R14-G2,83,traffic light here (OpenStreetMap); 7 storefronts within 150 m (strip center); on a busy road; 83 large homes and 324 houses within 800 m,,1065042205;49211912;1069591484;1069591349,0ed6ca64-1930-4d23-95ee-1a96aa828c15
R14,North Potomac & Rockville,24,R14-S24,Muddy Branch Rd & School Dr,39.117662,-77.21702,school,Fields Road Elementary School,214,277,MD/DC,True,50,"Use the public corner near the school, not school grounds.",R14-G2,Muddy Branch & Diamondback,12,6.62,2.5,0.62,3.5,0,0,False,school,R14-G2,74,Fields Road Elementary School (school) is 214 m away; Muddy Branch Park (park / playground) is 78 m away; on a busy road; 74 large homes and 277 houses within 800 m,ea1dcbf4-7620-4a03-abf1-0b9235b50b6e;9318bf75-701c-44e4-94be-593e18f70f7f,,cb2dfab5-128b-46c2-99ec-41b2fce44191
R14,North Potomac & Rockville,25,R14-S25,Great Seneca Hwy & High Gables Dr,39.115775,-77.223385,busy intersection,,,611,MD/DC,True,50,,R14-G3,Main St & Bright Meadow Ln,1,4.46,3,1.33,0,0.13,0,False,quarter-mile on Great Seneca Highway,R14-G3,160,entrance to a neighborhood of about 51 homes with 4 entrances; on a main road; 160 large homes and 611 houses within 800 m,,,92a1041d-5ccf-46fb-8b53-b5c8d0659ebb
R14,North Potomac & Rockville,26,R14-S26,Great Seneca Hwy & Lakelands Dr,39.12063,-77.225316,preschool,Bright Bees Family Childcare,144,429,MD/DC,True,50,"Use the public corner, not the property.",R14-G3,Main St & Bright Meadow Ln,2,5.33,3,0.57,1.5,0.26,0,False,quarter-mile on Great Seneca Highway,R14-G3,68,Bright Bees Family Childcare (preschool) is 144 m away; entrance to a neighborhood of about 1855 homes with 72 entrances; on a main road; 68 large homes and 429 houses within 800 m,6ac6377c-2d4e-421a-88e9-167b12e15d61,,311e9a24-3fa8-4856-9898-7d1f6067604b
R14,North Potomac & Rockville,27,R14-S27,Main St & Bright Meadow Ln,39.116317,-77.232327,school,Lakelands Park Middle School,119,553,MD/DC,True,50,"Use the public corner near the school, not school grounds.",R14-G3,Main St & Bright Meadow Ln,3,6.98,2,0.97,3.75,0.26,0,False,school,R14-G3,116,Lakelands Park Middle School (school) is 119 m away; Restoration Church (church) is 97 m away; entrance to a neighborhood of about 1855 homes with 72 entrances; on a collector road; 116 large homes and 553 houses within 800 m,d50ced0f-ce8d-4868-9cc1-c482a9091063;d405aec2-7e98-431a-a429-963852161dae,,088d1b86-e20d-4038-a448-12e18fae5923
R14,North Potomac & Rockville,28,R14-S28,Main St & Kersten St,39.117057,-77.236102,preschool,Shaare Torah Nursery School,47,670,MD/DC,True,50,"Use the public corner, not the property.",R14-G3,Main St & Bright Meadow Ln,4,5.57,2,0.81,2.5,0.26,0,False,top score,R14-G3,97,Shaare Torah Nursery School (preschool) is 47 m away; Billy's Playground (park / playground) is 143 m away; entrance to a neighborhood of about 1855 homes with 72 entrances; on a collector road; 97 large homes and 670 houses within 800 m,c4b18485-bb8d-4fe4-81c5-1b32372acb71;a04f0a33-b3f8-4760-9c7d-cf8dd6259a33;b3048ea2-385a-4afb-b840-e312f37a1812,,5de2cb24-2908-4245-a5c8-22c0c27095c6
R14,North Potomac & Rockville,29,R14-S29,Main St & Center Point Way,39.121606,-77.238083,grocery / big-box anchor,Whole Foods Market,116,502,MD/DC,True,50,"Use the corner at the entrance, not the private lot.",R14-G3,Main St & Bright Meadow Ln,5,6.33,2,0.32,3.75,0.26,0,False,top score,R14-G3,38,"Whole Foods Market (grocery / big-box anchor) is 116 m away; Power Chapel the Rock, Maryland branch (church) is 144 m away; entrance to a neighborhood of about 1855 homes with 72 entrances; on a collector road; 38 large homes and 502 houses within 800 m",b72ab490-27fb-4908-8b59-d4ed9ef730d1;14348985-4e94-48bf-b204-12bc7aa2a22b,,4962adba-ede1-4080-be6e-9ab1ec2f2010
R14,North Potomac & Rockville,30,R14-S30,Tschiffely Square Rd & Otis Way,39.121228,-77.244149,swim club / pool,Kentlands Pool,231,565,MD/DC,True,50,,R14-G3,Main St & Bright Meadow Ln,6,5.26,2,0.5,2.5,0.26,0,False,top score,R14-G3,60,Kentlands Pool (swim club / pool) is 231 m away; entrance to a neighborhood of about 1855 homes with 72 entrances; on a collector road; 60 large homes and 565 houses within 800 m,85a9f0f1-6f51-4974-acb9-18d9ffd14dd8,,6bacae52-3382-49b6-bb6b-9aa234c913f4
R14,North Potomac & Rockville,31,R14-S31,Tschiffely Square Rd & Kent Gardens Cir,39.11767,-77.245251,church,The Church of Jesus Christ of Latter-day Saints,29,643,MD/DC,True,50,,R14-G3,Main St & Bright Meadow Ln,7,5.16,2,0.65,2.25,0.26,0,False,top score,R14-G3,78,The Church of Jesus Christ of Latter-day Saints (church) is 29 m away; LDS Chapel (church) is 50 m away; entrance to a neighborhood of about 1855 homes with 72 entrances; on a collector road; 78 large homes and 643 houses within 800 m,6d237088-ba97-4c6f-9bbf-29686b208ecb;ccbffee1-f719-4ac6-bb7b-13960b26369b,,9e167b54-d593-4691-8e9a-19f7300ed4e4
R14,North Potomac & Rockville,32,R14-S32,Darnestown Rd & Quince Trace Ter,39.114024,-77.243514,church,Pleasant View Church,141,650,MD/DC,True,50,,R14-G3,Main St & Bright Meadow Ln,8,6.27,3,0.74,2.25,0.28,0,False,top score,R14-G3,89,Pleasant View Church (church) is 141 m away; Mt of Olives Church (church) is 84 m away; entrance to a neighborhood of about 28 homes with 1 entrances; on a main road; 89 large homes and 650 houses within 800 m,e2f487f3-e783-439e-86e6-424042c6df84;e1cadd82-aca9-4dde-b89a-1ce470195a5f,,a7a05de3-3851-453c-bb1b-757819c6520f
R14,North Potomac & Rockville,33,R14-S33,Darnestown Rd & Main St,39.112189,-77.240681,stoplight,,,540,MD/DC,True,50,Set back from the corner so drivers stopped at the light can read it.,R14-G3,Main St & Bright Meadow Ln,9,6.92,3,0.66,0,0.26,3.0,True,stoplight,R14-G3,79,traffic light here (OpenStreetMap); entrance to a neighborhood of about 1855 homes with 72 entrances; on a main road; 79 large homes and 540 houses within 800 m,,1170540326;49194118,1256b7f7-2dc5-4d26-80a5-7b9dadb04b51
R14,North Potomac & Rockville,34,R14-S34,Darnestown Rd & Edison Park Dr,39.109843,-77.23787,school,Stonemill Elementary School,221,562,MD/DC,True,50,"Use the public corner near the school, not school grounds.",R14-G3,Main St & Bright Meadow Ln,10,6.89,3,0.89,3.0,0,0,False,school,R14-G3,107,Stonemill Elementary School (school) is 221 m away; on a main road; 107 large homes and 562 houses within 800 m,6bed8b6b-8a4f-4cba-8556-05a15e6eb7f1,,c2d500f6-e65c-4632-95c2-8346aa14b626
R14,North Potomac & Rockville,35,R14-S35,Darnestown Rd & Alderwood Dr,39.10652,-77.233382,neighborhood entrance,,,764,MD/DC,True,50,,R14-G3,Main St & Bright Meadow Ln,11,5.83,3,1.18,0,1.66,0,False,quarter-mile on Darnestown Road,R14-G3,141,entrance to a neighborhood of about 1327 homes with 8 entrances; on a main road; 141 large homes and 764 houses within 800 m,,,2d418e6b-210e-4210-a595-cef5ee59c466
R14,North Potomac & Rockville,36,R14-S36,Silent Valley Ln & Dufief Dr,39.101428,-77.238494,school,DuFief Elementary School,70,776,MD/DC,True,50,"Use the public corner near the school, not school grounds.",R14-G4,Travilah & Lake Winds Way,1,4.85,0.5,0.6,3.75,0,0,False,school,R14-G4,72,DuFief Elementary School (school) is 70 m away; Academy Child Development Center At Dufief Center (preschool) is 127 m away; on a neighborhood street; 72 large homes and 776 houses within 800 m,7392cd16-ab84-4e67-89b9-42ad6198857a;1a322395-3fce-48e6-b79a-1e77a4c019c4,,148a6749-208d-4896-850e-c76b2e9de9a9
R14,North Potomac & Rockville,37,R14-S37,Darnestown Rd & Treworthy Rd,39.103411,-77.225889,neighborhood entrance,,,933,MD/DC,True,50,,R14-G4,Travilah & Lake Winds Way,2,6.0,3,0.96,0,2.04,0,False,quarter-mile on Darnestown Road,R14-G4,115,entrance to a neighborhood of about 204 homes with 1 entrances; on a main road; 115 large homes and 933 houses within 800 m,,,0526fed0-9a98-4a28-b6d0-0f846986784b
R14,North Potomac & Rockville,38,R14-S38,Muddy Branch Rd & Dufief Mill Rd,39.10018,-77.22501,preschool,Georgetown Hill Early School,38,852,MD/DC,True,50,"Use the public corner, not the property.",R14-G4,Travilah & Lake Winds Way,3,4.77,2.5,0.77,1.5,0,0,False,quarter-mile on Dufief Mill Road,R14-G4,92,Georgetown Hill Early School (preschool) is 38 m away; on a busy road; 92 large homes and 852 houses within 800 m,613eea04-096f-490b-a590-20d5c5e30397,,f6d2b7b7-0d1a-4e05-92b4-f4b3735e0de9
R14,North Potomac & Rockville,39,R14-S39,Stonebridge View Dr & Tuckahoe Way,39.096347,-77.219589,neighborhood entrance,,,849,MD/DC,True,50,,R14-G4,Travilah & Lake Winds Way,4,4.99,2,1.33,0,1.66,0,False,top score,R14-G4,160,entrance to a neighborhood of about 1327 homes with 8 entrances; on a collector road; 160 large homes and 849 houses within 800 m,,,ad50480c-95e5-4714-91ad-370ee20ac985
R14,North Potomac & Rockville,40,R14-S40,Dufief Mill Rd & Dufief Dr,39.097832,-77.228498,neighborhood entrance,,,954,MD/DC,True,50,,R14-G4,Travilah & Lake Winds Way,5,4.94,2.5,0.78,0,1.66,0,False,quarter-mile on Dufief Mill Road,R14-G4,94,entrance to a neighborhood of about 1327 homes with 8 entrances; on a busy road; 94 large homes and 954 houses within 800 m,,,be8516e1-58d7-43a5-bab0-38ff41c4f1c8
R14,North Potomac & Rockville,41,R14-S41,Dufief Mill Rd & Flints Grove Ln,39.093738,-77.233032,neighborhood entrance,,,980,MD/DC,True,50,,R14-G4,Travilah & Lake Winds Way,6,5.74,2.5,1.57,0,1.66,0,False,quarter-mile on Dufief Mill Road,R14-G4,189,entrance to a neighborhood of about 1327 homes with 8 entrances; on a busy road; 189 large homes and 980 houses within 800 m,,,a8ba70d9-807e-4193-90b8-0c4e8016b597
R14,North Potomac & Rockville,42,R14-S42,Dufief Mill Rd & Frances Green Dr,39.091075,-77.23468,neighborhood entrance,,,936,MD/DC,True,50,,R14-G4,Travilah & Lake Winds Way,7,4.96,2.5,1.64,0,0.82,0,False,top score,R14-G4,197,entrance to a neighborhood of about 82 homes with 1 entrances; on a busy road; 197 large homes and 936 houses within 800 m,,,b2c083bb-ca31-4d67-9d48-77b2480451b0
R14,North Potomac & Rockville,43,R14-S43,Travilah Rd & Lake Winds Way,39.085124,-77.224548,strip center,,,675,MD/DC,True,50,"Use the corner at the entrance, not the private lot.",R14-G4,Travilah & Lake Winds Way,8,6.32,2.5,1.27,2.0,0.55,0,False,quarter-mile on Lake Winds Way,R14-G4,152,6 storefronts within 150 m (strip center); entrance to a neighborhood of about 164 homes with 3 entrances; on a busy road; 152 large homes and 675 houses within 800 m,,,87e07792-40c1-4234-b261-a02b29076607
R14,North Potomac & Rockville,44,R14-S44,Travilah Rd & Welland Ter,39.084083,-77.22879,neighborhood entrance,Pines Community Bible Church,81,707,MD/DC,True,50,,R14-G5,Travilah & Dufief Mill,1,6.58,2.5,1.43,2.0,0.65,0,False,quarter-mile on Travilah Road,R14-G5,172,Pines Community Bible Church (church) is 81 m away; Big Pines Park (park / playground) is 102 m away; entrance to a neighborhood of about 65 homes with 1 entrances; on a busy road; 172 large homes and 707 houses within 800 m,ea12b0ad-9d1b-4eee-a356-6af701876305;e803c946-7714-452a-99a7-bf968051c664,,78a4bca7-f435-48ba-b3af-96a2465e8158
R14,North Potomac & Rockville,45,R14-S45,Travilah Rd & Potomac Oaks Dr,39.082134,-77.234657,neighborhood entrance,,,656,MD/DC,True,50,,R14-G5,Travilah & Dufief Mill,2,4.4,2.5,1.35,0,0.55,0,False,quarter-mile on Travilah Road,R14-G5,162,entrance to a neighborhood of about 164 homes with 3 entrances; on a busy road; 162 large homes and 656 houses within 800 m,,,769ea88e-ffda-4d8b-bbbe-8c3df991d6ff
R14,North Potomac & Rockville,46,R14-S46,Dufief Mill Rd & Pleasant Meadow Dr,39.088857,-77.23597,neighborhood entrance,,,897,MD/DC,True,50,,R14-G5,Travilah & Dufief Mill,3,5.13,2.5,1.73,0,0.91,0,False,quarter-mile on Dufief Mill Road,R14-G5,207,entrance to a neighborhood of about 91 homes with 1 entrances; on a busy road; 207 large homes and 897 houses within 800 m,,,a54e07be-c61a-45fc-a64d-75d35aea341b
R14,North Potomac & Rockville,47,R14-S47,Paramus Dr & Moorestown Pl,39.088638,-77.241149,school,Wootton High School,288,759,MD/DC,True,50,"Use the public corner near the school, not school grounds.",R14-G5,Travilah & Dufief Mill,4,3.78,0.5,1.28,2.0,0,0,False,school,R14-G5,154,Wootton High School (school) is 288 m away; on a neighborhood street; 154 large homes and 759 houses within 800 m,fb53111a-d9b0-44b8-add7-c1e6775fdaac,,62574870-d56a-4502-abbe-0b15ef75838c
R14,North Potomac & Rockville,48,R14-S48,Dufief Mill Rd & Saddle River Dr,39.086196,-77.239303,neighborhood entrance,,,830,MD/DC,True,50,,R14-G5,Travilah & Dufief Mill,5,4.67,2.5,1.19,0,0.98,0,False,quarter-mile on Dufief Mill Road,R14-G5,143,entrance to a neighborhood of about 196 homes with 2 entrances; on a busy road; 143 large homes and 830 houses within 800 m,,,0ee2c745-17f2-4949-8683-505e85f7de60
R14,North Potomac & Rockville,49,R14-S49,Travilah Rd & Natia Manor Dr,39.080387,-77.240051,neighborhood entrance,,,599,MD/DC,True,50,,R14-G5,Travilah & Dufief Mill,6,3.87,2.5,0.97,0,0.4,0,False,quarter-mile on Travilah Road,R14-G5,116,entrance to a neighborhood of about 120 homes with 3 entrances; on a busy road; 116 large homes and 599 houses within 800 m,,,d42b3460-bf2a-4a91-960c-83bfa8ed1152
R14,North Potomac & Rockville,50,R14-S50,Dufief Mill Rd & Riding Loop Dr,39.084697,-77.245864,neighborhood entrance,,,604,MD/DC,True,50,,R14-G5,Travilah & Dufief Mill,7,4.96,2.5,1.12,0,1.33,0,False,quarter-mile on Dufief Mill Road,R14-G5,135,entrance to a neighborhood of about 133 homes with 1 entrances; on a busy road; 135 large homes and 604 houses within 800 m,,,860e5afb-ae5e-4620-98aa-8caad3cc8cf5
R14,North Potomac & Rockville,51,R14-S51,Travilah Rd & Dufief Mill Rd,39.081527,-77.249748,school,Travilah Elementary School,138,397,MD/DC,True,50,"Use the public corner near the school, not school grounds.",R14-G5,Travilah & Dufief Mill,8,7.02,2.5,1.52,3.0,0,0,False,school,R14-G5,182,Travilah Elementary School (school) is 138 m away; on a busy road; 182 large homes and 397 houses within 800 m,77855b9f-f094-4bf7-a1cc-556661405011,,b8007a04-12d2-44ac-a166-b0f435ef9023
R14,North Potomac & Rockville,52,R14-S52,Travilah Rd & Split Creek Ct,39.077548,-77.257558,busy intersection,,,202,MD/DC,True,50,,R14-G5,Travilah & Dufief Mill,9,4.09,2.5,1.39,0,0.2,0,False,quarter-mile on Travilah Road,R14-G5,167,entrance to a neighborhood of about 81 homes with 4 entrances; on a busy road; 167 large homes and 202 houses within 800 m,,,d05149d4-b5f8-4dda-a726-cc65632ff3a6
R14,North Potomac & Rockville,53,R14-S53,Travilah Rd & Briarbush Ln,39.073246,-77.260093,busy intersection,,,165,MD/DC,True,50,,R14-G5,Travilah & Dufief Mill,10,3.88,2.5,1.12,0,0.25,0,False,quarter-mile on Travilah Road,R14-G5,135,entrance to a neighborhood of about 25 homes with 1 entrances; on a busy road; 135 large homes and 165 houses within 800 m,,,479a2f10-da66-4788-bbff-a74648c1d3fc
R14,North Potomac & Rockville,54,R14-S54,Piney Meetinghouse Rd & Boswell Ln,39.07229,-77.22471,neighborhood entrance,,,302,MD/DC,True,50,,R14-G5,Travilah & Dufief Mill,11,4.3,2.5,1.14,0,0.66,0,False,quarter-mile on Piney Meetinghouse Road,R14-G5,137,entrance to a neighborhood of about 397 homes with 6 entrances; on a busy road; 137 large homes and 302 houses within 800 m,,,6790085e-a2f8-4a65-b8e7-a07e67a4c751
R14,North Potomac & Rockville,55,R14-S55,Piney Meetinghouse Rd & Deerbrook Dr,39.075202,-77.222705,neighborhood entrance,,,373,MD/DC,True,50,,R14-G5,Travilah & Dufief Mill,12,4.51,2.5,1.35,0,0.66,0,False,quarter-mile on Piney Meetinghouse Road,R14-G5,162,entrance to a neighborhood of about 397 homes with 6 entrances; on a busy road; 162 large homes and 373 houses within 800 m,,,42734ce0-bca5-4d44-8963-f56b3130f95b
R14,North Potomac & Rockville,56,R14-S56,Quince Orchard Rd & Turley Dr,39.10733,-77.252143,neighborhood entrance,Quince Orchard Knolls Park,346,822,MD/DC,True,50,,R14-G6,Darnestown & Quince Orchard,1,5.24,2,1.19,1.0,1.05,0,False,top score,R14-G6,143,Quince Orchard Knolls Park (park / playground) is 346 m away; entrance to a neighborhood of about 420 homes with 4 entrances; on a collector road; 143 large homes and 822 houses within 800 m,707d09f0-9c0b-4c64-aa93-1c32c7b23263,,1bc09462-62b0-4bf6-9db8-d1198c2ca60c
R14,North Potomac & Rockville,57,R14-S57,Darnestown Rd & Blackberry Dr,39.116408,-77.247895,school,Rachel Carson Elementary School,90,685,MD/DC,True,50,"Use the public corner near the school, not school grounds.",R14-G6,Darnestown & Quince Orchard,2,7.16,3,0.85,3.0,0.31,0,False,school,R14-G6,102,Rachel Carson Elementary School (school) is 90 m away; entrance to a neighborhood of about 92 homes with 3 entrances; on a main road; 102 large homes and 685 houses within 800 m,307d672e-3f01-49b4-b29e-36784b31a3fc,,affef487-4f53-4df9-b2a6-13d6359d25ab
R14,North Potomac & Rockville,58,R14-S58,Darnestown Rd & Quince Orchard Rd,39.117758,-77.25265,stoplight,,,779,MD/DC,True,50,Set back from the corner so drivers stopped at the light can read it.,R14-G6,Darnestown & Quince Orchard,3,9.07,3,1.07,2.0,0,3.0,True,stoplight,R14-G6,128,traffic light here (OpenStreetMap); 28 storefronts within 150 m (strip center); on a main road; 128 large homes and 779 houses within 800 m,,1170540373;1170540376;49194089;849193207,3eff988e-6b55-46c3-bf14-6335b2b2e165
R14,North Potomac & Rockville,59,R14-S59,Quince Orchard Rd & Pissaro Dr,39.114488,-77.252946,library / rec center,Montgomery County Public Libraries,181,754,MD/DC,True,50,,R14-G6,Darnestown & Quince Orchard,4,7.5,2,1.24,4.0,0.26,0,False,top score,R14-G6,149,Montgomery County Public Libraries (library / rec center) is 181 m away; Quince Orchard Library (library / rec center) is 164 m away; entrance to a neighborhood of about 1855 homes with 72 entrances; on a collector road; 149 large homes and 754 houses within 800 m,20a95328-0cf4-4810-9fec-449c5a5a931c;b0987cd0-0bec-4678-acbd-5a3fa390e0fa;58968698-a0a6-43e5-b793-cf99f9492dc7,,85285604-514c-4fc1-b0c1-bce9fa18d7f2
R14,North Potomac & Rockville,60,R14-S60,Jones Ln & Falconbridge Dr,39.103973,-77.26448,school,Jones Lane Elementary School,152,638,MD/DC,True,50,"Use the public corner near the school, not school grounds.",R14-G6,Darnestown & Quince Orchard,5,7.15,2,1.04,3.0,1.11,0,False,school,R14-G6,125,Jones Lane Elementary School (school) is 152 m away; entrance to a neighborhood of about 775 homes with 7 entrances; on a collector road; 125 large homes and 638 houses within 800 m,8e5105d8-375f-472b-9bde-8e993b165785,,80de03d2-e243-4ca7-88b4-715acdfd5717
